52341671111111	3425792	OK	B R' B2 R' D' B' R D2 B R' D
12745631111111	3407117	OK	B R' B R B' D2 B' R' B' R D2
41752632313211	3892971	OK	B2 R B' R D R2 B' R B D2 B'
21354672313211	3892340	OK	B2 R B' D R D2 B' R D R2 D'
54721631111111	4068454	OK	B2 R' B R' D' B R2 B R B D'
14325671111111	4053916	OK	B2 R' B R D B2 D R' B' R D'
15642371111111	2268415	OK	R2 D R' B D B2 R' D B D2 B'
75246311111111	2280211	OK	R2 D R' D B D2 R' D R B2 R'
47265312313211	2953418	OK	R' D R' D B D2 R' D R B2 R'
45312672313211	3334820	OK	B R2 B' R' D R2 B' D' B R' D2
41625372313211	2941479	OK	R' D R' B D B2 R' D B D2 B'
25714632313211	3352383	OK	B R2 B' D' B D2 R' B' D R' B2
45176233131113	2146272	OK	R2 B D' R B' R B R2 D2 B2 R
25314673111313	2184337	OK	R2 B D' B R' B R B2 D2 R2 B
56147231222132	2152821	OK	R2 B D' B R2 B2 D' R D' R' D
54321673313321	2110126	OK	R2 B R' D B2 D2 R' D B' R' B
25314673131311	2129188	OK	R2 B R' D B' R D B2 R2 D2 B
53162743312223	2587109	OK	R' B R' B D R2 B' D R B2 R'
25314673111331	2100962	OK	R2 B R2 D2 B2 R B D' R D' B
45176231131313	2079617	OK	R2 B R' B R' B D R2 B2 D2 R
45176231133113	2110960	OK	R2 B D2 R2 B2 D R B' R B' R
54321673323311	2170185	OK	R2 B D' R' D B' R2 D2 R D' B
76543211111111	2398669	OK	R2 D' R B R B2 R D' B' R B'
51342763312223	2589350	OK	R' B R' D R B2 D' R D R2 D'
45176231331113	2061169	OK	R2 B R2 D2 B2 R B R' B D' R
54217362233213	2211470	OK	R2 B' R2 B R' D B' R2 B' R B'
54321673313312	2099268	OK	R2 B R' B' D B' D2 R2 D R' B
16345271111111	2399074	OK	R2 D' R B' R' D R2 D B D B'
26154372332213	2270783	OK	R2 B' D2 B R' D R' B2 R' B R'
24751362321113	2338778	OK	R2 D B2 R2 D' R' D R' B R2 B
64157321133212	2276579	OK	R2 D R2 B2 D' R' D B' R B2 R
52763413223312	2129272	OK	R2 B D' R B2 R2 D' R D' B' R
52763413222112	2144343	OK	R2 B D' B' D B' R2 D2 R B' R
74256313111232	2284920	OK	R2 D R2 B2 D' B' D B' R D2 R
13754262123323	2280929	OK	R2 B' D' R B' D R2 D R' D R2
32456711233133	2339566	OK	R2 D B2 R2 D' B' R B' R B2 R
52763411222312	2079735	OK	R2 B R' D' R B' R2 D2 R D' R
65732411333123	2094379	OK	R2 B D2 R2 B2 D R D' B D' R
64325713121222	2061501	OK	R2 B D' B R' D' R D2 R B R'
23671452122333	2215143	OK	R2 B' R' B R' D B2 D R' D B2
52763413322312	2063863	OK	R2 B R' B R2 B2 D' R B' D' R
41765322313211	2284045	OK	R2 D2 R B' R B R2 D' B D B2
36725413131311	1681315	OK	R B' D2 B' D' B D' B R' D2 R2
12345673132313	1723789	OK	R B' D2 B' R' B D' R D' R2 D2
52314673311311	2291043	OK	R2 D B' R' D' B D2 R' B D2 B'
35721642221213	2054351	OK	R2 B D' R B' D' R D2 R D R'
34162752132212	2015714	OK	R2 B D R' B D' R D' R D2 B
46257313312211	2265743	OK	R2 D R' D B R2 B R2 D2 B D
12345673231313	1656960	OK	R B' R2 B' R' D B' R D' R2 D2
54217632132212	1994681	OK	R2 B R' B R' D' B R2 B D R'
25731642232211	1990519	OK	R2 B R' B D R' B2 R' D2 R D
25341673113311	2242024	OK	R2 D R' B' D' B R2 D' B R2 B'
45176321131133	2242220	OK	R2 D R' D' B' D R2 B' R D2 R'
24615372213311	2254309	OK	R2 D R' B D R2 D B2 R2 D B
75243162211322	2060395	OK	R2 B2 R B2 R2 B R2 D' R2 D2 B
25631741212121	1988930	OK	R2 B R' D B' D' R B2 R B D'
72561433311233	1817812	OK	R D2 R2 D R' D R' B R' D B2
47165321322131	2116722	OK	R2 B2 D2 B' R D' R2 B' R B' R2
57214632212213	1986122	OK	R2 B R' D R B' R2 B' R2 B R
27546312231122	2064789	OK	R2 B2 R D2 R2 D B2 R' D2 R2 B
32147652233213	1764345	OK	R D B2 R2 D2 B R B' D R' D'
34561272212213	1775247	OK	R D B2 R2 D2 B R D' B R' D'
12367451312222	1833918	OK	R D2 R2 D B' D R' D B' D R2
74513263121222	1969661	OK	R2 B R D' B D' B R' D R2 B
23165743331312	2127104	OK	R2 B2 D2 B' R B' R2 D' B D' R2
24615733113323	2018153	OK	R2 B D2 R2 B2 R' D B' D B2 D'
36725413111313	1610323	OK	R B' R2 B' D' B R' B R' D2 R2
53672142221213	1968973	OK	R2 B R B' D B' D R' D B2 R
76254133311323	2013332	OK	R2 B D2 R2 B' R' D B' D R2 D
41532672313211	2065140	OK	R2 B' R D R' D2 R' D' B' D B2
23165742131333	2130200	OK	R2 B2 D2 B' D B' R2 D' R D' R2
63725143123313	2131162	OK	R2 B2 D2 B' D R' D2 B' R D' B2
24615731132333	1967176	OK	R2 B R2 D2 B2 D' B R' D B2 D'
32145671111111	2062060	OK	R2 B' R B' D' B D2 B D R D'
71625433213133	2003335	OK	R2 B D B' D B' R B' R B2 D
42351763231133	2018227	OK	R2 B D2 R2 B' D' R B' D R2 D
35267141321132	2502261	OK	R' B D R' B2 R D' B R D2 B2
47352612313211	2079157	OK	R2 B' R2 B' R' D' R D2 B D' B
34561272232211	1717092	OK	R D R2 B2 D2 R D R' D B' D'
54367212211322	1726517	OK	R D R2 D2 R B R2 B2 R' D2 B
54367211213333	1774183	OK	R D B2 D2 B D R2 D2 R' D2 B
54312673311311	2085220	OK	R2 B' R D B2 D' R B2 D' R2 D
45321673113311	2125225	OK	R2 B' D R B2 R' B R2 D' B2 D
63172452313211	2063092	OK	R2 B' R B R' D2 R' D' R' B D2
32147652332213	1701742	OK	R D R2 B2 D2 R D B' D B' D'
16527431312222	1721129	OK	R D R' B' D R D2 R2 B2 R B'
52741632123323	1718472	OK	R D R2 D2 R B D2 B2 D' B2 R
62135743312223	1932865	OK	R2 B R2 B2 D2 R' B' D R' B R2
61352472313211	2077151	OK	R2 B' R2 B' D' B' D R2 B R' D
12347651111111	2054736	OK	R2 B' R B D B2 D B' D' R D'
76321453311233	1718199	OK	R D R' B R' B R2 D2 B2 R B'
74256311321222	1952367	OK	R2 B R2 D2 B' D' R D' R D2 R
63125741112323	1932351	OK	R2 B R' B D R2 B2 D' R2 D B
74123653132232	1809477	OK	R D2 R2 D B' R B' R B' R B2
42615371313332	1987543	OK	R2 B D2 R2 B2 R' B D' B D2 B'
75314621313212	2495690	OK	R' B D B' D2 B R' B R B2 D2
74165233111313	1486475	OK	R B2 R2 B' R D' R D' R' D2 R'
41635721212121	1775299	OK	R D2 R' D' R D' B R2 B D' B
16543271221223	1831103	OK	R D2 R2 D R' B R' B R' B R2
45376121131133	2067301	OK	R2 B' R B D2 B' R B2 D' B2 D
24751362221231	1963462	OK	R2 B R2 D2 B' R' B D' B R2 B
25413672323111	2450187	OK	R' B R D' B2 D B' D R B2 D2
35624712321212	1608959	OK	R B' D R2 D2 B' D B' R' D B
16254733312223	1638887	OK	R D R2 B' D' R2 D' B R B2 R
24563713121222	1783202	OK	R D2 R' B' R D' B D2 B D' R
46215372313211	1947342	OK	R2 B2 R B' D R D2 B' R D R2
26317451212211	2020107	OK	R2 B2 R' D' R' D B2 D B2 D' R2
25364172311231	2444940	OK	R' B R B' D2 B D' B R B2 D2
74165233231313	1495740	OK	R B2 R2 B' R' B2 R' B' D B' R
36725412111212	1466487	OK	R B2 R D R' B R' B R2 B2 R'
74165233132313	1492945	OK	R B2 R2 B' R' D2 R' D' R D' R
17326452212111	2010926	OK	R2 B2 R' B' R' D R2 D R2 D' R2
14367523311113	1837590	OK	R D' R' B' R B' R' D2 R' D' B
26435712222122	1963384	OK	R2 B R2 D2 B2 D' R D' R B2 R'
63725141112323	1615940	OK	R D R2 B' R B R2 D2 B R' D'
36754123232222	1622863	OK	R B' D B2 D' B R' B D R' B2
56123471331332	1755551	OK	R D B2 D2 B D B2 D2 B' R2 D
34561273313321	1620456	OK	R B' R' D2 B' R D' B2 R2 B' R
12374562111212	1632332	OK	R B' D B2 D2 R' D R' B' R B
76312452212111	1973824	OK	R2 B D' B' D R B' D R2 D' R
74165233131311	1485854	OK	R B2 R2 B' R B' R D' R' B2 R'
12345672321212	1482300	OK	R B D' R2 B' R B2 R B' R' D2
54367213112222	1638739	OK	R B' D R' D2 R B2 R' D2 R D'
71264533231223	1612985	OK	R B' D R2 D' R D' R D R' B2
52741633321223	1640605	OK	R B' D B' R2 B R2 B' D2 B D'
32156741112323	1915190	OK	R2 B R' B D R2 B' D R B2 R'
36725412123212	1468304	OK	R B2 R D B' R B' R B2 R2 B'
12345672121232	1470841	OK	R B D2 B R D' B D' B' R2 B2
76321453323311	1668204	OK	R B' D' R2 D B2 D' B D2 B R'
76321452123323	1626846	OK	R B' D R B2 R B' D2 R2 B R'
61235741313131	1625556	OK	R B' D' B D R D2 R2 B' R B
12367452113333	1645355	OK	R B' D B2 D2 R' D R' B' R B2
74165231121212	1426784	OK	R B D2 B D B' D B' R' B2 R2
34527612231332	1624187	OK	R B' D R2 D2 B' D B' R' D B2
72543613132232	1712718	OK	R D R' D R' B R2 D2 B2 R B'
24731561111111	1883233	OK	R2 B R' B R2 D R' D' B' D2 B'
32647512333233	2016962	OK	R2 B2 R' D' B' R D2 R B2 R' B2
21347562312323	2257016	OK	R2 D2 R B' D B R2 D' R B R2
75462132123212	1559068	OK	R B' R D2 R2 B' D B' D' B R
74165232111212	1446969	OK	R B D' B2 R' B R2 B R' B' D2
24315673311311	1959964	OK	R2 B D' B' D' R D2 B' D R2 D'
14763251221223	1728749	OK	R D R' D' B R D2 R2 B2 R D'
14632571111111	1878043	OK	R2 B R' B2 R' D' B' R D2 B R'
36125743222331	2274702	OK	R2 D B' D' B' R D2 B' R B2 R'
36725412321212	1458734	OK	R B2 R B R' B R' D B2 D2 B'
76321453313312	1612356	OK	R B' R' D2 R B2 R' D R2 D R'
54367213312133	1576471	OK	R B' R B' R2 B R2 B' R2 B R'
76541232131213	1862526	OK	R D' B2 D' R B D R2 D2 R B
12354761112323	1918243	OK	R2 B R' D R B2 D' R D R2 D'
63541271212211	1938422	OK	R2 B D B' R B R2 B2 D' B' R
16527432211322	1572772	OK	R B' R B R' B D2 R2 B' D R2
74165231313131	1406751	OK	R B D2 R B' R2 B' D R' B R2
31564272212111	1944466	OK	R2 B D2 B2 R D' B' D B2 R B
67321451212211	1914159	OK	R2 B R' D' R D R' B R2 B' R
72361542333233	1922895	OK	R2 B D R' D R B2 R2 D' R' B
67132541133311	1808699	OK	R D' R2 B2 R' B2 D B2 D2 B D'
36725413131113	1422376	OK	R B D2 R B' D2 B' D R' D R2
36712542121211	1548858	OK	R B' R B2 R2 D' R B' R' D R
56274312313211	1614633	OK	R D R' D B D2 R' D R B2 R'
72561432213122	1572749	OK	R B' R D2 R2 B' D B' D' B R2
45276131131133	1942502	OK	R2 B D' R' D' R D2 B' D B2 D'
12765432222212	1870186	OK	R D' B2 D' B D R D2 R2 D R
73615241112323	1502689	OK	R B' R B2 D2 R2 B R' B R' D
12345673131323	1414874	OK	R B R2 D B' D2 B' R B' R D2
52614372313211	1605159	OK	R D R' B D B2 R' D B D2 B'
16527431222132	1582362	OK	R B' R D' R B' R D2 R2 D' B2
73624513121132	1806511	OK	R D2 B' D2 R D' B R' B R' D
15324673113311	1903914	OK	R2 B R' D' R' D R2 B' D B2 D'
36725412121211	1461391	OK	R B2 R B D' R B' D R2 D2 R'
16427532333233	1932892	OK	R2 B D2 B2 R B' R' B D2 R D
46127353131323	1577941	OK	R B' R' D R D B2 D2 R' B R
45312673132313	1966925	OK	R2 B2 R D R2 D' R2 D R' B' D2
76254313211111	1966716	OK	R2 B D2 B2 R2 D' B' R B' R D2
45376213131323	1971505	OK	R2 B2 R D B2 D' R2 D B' R' D2
12345672123212	1425312	OK	R B R' B2 D' R B2 R D' R' D2
72543613322312	1660976	OK	R B' D' B2 D B2 D' R D2 R D'
76512343213313	1792390	OK	R D2 B' R2 D R' B R' B D' B
17265433111313	1705373	OK	R D2 R B R' D R' B2 R' B R'
64531271212211	1890683	OK	R2 B R2 B2 D R' D' B D2 R B
76512343332311	1789570	OK	R D2 B' R2 D R' D R' B D' R
36725411313131	1350770	OK	R B R2 B2 R' D' R2 D' B' R B'
36741252122123	1566284	OK	R B' R B2 R2 D' R B' R' D R2
74165232121211	1394089	OK	R B R' D2 B' R D2 R D' B' D2
43675122222122	1623611	OK	R B' D' R D R B2 R2 D' B D
32147651213333	1560392	OK	R B' R D R' B D2 R2 B' R D2
24351761111123	1962109	OK	R2 B D2 B2 R2 D' R' B R' B D2
74165233131323	1387931	OK	R B R' B D' R' B2 R' D' B2 D2
74165231212121	1360740	OK	R B R2 B D R' D B' R' B2 R2
32147562333233	1892462	OK	R2 B R' B' D R D' R D2 R' B
32517463131311	1723010	OK	R D2 R D R' D B' D2 B' D R'
45312673231313	1959532	OK	R2 B2 R B D2 B' R2 B R' B' D2
12456731132321	2168818	OK	R2 D R' B2 R' B' R' D R2 B D'
36725411212121	1359432	OK	R B R2 B D R' D B' R' D2 R2
32416753121222	1643286	OK	R D R2 B' D' B2 D' B D R2 D
36725412121232	1360770	OK	R B R2 B R B2 R2 B' D' R B'
24615732111323	1810690	OK	R D2 B' D2 B D2 R' B D2 B2 D'
74165233131113	1366933	OK	R B R2 B2 R' D' B2 D' R' B D'
26435712322322	1800186	OK	R D2 B' D2 B R2 D' B R2 B2 R'
36725411131313	1369940	OK	R B R2 D B' R2 B' D B' D R2
74165232121112	1357106	OK	R B R2 B R D' R B' R' B2 R2
36725412121112	1360766	OK	R B R2 B R D' R B' R' D2 R2
36145272131213	1805826	OK	R D' R2 D' B R B R2 B2 R B
25341762313223	1921786	OK	R2 B R' D R B2 D2 R' D2 R D
67254311131133	1932536	OK	R2 B D2 B' D2 R D' R2 D B D'
36725411121212	1360136	OK	R B R2 B D B2 D2 B' R' D R'
74165231131313	1388058	OK	R B R' D R' B' R2 B' R' B2 R2
32567412222212	1805145	OK	R D' R2 D' R B R B2 R2 B R
36514272212111	1880505	OK	R2 B R D' R D B2 D2 R' D' R
56347212111221	1992705	OK	R2 B2 R' B R2 D' B' R' D2 B D
54612371112311	1903605	OK	R2 B R2 B2 D2 R' D' R D' B D2
12367451123333	1473085	OK	R B2 R2 B R D' R D' R D' R2
16527431123333	1474071	OK	R B2 R2 B' D' R B' D R' D B2
54367212333113	1487966	OK	R B2 R' B D' R' B R D' B R'
21345762223322	1797141	OK	R D2 B' R2 B R2 D' R D2 R2 D'
76145231122112	1990222	OK	R2 B2 R' B D2 R' B' D' B2 R D
76145231221112	1999572	OK	R2 B2 R' D B2 R' B' D' R2 B D
34527612211322	1476247	OK	R B2 R2 B' D R' B R' D B R2
52741632212231	1491595	OK	R B2 R' B R' B' R D R' D B'
24351673311311	1932153	OK	R2 B D2 B' R2 D R' D2 R B D'
23165742131321	1793697	OK	R D2 B' R2 B D2 R' D R2 D2 R'
62351743112123	2166480	OK	R2 D R' B R2 D R' B' D' B2 D'
67354211313113	1997463	OK	R2 B2 R' D B D' R2 B2 R B2 R
72543613223312	1594937	OK	R B' R' B2 R D2 R' B D2 B D'
54367211333213	1493775	OK	R B2 R' D B' R' B R B' D R'
72561433321133	1464710	OK	R B2 R2 B D' R B' D R' D B2
43765212222122	1694323	OK	R D B2 D2 B' R D2 B' D2 B R
63725142123131	1658605	OK	R D B D2 B2 D B R D' R2 D'
67354211333111	1987770	OK	R2 B2 R' B D B' R2 D2 R D2 R
64125371131313	1583747	OK	R B' D2 B R' D R' B2 R' B R'
32147651123333	1447621	OK	R B2 R D R D2 B D' R2 D' R
34527613312133	1472091	OK	R B2 R2 B' D2 R' D B2 D2 B' R'
51267342312233	1560970	OK	R B' D B2 D B' R D' R' B2 D2
34561273321133	1471259	OK	R B2 R2 B D2 R' B R2 B2 R' B'
75231463211123	1677386	OK	R D B2 D' R B' D B2 D' R2 D
13275641112323	1416128	OK	R B2 R' B R' B R' B D' R2 D2
36741252123323	1471274	OK	R B2 R2 B' R D' B R' D R B2
13265741112323	1589520	OK	R D R2 D' B2 R2 D R B' D B2
56123473133132	1571712	OK	R B' R D' R2 D B2 D' B2 D R'
41263751312222	1719320	OK	R D2 R2 D B2 D2 R2 D R2 D2 B'
27643513311233	1730676	OK	R D2 R2 D R2 D2 B2 D B2 D2 R'
14763251222312	1600797	OK	R B' R' B2 D' R B' R2 D2 R' D
76321453233131	1464370	OK	R B2 R2 B R2 D' B R2 B2 R' D'
72543611331332	1605689	OK	R B' D B R' B R2 D2 B' R B2
63542713121333	1508339	OK	R B' R B2 R D' R B' R' D2 B2
51324673113311	1877946	OK	R2 B R2 B' D2 R B' D2 B R D'
47216352131333	1695465	OK	R D B2 D2 B' R B2 D' B2 D R
52163473323332	1984037	OK	R2 B2 R' D R2 B' R' D' R2 B R
72561433321223	1471803	OK	R B2 R2 B' D2 R' D R2 D2 R' D'
71264533231313	1414735	OK	R B D2 B' D2 B D' R2 D' R D2
62435172311132	1641606	OK	R D B R2 B2 R D R D' B2 D'
46153273131131	1802427	OK	R D' R2 B2 R' D2 B D2 B2 D B'
63574212313211	1737773	OK	R D' R B R B2 R D' B' R B'
67154233323332	1425663	OK	R B D' B R2 B2 D' R D' R' D
52741633313321	1425340	OK	R B D' R D' R' B R B' R B2
34527612231122	1421683	OK	R B D2 B2 D' R B2 D R2 D2 R'
32417562113321	1512138	OK	R B' R D' B' D B2 D R D' B
36741253233131	1460245	OK	R B2 R2 B R' D B' D R' B D2
63752411333213	1977695	OK	R2 B2 R' B R D' R2 B2 R B2 R
25471631312213	1542691	OK	R B' D R2 D R' D R' B' R2 D2
12367451213333	1474849	OK	R B2 R2 B' R B' D R' D B D2
34527612331322	1460761	OK	R B2 R2 B D R' D R' D R' D2
54321672212213	1460373	OK	R B D' B R' B R B2 D2 R2 B
32165741111111	1629055	OK	R D B' D B' D B2 D2 B R' B'
63752412333113	1988586	OK	R2 B2 R' D R D' R2 B2 R D2 R
14763253222112	1567380	OK	R B' R B' R B' D B2 D2 B' D2
12367453112222	1485313	OK	R B2 R2 B' R2 D' R B2 R2 B' D'
54367212231122	1428105	OK	R B D2 B2 D B D2 B2 D' R2 B
34561272122321	1483072	OK	R B2 R2 B' D' B R' D R' B R2
65314272313211	1741809	OK	R D' R B' R' D R2 D B D B'
72435163333313	1828221	OK	R D' B D' R2 D' B' D' B R2 D
32147652331322	1466377	OK	R B2 R2 B' R' B R' D B' R B2
46127352131333	1559099	OK	R B' R' B D B D2 B2 R' B D
12367541113331	1709400	OK	R D2 B D2 B' D R' D R' B' R
53714622233111	1504540	OK	R B' R D2 R D' R D' B' R2 D2
56147232332213	1426643	OK	R B D' R B' R B R2 D2 B2 R
63142571132321	2082751	OK	R2 B' D2 R B D2 B R2 B D' B2
16527432331322	1444516	OK	R B2 R B R D2 B R' D2 R' D
31654272313322	1492338	OK	R B' R B2 R D' R B' D2 B R2
52741632212213	1414799	OK	R B D2 R D' R' D2 R' D2 B D'
34561272213122	1408029	OK	R B D B' D2 R2 D R B R' D2
41725361321213	1659384	OK	R D B2 R2 D' R' D R' B R2 B
52763143222331	2114557	OK	R2 B' D B D2 B' R D2 B' D2 B
32674152113333	1706519	OK	R D2 R2 D B2 D2 R2 D' B2 D2 R
41352671222111	1439862	OK	R B D' R' D B' R2 D2 R D' B
54367212332213	1415433	OK	R B D2 R D' B' R2 B' D2 R D'
47251363131113	1522670	OK	R B' R2 B R' D B' R2 B' R B'
36741252122321	1465622	OK	R B2 R2 B R B' R D' R B' D2
34216572213122	1704399	OK	R D2 R2 D R2 D2 B2 D' R2 D2 B
34561273311233	1406676	OK	R B D B' R2 D2 R' D' R B2 D'
41352671212121	1379726	OK	R B R' D B2 D2 R' D B' R' B
36712542121112	1364630	OK	R B R' D2 B2 D B R D' R' B
54321672232211	1404917	OK	R B R' D B' R D B2 R2 D2 B
65132472212231	1950605	OK	R2 B2 R B R2 B' D2 B D' B' R2
72145633312223	1704368	OK	R D2 B R' D B R2 D' R D B2
16527432231122	1392039	OK	R B R' D' B D2 R' B R' D' B
76321452122321	1452697	OK	R B2 R B D B2 R B' R2 B' D
35624712121232	1333613	OK	R B R2 B D2 R' D B D2 B R2
52741633323311	1422526	OK	R B D' R D R2 D B' R2 D2 B
52714361232113	1651121	OK	R D B2 D2 R' B R' B' R D2 B'
52341672323312	1868073	OK	R2 B R2 D B2 D R' B D2 B D
32147651312222	1386893	OK	R B D R' D2 B2 D' R' B R2 D'
76321452213122	1407313	OK	R B D B' D2 R2 D R B R' B2
36712542122111	1407646	OK	R B D' R B' R2 D R' D R D2
42163751121212	1514463	OK	R B' R2 D' R' B R D' B2 D R
63142573112123	2037666	OK	R2 B' R2 D B R2 B R2 B D' R2
73624513332131	1783991	OK	R D2 B' D2 R D' R D' B D' B
76321453321133	1387349	OK	R B R' D' R B D2 B2 R2 B R'
16527432333113	1406030	OK	R B D2 R2 B2 D R B' R B' R'
16745233333313	1809747	OK	R D' B2 R B R2 B' D' B2 D' B'
65243712121322	1399737	OK	R B2 R D2 R2 D B2 R D2 R2 B2
15762342122213	1378519	OK	R B D' R B' D R2 D R' D R'
47165322133112	1602181	OK	R D R2 B2 D' R' D B' R B2 R
56147232233213	1366995	OK	R B R' B R' B D R2 B2 D2 R
54367211222132	1371950	OK	R B R' B D' B' D B R' B D2
56147232333113	1399814	OK	R B D2 R2 B2 D R B' R B' R
26534713333313	1760295	OK	R D' R B' R B2 D R' B' R' B2
32761453121312	1804704	OK	R D' B2 R B D2 B' R' B2 R' B'
54367121113331	1702731	OK	R D2 B D2 B' D R' D R' B' R'
12356743113131	1417102	OK	R B D2 B' R2 B D' B2 D' B R2
71264533131323	1340702	OK	R B R2 B R2 B' R D2 B' D2 B
37426513132313	1348155	OK	R B R2 B' R2 B D' R2 D' B D2
26547313131323	1482516	OK	R B2 D2 B' D R' D R2 D' R2 D
16534723211123	1672875	OK	R D2 R B D2 B' D' B2 R B D
67345122223133	1676994	OK	R D B' R2 D2 R D B R' B2 D
54367212233213	1364613	OK	R B R2 D R' D' R2 D' R2 B D'
52741632232211	1364900	OK	R B R2 D R' B' R2 B' D2 R D'
26743512121232	1510573	OK	R B' R2 D' R' D R D' B2 D B
34561273321223	1396683	OK	R B D R2 D2 B' R B' R D R2
16273541122133	1511893	OK	R B' R2 D2 R D R2 D R B' R
31524673332122	1825302	OK	R D' R' D' R B' D' B2 D' R' B
35624712331232	1356974	OK	R B R' D B' R2 D B' R B D2
56123471333123	1479029	OK	R B2 R' D R' B' R B R' D R'
67245311112311	1627233	OK	R D R' D B R2 B R2 D2 B D
12374561121212	1343632	OK	R B R2 B R2 D' R B D2 B R2
46275312112232	1606473	OK	R D R2 B2 D' B' D B' R D2 R
45736121122211	1630381	OK	R D B D2 B' D R2 B' D2 B R'
72561433221233	1391626	OK	R B D R2 B2 R' D B' D' R2 B
12356741313131	1353802	OK	R B R2 D B' D2 R2 D R' B' R2
14763251332331	1458840	OK	R B2 R2 B' R' D B' D R' B D2
71523463231313	1442803	OK	R B2 R2 D' B D' B' D R B' D
71263542323123	2073646	OK	R2 B' D2 R B R2 B D2 B R' D2
52341673323212	1849281	OK	R2 B R D2 R B' R D2 R B2 D
34561272122123	1399318	OK	R B D R' B2 D2 B D B R' D2
24376512222122	1503392	OK	R B' R D2 R D' R D' R2 D B2
23657142121112	1491268	OK	R B' R D R2 B2 D R' D2 R D2
76321452122123	1398832	OK	R B D R' B2 D2 B D B R' B2
76321452122333	1358316	OK	R B R2 B2 R' B D2 R D2 R2 D
45621373211111	1617293	OK	R D R' B D R2 D B2 R2 D B
35624712321332	1348263	OK	R B R' B R2 D R' B2 R' B R'
32147653112222	1395908	OK	R B D B2 D2 R' B D' R D B2
36741252122333	1351910	OK	R B R2 B2 R' B R2 D B2 D2 B'
56271433132313	1435021	OK	R B2 R2 D' R D' B' R D B' D
64275132211133	1691198	OK	R D B' D2 R2 D B R B' R2 D
26435713333133	1666540	OK	R D B2 R2 D' B' R B' R B2 R
25734613113323	1663952	OK	R D2 R B D2 B D' B' D2 R2 B'
47165322313211	1336536	OK	R B D2 B R2 B2 D2 B R2 B' D'
41756231321213	1661135	OK	R D2 R D R2 D B' D' R2 B2 D'
34675212222122	1551983	OK	R B' D R' B2 D B' D B D2 B
24617532233321	1932519	OK	R2 B2 R B' R D R2 B' R B D2
36125471222111	1869326	OK	R2 B R2 D B2 D B' R D2 R B
71264533221323	1350147	OK	R B R2 D B' R2 D2 R B' R' D2
41352671212112	1371271	OK	R B R' B' D B' D2 R2 D R' B
52741632122333	1354411	OK	R B R2 B2 R D B2 D2 B' D2 R
16527433312133	1335564	OK	R B R B2 R2 D' B R' B R B2
27415633321322	1631118	OK	R D R' D R D' B2 R D' R B'
71263541333222	2023956	OK	R2 B' R2 D B D2 B R2 B R' B2
42615372313211	1333340	OK	R B D2 B D2 B2 R2 B D2 B' D'
34561273221233	1385057	OK	R B R' D R' D2 B2 D R D R2
52741633221233	1393307	OK	R B D R2 B2 R' B' R2 D' R' D
32147652113333	1330858	OK	R B R B' D2 R2 D B D B' D2
54367211132222	1398168	OK	R B D B2 R2 B' R B' D' B2 R'
23517462131333	1502271	OK	R B' R B' D' B D2 B R D' B
12367451132222	1405542	OK	R B D B2 R2 B' R B' D' B2 R
12374561211212	1360026	OK	R B R' B R' B2 D R' D B D2
17435623211123	1477846	OK	R B2 D' R B D R2 D2 B' D B
36542712121322	1398140	OK	R B2 R D2 R2 D' B2 R B2 R2 D'
13246571113232	1834539	OK	R D' B' D2 R D R2 D' B' R2 B'
72365413121312	1755146	OK	R D' R2 B R B2 R' D' B2 D' B'
74152363133222	1525997	OK	R B' R B2 R' D B' R B D' B2
41237561313131	1461880	OK	R B2 D2 B' D B' R B2 R' D2 R
13642573221221	1569340	OK	R B' R D2 R' D R' D R D' B2
23416752121211	1491135	OK	R B' R B' D' B D2 B R D' B2
56743213121213	1634531	OK	R D B2 R' D R D B2 D2 R' B
76143253333313	1753586	OK	R D' R2 B R D2 R' D' R2 D' B'
54321672212231	1379426	OK	R B R2 D2 B2 R B D' R D' B
16527432113333	1337309	OK	R B R B' D2 R2 D B D B' R2
32716452123212	1494773	OK	R B' R D' B' D B2 D R D' B2
74123653133132	1452614	OK	R B2 R2 B' R2 D' R D2 R2 D' R'
34561273233131	1375736	OK	R B R' B' D B R2 B2 D2 B R'
62435172211133	1630127	OK	R D R' D2 B2 D R B D' R2 B
16543271332331	1462065	OK	R B2 R2 B D B' R B' D B' R2
14763253133222	1455338	OK	R B2 R2 B R2 D' B D2 B2 D' B'
71453623311122	1666054	OK	R D B2 D' B D' R B2 R' D2 R
56174321232113	1596784	OK	R D R2 D2 B' D R' D' B D2 R'
47632513212332	1981703	OK	R2 B2 R' B' D' R D2 R D2 R' D2
47132563222331	1938837	OK	R2 B D' R' D R D' B R2 B' D
41673252212222	1358732	OK	R B D2 B' R2 B' R B D' R D2
71643523331213	1361896	OK	R B D2 B' D2 B' R D R' B D2
52741633313312	1360175	OK	R B R' B D B2 D B' D2 R2 B
43576212112232	1661093	OK	R D2 R D B2 D B' D' B2 R2 D'
12376541232233	1834523	OK	R D' B' R2 B' D' R2 D B R2 D'
36125471212112	1841637	OK	R2 B R B2 R B' D B2 D R2 B
63752141111111	1570425	OK	R D R' D B' D R2 D2 R D' R'
72543613221221	1461634	OK	R B2 R2 B D2 R' B D2 B2 D' R'
32147651132222	1358556	OK	R B R' B D' B2 R2 B R D B2
34625172111212	1477034	OK	R B' R B2 R D' R B' D2 B R'
35174262213131	1541570	OK	R B' D B2 D' R D2 B' R2 B R2
34715262221123	1597195	OK	R B' D' R B' D R2 D R' D R2
56271433111313	1396205	OK	R B2 R B2 R2 B' R2 D' R2 D2 B
16527432231332	1347409	OK	R B R D' B2 R2 B R D B' R2
74123653133222	1448755	OK	R B2 R2 B R' B R' D B' R B2
42615372213311	1654328	OK	R D B2 R' B D R2 B2 D B' R'
67345122232133	1597199	OK	R D R D2 R2 D R D B' R2 B'
15746321111111	1605976	OK	R D2 R B' R B R2 D' B D B2
23165741112323	1290335	OK	R B R2 D' B D R2 B2 D R' D'
36172452133133	1616547	OK	R D R2 D2 R' D B2 R' B2 R B
27365412321212	1490728	OK	R B' R D2 R D' R D' R2 D B'
63725142223133	1624828	OK	R D R' B2 D2 B R B R' D2 B
14736521321231	1786848	OK	R D' R' D2 R' D' B2 D R D2 B'
27534161111123	1749231	OK	R D' R2 D' R B2 R D2 B D R2
63512743313333	1376999	OK	R B D' B R B2 D2 R' D2 R2 B'
56147231333213	1348971	OK	R B R2 D2 B2 R B R' B D' R
16543271331332	1464197	OK	R B2 R2 B' D B' D R' B D B2
71523463131311	1403271	OK	R B2 R B' R2 B' D B2 R B' R2
54723612131312	1681615	OK	R D2 R' D2 B R D2 R2 D' R' D2
76321542211112	1602609	OK	R D B D' R B' D B2 D' B2 R'
43621752213323	1386980	OK	R B2 R B2 R2 B R2 D R2 D2 B2
16527431333213	1354493	OK	R B R2 D2 B2 R B R' B D' R'
74521633133333	1674946	OK	R D2 R' D2 B R B2 R2 B' D' R2
16543273221221	1479830	OK	R B2 R2 B D' B R' D R' B R2
47136252133112	1647484	OK	R D2 R B R2 B R' D' B2 R2 D'
31275461322233	1558675	OK	R B' D B2 R2 D2 B D' B D' R
76321452212231	1366340	OK	R B R2 D2 B2 R B D' R D' B'
53761242221213	1456412	OK	R B2 R' D' R B' R D2 R D' R
71546322231212	1316210	OK	R B R' B R' D B2 D R' D B'
56123472322121	1416217	OK	R B D2 B2 D B R2 B2 R' B2 D
24736512222332	1654919	OK	R D B' D R' B R' B2 R D2 B'
34265712212132	1615103	OK	R D R2 D2 R' D R2 B' R2 B R
56123471222312	1432370	OK	R B D' B D' R' B D R' D B2
64275132232133	1594224	OK	R D R B2 R2 B D R B' D2 B'
43617521223221	1677509	OK	R D B' D2 R D' R B D' R2 D'
24537613231322	1699717	OK	R D2 B R2 B' R B' D R' B' D
41725362313223	1649780	OK	R D B2 R' B R B2 D2 R D' R'
17362452213311	1798968	OK	R D' B2 D' R B2 R B2 D B D2
12356741133131	1339678	OK	R B R2 B D2 B' R B2 D' B2 D
36712542121121	1331037	OK	R B R2 B R B2 D B2 D2 B' D'
56321742211112	1564503	OK	R D R D2 R' B R2 D' B2 D B'
56123473322312	1429797	OK	R B D' B D R2 D B' D2 R2 B
24167353132232	1675911	OK	R D B' R2 D R' B D B' D2 B'
17543261111111	1579529	OK	R D B' R2 B R' B D R2 B2 D2
41725362313211	1273023	OK	R B R2 B D2 B2 R2 B R2 B' D'
34617252132212	1439985	OK	R B2 R' B' R B' D B2 D B' R
31275461112233	1548480	OK	R B' D R2 B2 D2 R B' D R' B
32147652231332	1341578	OK	R B R D' B2 R2 B R D B' D2
23157462131123	1648011	OK	R D B' R B' D R' B2 R D2 B'
52167432122222	1674943	OK	R D2 R' B2 D R D2 R2 D' B' D2
73642511111111	1367766	OK	R B2 R' D' R D2 B' D' R D' R2
71523463331312	1427413	OK	R B2 R2 D' R B' R' D R B' R
72543611332331	1436842	OK	R B2 R D B D2 R B' D2 B' R
17426531232233	1785394	OK	R D' R' B2 R' D' R2 D R B2 D'
72561342313223	1798579	OK	R D' B2 D' B D2 B R2 D R D2
14735621223332	1902851	OK	R2 B D' B2 R' D R D' B R2 D2
46275312313211	1272770	OK	R B R2 B R2 B2 D2 B D2 B' D'
45273162222122	1473781	OK	R B2 D2 B' R B' R D2 R' B2 R
41725631111111	1502694	OK	R B' D' R' D R2 B' D2 B D' B
52361472121313	1633032	OK	R D B2 D2 B' D' B2 R B2 R' D2
74521633121213	1676421	OK	R D2 R' B2 D R B2 R2 B' R' D2
21457631321123	1889215	OK	R2 B D2 R' D R' D B D2 R D'
13246571111111	1356673	OK	R B2 R' B' R D2 B' R' B D' B2
71643252231212	1364989	OK	R B D2 B2 R' B R' D' B R B'
56213743313333	1298405	OK	R B R2 B' D2 R2 B R B' R B'
46275313312211	1602605	OK	R D R2 B' R D R2 B2 D R' B'
15634722123332	1738333	OK	R D' R2 B R2 B' D' B2 R2 D R'
63724153121213	1615915	OK	R D B R2 D2 B D' R D' R D'
56271433123313	1431103	OK	R B2 R2 D' B R' B' D R D' R
53146272123233	1555584	OK	R D R B2 R' D R2 B' R2 B R'
14763253133231	1414627	OK	R B D' R D' R2 B2 R B R D2
14763251333123	1392191	OK	R B D2 R2 B2 D R D' B D' R'
64357213231322	1683032	OK	R D2 B R2 B' R B' D R' B' D'
47653213211231	1891270	OK	R2 B D2 R' D R D2 B R B' D'
42167532131333	1465765	OK	R B2 D2 B' R D' R D2 R' D2 R
45362712122222	1372280	OK	R B D' B R' D' R D2 R B R'
56743212221222	1635555	OK	R D B2 D2 B' D' R2 B R2 B' D2
31627452221333	1533752	OK	R B' R' B R' D B2 D R' D B2
73654122111122	1733575	OK	R D' R2 B R2 B' R' D2 B2 R B'
34721652221222	1635300	OK	R D B2 D2 B' D' R2 B R2 B' R2
74123652322121	1407246	OK	R B D2 B2 D' R D2 B R2 B2 R'
31267542313133	1477222	OK	R B' R D2 R' B D2 R' B2 R B2
27615432113321	1573017	OK	R D R2 B2 D R2 D R B' R B2
17526432123233	1596038	OK	R D B R' D B' D B2 D' R2 B'
31265472233321	1854988	OK	R2 B R' D2 B' D R D' R D2 B2
72163453331333	1574533	OK	R D R2 D2 R' B' R2 D R2 D' R2
71326543333313	1391515	OK	R B2 R2 B R2 B2 D2 B R2 B2 D'
72543611223221	1423921	OK	R B D' B D' R2 B2 R D B D2
36217452131333	1493313	OK	R B' R B' D2 R D' B R D2 R
31265471111111	1466577	OK	R B' D B2 D' B R' D R2 B2 D2
27613543333133	1479650	OK	R B' R B R2 D2 B R' B2 R B2
35417622223133	1605611	OK	R D R2 D' R B' R B2 R' B2 R
27415363131113	1329533	OK	R B R' B D' R' B R B D2 B2
76345122211112	1595246	OK	R D B D' R B' D B2 D' B2 R
13274651112323	1428833	OK	R B2 D' B2 D' R D' R2 B2 D' R
72163452122222	1573013	OK	R D R2 B' D B D R2 D2 B' R
13572641122133	1586838	OK	R D R2 D' R2 B2 D R D' B D2
62317453312211	1740989	OK	R D' R2 D' B R2 B D2 R B D2
16347252131312	1568509	OK	R D R2 B' D R B D2 B2 R' B
26517343333313	1391302	OK	R B2 R2 B D2 B2 R2 B' R2 B2 D
71534262122222	1567639	OK	R D R D2 B2 R D' R B' R D'
41367253111133	1475007	OK	R B' R2 B R2 B2 R B2 D B2 D'
54127633133333	1624933	OK	R D B2 R' D B D B2 D2 R' B
71436253333112	1794073	OK	R D' B R' B R2 D R' D' B' D2
14625731111111	1459884	OK	R B' D R' B2 R D2 B' D R D
75143263231313	1407390	OK	R B2 R2 D2 B' D2 B' R' B R' B'
52763411333123	1387621	OK	R B D2 R2 B2 D R D' B D' R
23147562123131	1562646	OK	R D R D2 R D B2 D' B' D2 R
37651242211133	1604481	OK	R D R2 D' B R' B R2 B' R2 B
24761531221223	1624281	OK	R D R' D2 B R' D B R' B2 R'
53614721212121	1376520	OK	R B2 R B2 R2 B' R2 D B2 D2 R'
71546233331213	1326962	OK	R B D R' B2 R D' R D R' B2
16453271111111	1524562	OK	R D R' B2 R B' R D R2 B2 D2
34721652121313	1634590	OK	R D B2 D2 B' D' B2 R B2 R' B2
24351673111133	1621867	OK	R D B' D B2 D' B D' B R D2
63251743133231	1623446	OK	R D R' B2 D R' D R D' B2 D'
24563712121232	1326699	OK	R B R' D2 B' R' D2 B R D2 R2
72543613133222	1363897	OK	R B R' D B' D R2 B2 D2 R B'
13276451113211	1493731	OK	R B' R2 B' R D R2 D R' D2 R'
43126572133313	1290733	OK	R B R2 B' R2 B' R D B' R D2
24637512311132	1547826	OK	R D R B2 R B R2 B' D' B2 R
32175462312323	1835956	OK	R2 B R2 B' R D R2 D2 R B R'
56123473222112	1375349	OK	R B R' D R' D' B R B' D B2
23756413322312	1415027	OK	R B D' B' D B' R2 D2 R B' R
31265741233331	1585419	OK	R D R D' B D' R B2 R B R
16475233132313	1401519	OK	R B2 R2 D2 B' R2 B' R' D R' B'
24716532323231	1494881	OK	R B' R2 B' D B R2 B R' D2 R'
56743213331333	1574983	OK	R D R2 D2 R' B' R2 D R2 D' B2
46127351131313	1296782	OK	R B R2 B R' D R D2 R D R'
56123473223312	1369681	OK	R B R' D R D2 R B' R2 D2 B
23756413222112	1401719	OK	R B D' R B2 R2 D' R D' B' R
65147321232113	1504180	OK	R B' D R2 B' R B D' R D2 R2
13276451233133	1472616	OK	R B' R B R' B2 D2 B R' B2 R'
52167433133333	1602227	OK	R D B2 D2 B R D R' D2 R' B
62174351122133	1300709	OK	R B R2 D2 B R2 B R D' B D'
24563711121212	1314202	OK	R B R' B2 D' R' B2 D B D2 B2
41576322212222	1336390	OK	R B D B' D2 B R' D B R' B2
51472361131313	1378312	OK	R B2 R B R' B D' R2 D' B D'
31275463311122	1481713	OK	R B2 D' B D R D2 R2 B' R B
13276541213312	1891319	OK	R2 B D' R2 B' D R B' D R2 B2
23475162121112	1296928	OK	R B R2 B R2 B' D R' B' D2 R2
42136752131312	1333160	OK	R B D R' B D' R D' R D2 B
51732643121213	1364173	OK	R B D' R B' D' R D2 R D R'
73615241113322	1488026	OK	R B' R D2 B2 R2 D B' R B' R
57236141323232	1856690	OK	R2 B D R' B2 R D' B R D2 B2
56341273121213	1607296	OK	R D B2 D2 B R B R' D2 R' B
53724612121112	1354833	OK	R B D' R B R2 D2 B' R2 B2 D'
14763252322121	1369464	OK	R B R' B' R B2 D' R B' R' D
21346752313322	1568832	OK	R D R2 B2 D R' D' R' B2 R2 D'
72164353131113	1384184	OK	R B2 R D R' B D' B2 D' B R'
34516722313223	1666123	OK	R D2 R D B2 D' B' D2 R B R
46123573232123	1760619	OK	R D' B2 R D' R D' B' R' D R2
13576241312213	1401548	OK	R B2 R2 D' B D' B2 D' R' D R'
14567231312213	1566514	OK	R D R' D' B D2 B D' R' B R
17435622211133	1471755	OK	R B2 D' B R D R2 D2 B' R D
36152741231312	1544670	OK	R B' D' R D2 B' R D' B' D2 B'
21376541122211	1553545	OK	R D R D' R B' R B2 R' D2 B'
43216573212332	1858133	OK	R2 B R2 B2 D B' D' B R2 D B
56123471223221	1326229	OK	R B R B2 D2 B' R' B2 D' R' B
24351671212211	1620655	OK	R D B' R' D' B D2 R' B D2 B'
45613272233111	1393916	OK	R B2 R2 D' R D' B2 D' R' B R'
36714521232113	1633006	OK	R D B' D2 R D' B' D' B2 D2 R
76342513322111	1844304	OK	R2 B R' B2 D' B D R' D B2 R2
17425631322332	1819816	OK	R2 B R D2 B R' D R2 D R' B2
14673251111111	1466953	OK	R B' D' R D2 B' D B R B' R2
37614521111111	1445408	OK	R B' D R2 D' R2 B D' R' D' R
47126351233232	1591755	OK	R D R' B R D' B2 R D' B D'
31754621331122	1823141	OK	R2 B R2 B D2 R B D' B D' B'
61734523222331	1842534	OK	R2 B R B' R D B2 D2 R' B' D
71462533111223	1733601	OK	R D2 B' D R2 D2 R' D R2 B' R2
71435263211123	1382603	OK	R B2 R B' R B' R B' D' B2 D2
53761242121211	1282259	OK	R B R B2 R2 B' D2 R B D B2
14763253221221	1367491	OK	R B R' B R' D B2 R2 D2 B R'
64275133231112	1475943	OK	R B2 D' B2 D R2 B' R D2 R2 D'
76312543322222	1722356	OK	R D2 B' R D2 R2 D' R D2 B' R2
41735261323313	1749922	OK	R D' R D' R2 D' R' B' D B2 R
31246753312211	1666029	OK	R D2 R D R2 D' B' R2 D B R
13265742131312	1552646	OK	R D R B2 D2 R B' D R' B D'
41726532312233	1395681	OK	R B2 R2 D' B R' B2 R' B' D R'
12367541112212	1515608	OK	R B' D' R2 D B' R2 D B2 D' B2
51642731113322	1633259	OK	R D B2 D2 R' D B' R' B R2 D'
36714522121322	1639558	OK	R D B' D2 B' D R D R2 D2 R
34617252111212	1287000	OK	R B R D2 R B D B2 R' B R'
56721432312233	1530415	OK	R D R B' R' D R' D' R B2 R
63751242221321	1537411	OK	R B' D B R' B2 D2 B D' B2 D'
21357462311111	1496572	OK	R B' R2 D2 R B D2 B R D' R
24615731122313	1471115	OK	R B2 D' B2 D B2 R' B D2 B2 D'
72165432111122	1651107	OK	R D2 R' B2 R B' R' B D2 R D2
16543272331331	1349975	OK	R B R2 B2 R' B D2 R B2 R2 B'
56123472331331	1339547	OK	R B R2 B2 R D R2 D2 R' B2 D
21345671111111	1478449	OK	R B' D2 R' B R' B' R D2 R B
52463713212332	1850045	OK	R2 B R2 B' R2 D B' R2 B R B'
52147633111112	1660546	OK	R D2 R' D B D B' D R' D2 B
15246371331332	1411379	OK	R B D' B R' B2 D R' B D B2
72543612331331	1333096	OK	R B R2 B2 R' B R2 D R2 D2 R
53761242321212	1279452	OK	R B R B2 R B R B2 D' R B'
12347652123332	1659907	OK	R D2 R' D2 R B' D' R D2 B D2
37642152213311	1658210	OK	R D2 R B R2 B' R' D2 B R B
37624512121322	1628529	OK	R D B' R2 B' R B D B2 D2 B
47123562232133	1611454	OK	R D B D2 R' B' R2 B R D2 R
14763253133132	1326647	OK	R B R D2 R2 B' R D' B R D2
14763253132232	1325610	OK	R B R B' R2 D2 R' D' B D2 R'
61452731311313	1497187	OK	R B' R' D' R D' R' B2 R' D' B
57364212213311	1616243	OK	R D B' R' D' B2 R2 D' R B' D
56147322333233	1574375	OK	R D R' D' B' D R2 B' R D2 R'
52463173212332	1868524	OK	R2 B R' B' D' R B2 D' B D2 B'
65274131111111	1410504	OK	R B' R D' B2 D B2 R' D B D
14523673121312	1532684	OK	R B' D' B D2 B2 D B' D' R D2
51324672212111	1570401	OK	R D R' B' D' B R2 D' B R2 B'
32741651121311	1653866	OK	R D2 R' B R D B' R D' R2 B
54723613333313	1599452	OK	R D B2 R' D' B2 D B D2 B R'
54163272233111	1518400	OK	R D R B R' B2 D' B R D R
32175461111111	1404773	OK	R B' R B2 R' D B' D R2 B2 D2
34617252123212	1276146	OK	R B R B R2 D2 R' D' R2 B' D2
72543611221223	1334366	OK	R B R D' R2 B2 R' B' R D2 B'
62571432321233	1529516	OK	R B' D' B2 D B' R2 D B2 D' R2
56123473133231	1332778	OK	R B R D2 B2 D' R' B2 D' B' R
17356242211331	1823685	OK	R2 B R2 B R2 D B D' R B' R'
71452632222131	1586960	OK	R D R' B R' D R' D2 R B2 D'
54127632131213	1494007	OK	R B' D B R' D' R B R' D R2
73615242223133	1464985	OK	R B2 D' R D R B2 R2 D' B D
54127633131212	1571240	OK	R D R2 D2 R' B' D2 R D2 R' B2
72163453131212	1571575	OK	R D R2 D2 R' B' D2 R D2 R' D2
72563411112131	1660754	OK	R D2 R' D R D B' D B' R2 D
16543271223221	1337235	OK	R B R B2 D2 B' D R' D' B2 R
37615423121132	1402042	OK	R B2 R2 B' D B2 R' D2 R D2 B'
72345611111111	1425460	OK	R B' R2 B' R' D' R D2 B D' B
74123653133231	1325636	OK	R B R D2 B2 D' B R' D' R2 B
73642513223222	1730230	OK	R D2 B' D B2 D2 B' R D2 B' D2
54371621113112	1853970	OK	R2 B D B' D2 B R' B R B2 D2
43571262122222	1286699	OK	R B R D' B D' B R' D R2 B
71365423331312	1397926	OK	R B2 R2 D2 B' D2 B' D' B R' B'
63725143122113	1461989	OK	R B2 D' R2 D R2 B' D B2 D2 B'
15624732123212	1492876	OK	R B' D B' R2 B D2 R D' B2 D
54723613121312	1598686	OK	R D B2 R' D' R2 D R B2 R D'
27615431312333	1603314	OK	R D B D2 R2 B D' B R' D R'
16735242122213	1295373	OK	R B R2 B2 D' R B' D' R D R'
31765242322121	1539351	OK	R B' D B' D2 R B' R D R2 D
24615732233321	1516529	OK	R B' R' D B R2 B2 D2 B R' D
42673512232133	1600824	OK	R D B R2 B R B2 R' D' B2 R
32671453123313	1408859	OK	R B2 R2 D2 B' R2 B' D' B D' B'
16347253121312	1515265	OK	R B' D2 B' R B R D2 R2 D B
23756413223312	1355340	OK	R B R' D' R B' R2 D2 R D' R
16273541321321	1513109	OK	R B' D R D' B2 R2 B R' B2 R'
41725362221213	1463267	OK	R B2 D' R2 D B2 R' D B2 D2 B'
15724632123233	1582026	OK	R D B R' D B' D B2 D' R2 B
32567412131312	1495048	OK	R B' D R' B2 D2 R D R' D B2
13276541322311	1821957	OK	R2 B R2 B' D B R2 B2 R B D'
14752631111111	1448094	OK	R B' R' D' R D2 B' D2 B R' B
12673542331133	1592076	OK	R D R' D R' D B' R2 B R2 D'
46275312132212	1468137	OK	R B2 D' B2 D B2 R' B R2 B2 R'
42615372221213	1471551	OK	R B2 D' B2 D R2 B' R B2 R2 B'
36547212131312	1550756	OK	R D R2 D2 R D B R' B2 R' B
34721652222212	1487005	OK	R B' D R D' R' D R B' D B2
25741361232113	1457448	OK	R B' R D2 B' R D R' B D2 B2
76125343333133	1368370	OK	R B2 R B2 D' B' R B' D R' B
23756411222312	1337165	OK	R B R' B R2 B2 D' R B' D' R
47165322132212	1459417	OK	R B2 D' R2 D R2 B' D R2 D2 R'
54367121112212	1508427	OK	R B' D' R2 D B R2 D' R2 D B2
12543671111111	1408866	OK	R B' R D R' D2 R' D' B' D B2
56243713121333	1298845	OK	R B R2 D B D2 R' D B2 D2 R
16547321113331	1426723	OK	R B2 D' R2 D B D2 R2 B' D' R2
73615243332311	1394569	OK	R B2 R2 B' R D2 B' D2 B D2 R'
32174561232113	1580237	OK	R D R' D2 B R' B' R' D2 R2 B
53462711113322	1578910	OK	R D R2 D2 B' R D' R' B D2 R'
25736141111123	1563978	OK	R D R' D' B' D2 R2 B' R D' R
72134562312212	1431131	OK	R B2 D' R2 B D' R B' D B' D
47165321232113	1349559	OK	R B D' R2 B2 R B R D' B2 R
74325613121312	1469364	OK	R B' R' B D2 B2 D R' B' R D2
23165741231312	1450141	OK	R B2 D' R2 D B2 R' D R2 D2 R'
36547212122222	1552921	OK	R D R2 D2 R D R B' R2 B' R
12354762121211	1486583	OK	R B' D R' D2 R D2 B D' B2 D
74136522322121	1346684	OK	R B R' D B2 R D' R2 D' R B'
67215343333133	1303474	OK	R B R2 B D2 B' D R' D' B2 R2
51726433123313	1360578	OK	R B D2 B2 D' R B2 D' R2 D B
52741362313223	1620076	OK	R D B' D' B' R2 D2 B' R B' D
53421671321111	1805688	OK	R2 B R D' B2 D B' D R B2 D2
37651422312311	1660414	OK	R D2 R' B D R D' R2 B D' B'
47251632131312	1306416	OK	R B R' B R' D' B R2 B D R'
56143273332323	1646485	OK	R D2 R' B D B D' B R' D2 B
61274351313131	1320715	OK	R B D2 R B R2 D' B D2 B2 R
16542372112331	1714721	OK	R D' R D R2 D2 B2 R' D' R B2
37415622333221	1664393	OK	R D2 R' D B R D' R2 B D' R'
73615423213211	1665968	OK	R D2 R' D R B D' R2 B R' B'
54172633132313	1331754	OK	R B D2 R B D2 R' B R2 B2 D
51472633331312	1300908	OK	R B R2 D2 B D2 B R D' R B'
76354122111212	1436807	OK	R B' R D' R2 D R2 B D' R2 D
76541233333313	1526364	OK	R B' D' R D2 R2 D R' B' D R2
75613243131332	1663739	OK	R D2 R' B R B R' D2 B R' B'
76342513213112	1805620	OK	R2 B R B2 D R' D B2 D B' D2
15246371332331	1351834	OK	R B R' B2 D2 B R D R' D' R
23165742123131	1322480	OK	R B D B2 D2 B D R D' R2 D'
73615243213313	1393625	OK	R B2 R2 B' R B2 D' B2 D B2 R'
42157633231322	1442746	OK	R B2 D' B2 D B D2 R2 B' R' D2
13254762321233	1592023	OK	R D B2 D' R' B2 D B' D R B'
32167451111111	1405402	OK	R B' R B R' D2 R' D' R' B D2
56732143122113	1495284	OK	R B' R' D R2 B' R B' R' B2 R'
46135272133313	1272282	OK	R B R B' D2 B D' R B R' B2
74132563131221	1714705	OK	R D2 B' R B2 R2 B' D R2 B' D2
74521633121312	1545520	OK	R D R2 B' D' R2 D B R2 B D'
75234162221111	1597607	OK	R D B2 D' B' D2 R B' R B R'
45376121331311	1609195	OK	R D B' R D2 R' D B' D B R2
71435263333223	1393916	OK	R B2 R2 B' D R2 B' D2 B D2 R'
36415272123212	1309667	OK	R B D R2 D B D R2 B' R B
13765422121211	1323320	OK	R B D B2 D R D B2 R' D R
75312463333133	1285893	OK	R B R2 B' D2 B' D B R' B R2
21357642221132	1416553	OK	R B2 D B2 D R B2 D' B R' B2
51723643131311	1302923	OK	R B R' B D R' B2 R' D2 R D
23165742312323	1502248	OK	R B' R' B R B2 R2 D2 R B' R
52167342121232	1306115	OK	R B R' D B R2 D2 B' R2 B2 D'
21354761122211	1538452	OK	R D R D' R B' R B2 R' D2 B
62134572321323	1476597	OK	R B' R D R' B2 D2 B D' R2 D'
54127633333313	1519763	OK	R B' D2 B' D B R D2 R2 D B
36721453121111	1644581	OK	R D2 R2 B' D' B R' D2 R D' B2
74152363133132	1317513	OK	R B R2 B' D2 B R' D2 R' D R2
32164571111111	1399377	OK	R B' R D2 R' D2 B D' B' R' B
75316241231231	1562217	OK	R D R B' R B' R D2 R D R
54326171111231	1799305	OK	R2 B R B' D2 B D' B R B2 D2
31257462222221	1655111	OK	R D2 R2 B2 D' R' B D' R2 D B'
17642531112233	1600383	OK	R D B' D' B R2 B R B2 R2 D'
42137561123333	1377149	OK	R B2 R2 B R2 B2 D2 B' D2 B2 R
13642571221223	1346240	OK	R B R2 D B R2 B2 D' R' D' B2
26714532121133	1410786	OK	R B2 D R2 D R D2 B' D R' B2
76351421112323	1418361	OK	R B' R2 B D' R B2 D' B2 D R2
74152363133231	1316224	OK	R B R2 B2 R' B2 D' R' B2 R' B'
35416723232213	1554166	OK	R D R' D' B' D' R2 B D' B2 D
74251633111313	1299668	OK	R B R' D R B' R2 B' R2 B R
31267542222233	1369329	OK	R B2 R D R' B R2 D' R D B'
13642571223221	1338505	OK	R B R2 B2 R' B2 D' R' D2 R' B'
26435712233321	1484319	OK	R B' R D' B R2 B2 D2 B R D'
13246752133211	1441637	OK	R B2 D' B2 R D' B D' B R' D
74126352333122	1703937	OK	R D' R B D2 B2 R2 D' R' B R2
35714623111322	1350282	OK	R B D' B2 R2 B' R' D B' D R'
61543271111111	1457992	OK	R B' D2 R' B D R B2 R B' D
14527632333332	1654918	OK	R D2 R' D2 R D' B' R D2 B R2
34716522223211	1439230	OK	R B2 D' R2 B D' B R' D B' D
75431263133213	1648136	OK	R D2 R2 B2 D' R' D B' R2 B R'
54321763113113	1557763	OK	R D R' B D2 B' R D' B R B2
71435263333133	1397733	OK	R B2 R2 B' R D2 B' D2 B R2 D'
15246372331331	1333965	OK	R B R2 B D B2 R D2 R2 D' B'
51624733323113	1545827	OK	R B' D' B D2 R' D B' D' R2 D'
74152363132232	1323957	OK	R B R2 D B D2 B2 R' B' D' B2
16524731112212	1534930	OK	R D R2 D' B' R2 D B' R D B'
37624152311213	1442500	OK	R B2 D' B2 R D' R B' R B' D
37614252221123	1410167	OK	R B2 R' D R' B' R B' R2 B R2
74521633333313	1547074	OK	R D R2 B' D' B2 D B R2 B R'
32657143121213	1282784	OK	R B R B' D B' D R' D B2 R
41762532221333	1515488	OK	R B' D R2 D' B D2 R' D2 R D2
64357213312211	1555744	OK	R D R' B' D' B2 R2 D' B R' D
67354213111313	1471892	OK	R B' D R B2 D' B2 R D R2 D'
13275643212221	1390668	OK	R B2 R2 B' R B2 D' B2 D R2 B'
56243173133111	1461981	OK	R B' R2 B D2 B2 D R2 B D2 B'
12354671111111	1427545	OK	R B' R2 D' B R' B' D R2 D B
32567413133333	1497933	OK	R B' D B' D2 R2 B D B' R B2
42751632321233	1517098	OK	R B' D' B2 D B R2 D' R2 D R2
15763241111111	1422319	OK	R B' R' D R2 B' D B D B' R2
12365471111111	1421178	OK	R B' R2 B' D' B' D R2 B R' D
24571362221213	1290885	OK	R B R2 B D R' B2 R' B' R2 D
67312542221111	1477114	OK	R B' R' D2 R B' R2 D R2 D' R2
36145273333313	1471629	OK	R B' R' D R2 D2 R D' B' D R2
76524313331222	1381712	OK	R B2 R D2 R2 D B2 R' D2 R2 B
32561471211131	1636146	OK	R D2 R2 B' R' B R' D2 R B' D2
41725361232113	1294891	OK	R B R' B2 D2 B D R D' R2 B
43751623123313	1295092	OK	R B R2 B' R2 D2 B D B' D B'
35174262231113	1369133	OK	R B2 R D B' R B2 D' R D R'
31275462312212	1341290	OK	R B D2 B R' D2 R B2 R' B D'
51342672212111	1469746	OK	R B' D R B2 R' B R2 D' B2 D
27543611111123	1644563	OK	R D2 R' D2 R' D R' D2 B2 D' R
76325412112121	1649864	OK	R D2 R' B2 R D' B' D B2 R B2
24571631121212	1292205	OK	R B R' B R B2 D2 R' B2 R2 D'
53274163211222	1377127	OK	R B2 R B2 R2 B R2 D' R2 D2 B
56741231131211	1592751	OK	R D B2 D' R B D2 R' D' B R
71435261322233	1410685	OK	R B2 R' D R' B R' D R' B2 R2
35127462331331	1482037	OK	R B' R D' B2 R D' B D R2 D
73542163321133	1378517	OK	R B2 R2 B D2 B2 R2 B D2 B2 R'
13275641112233	1397808	OK	R B2 R' B D' R B' R B' R2 B2
34617522221333	1409747	OK	R B2 R' D B' R' B R' B2 R B2
32146752232223	1527689	OK	R D R2 B' R B2 R' B D' R' B'
41735262312233	1427243	OK	R B2 D' B2 D' B R' D2 B2 R' B
41736521233232	1678868	OK	R D2 B D2 B' R D' R D' B' R
56743213121312	1453117	OK	R B' R2 B' R D B D2 B2 D B
75264132321212	1428312	OK	R B' R B' R2 B D2 R D' R2 D
42351671212211	1429669	OK	R B' R D B2 D' R B2 D' R2 D
31475262331313	1643680	OK	R D2 R2 B2 D' B' R D' R2 D R'
21345762312323	1470201	OK	R B' R B' D R2 D2 B2 D B R'
71435623333331	1647436	OK	R D2 R2 B2 D' B' D B' R2 B D'
73541262321212	1260141	OK	R B R B2 R B R B2 D' R B
76215433333133	1306508	OK	R B R' D2 B D' B R B' R2 B'
62157342132212	1278876	OK	R B R2 B R D' B2 D' R' B2 D
73615243331312	1394814	OK	R B2 R2 B' D B2 R' D2 R B2 D'
71462531113322	1611212	OK	R D B' R2 D R' D' B' D2 B2 R
65471231132213	1356255	OK	R B2 R B R' B R2 D' R B R'
71435263311122	1369713	OK	R B2 R B' D B' R D' R' B2 R2
54127632222212	1438029	OK	R B' R D R' D' R D B' D B2
75146321323331	1422764	OK	R B2 D2 B' R D' R2 B' R B' R2
73652413331321	1415220	OK	R B2 D B2 D B R2 D' B D' R2
13546271231231	1673978	OK	R D2 B R2 B' D R' B R' B' R
76325411111312	1633557	OK	R D2 R2 B' R' D B' D2 B D' B2
31275462311213	1346041	OK	R B D2 B D' B2 D B2 D' B D'
73614251112323	1281500	OK	R B D B2 D B' D' R D' R2 D'
15672433312133	1322287	OK	R B D B' D B' R B' R B2 D
21473563331312	1294676	OK	R B R2 D2 B D' B D' R D' B'
32657412111212	1263713	OK	R B R D2 R B D B2 R' B R
75264313231112	1425611	OK	R B2 D2 R' D' B R' B2 D2 R D
25763142223133	1520430	OK	R B' D2 B R B2 D' B R2 B' R'
52743611113121	1593956	OK	R D B2 D' B D R2 B' R' B R
32174561112323	1373504	OK	R B2 R' D' B R2 D' B' R B' R2
32165742211112	1483596	OK	R B' D2 R D' B' R D B' R D2
43721653231313	1294473	OK	R B R2 D B R2 D' R B2 R2 D
16572431111111	1427454	OK	R B' R' D B' D2 R' D B R D2
37615422223133	1383183	OK	R B2 R D' B D' R D' R' D2 R2
46512372113321	1279238	OK	R B R2 B' D2 R2 B R B' R D
74325163131323	1279991	OK	R B R D' B2 D B' R B D' B2
74521632222212	1488099	OK	R B' D2 R B D2 B' D' B2 D' R'
73615243123313	1396226	OK	R B2 R2 B' D R2 B' D2 B R2 D'
12765433121213	1444767	OK	R B' R D' B2 R2 D R B' D B2
34721652131213	1423375	OK	R B' R B R' D' B D B' D R2
37615422313331	1326435	OK	R B D B' D2 R' D R' B D' R'
34562172232313	1529761	OK	R D R2 B' R D2 R' B D' B' R'
53762413322123	1563347	OK	R D R' D B2 D' R D' B D B2
74512361322233	1545228	OK	R D R' B' D B2 D B R2 B2 D'
14356721322233	1588853	OK	R D B' R' D B2 D R D2 R2 B'
13267541111132	1374769	OK	R B2 R2 D' R B' R2 B' R' D R'
25137461111111	1386639	OK	R B' R B R' D2 R' D' R' B D'
36547212221222	1446913	OK	R B' R2 D2 R D R B' R2 D R
14723651111312	1573985	OK	R D B D' R2 D R' D B' D2 R'
15236471111111	1401516	OK	R B' R2 B' D' B' D R2 B R' D2
46257132211133	1519986	OK	R B' D2 B D R2 B' D R2 D' R'
34165271211131	1604736	OK	R D B' D B R D' R2 D R' D2
37615421113322	1407735	OK	R B2 R' D B' R B' D R' D2 R2
76341251111312	1591718	OK	R D B' R D R D' B2 D R' B2
21357463213331	1395058	OK	R B2 R' B R' B' R D' R2 D B2
36145272122222	1434826	OK	R B' R B' D2 R2 B D R' D R2
16537421233112	1612225	OK	R D2 R D R2 D2 R' B D2 R' D'
41532761233133	1344099	OK	R B D2 B2 D' R D2 B' R2 B D
21536742222131	1377688	OK	R B2 R D2 B' D' B R' B R' D
35162742213323	1287301	OK	R B R' B D R2 B2 D' R2 D B
25134672313211	1402296	OK	R B' R B' D' B D2 B D R D'
16275341312213	1418945	OK	R B2 D' R2 D' B D' B2 R2 D' R
53126471231231	1664560	OK	R D2 B R2 B' D R' B R' B' R'
43572161111111	1334334	OK	R B2 R' B' R' D R2 B D' B D'
75246131333312	1471173	OK	R B' R' B D2 R' B R' D' B2 D'
76145232332213	1481457	OK	R B' D2 B D' R2 B D R B' R
25714632123131	1547244	OK	R D R2 B2 D R' D B' R2 B R'
74361253112132	1663777	OK	R D2 B R' B R B2 D' B R D2
25736141233232	1670822	OK	R D2 B D2 B' R D' R D' B' R'
62174533311212	1331582	OK	R B D' R2 B' R B D' R2 B2 D2
41735622313322	1284008	OK	R B R2 D2 B D2 B R D' R D
52167432131213	1485105	OK	R B' D2 R B R2 B' R' D2 R' B'
37615422211133	1380992	OK	R B2 R D' R B' D R' B' D2 B2
14725363311113	1462555	OK	R B' D R2 B' R2 B D' R B R
63471522323132	1667811	OK	R D2 B' R B' R' B D2 B D B
67452313321232	1343597	OK	R B2 R D2 R2 B R' B' R B' R
64275131212223	1328567	OK	R B D2 R2 B' R' D B' D R2 D
67231543323122	1699207	OK	R D' R2 B D' B D' R' D' R D2
52743611111312	1573823	OK	R D B D' R2 D R' D B' D2 R
62453713311122	1506340	OK	R B' D B2 R' B D B' R B2 R2
16345273233323	1630098	OK	R D2 R2 B' D' R B' D2 B R' B2
51642371122313	1415636	OK	R B2 D2 R' B' D R' B2 D2 R D
36547212121313	1432581	OK	R B' R D2 B' D2 B R' B D2 B'
34721653333313	1449177	OK	R B' R2 B' D B D R2 D2 R B
45312762221111	1468352	OK	R B' R' D2 R B R2 D' B2 D R2
45621732212123	1318510	OK	R B D2 R2 B2 R' D B' D B2 D'
25413763121222	1270124	OK	R B R B' R B R2 D' B D B2
73625141112323	1242521	OK	R B R2 B' R2 D2 B D B' D R2
26573413331312	1280930	OK	R B R2 B2 R' B D2 R' B2 R B
35162472123233	1436799	OK	R B' R2 D R' D' R B D' B D2
24531673123121	1587316	OK	R D B R2 B' D R2 B' D2 B D'
56741231211131	1571783	OK	R D B R' D2 R D' R B' D2 R
67231541323112	1750226	OK	R D' B2 R D' B R' B' D' R B2
26435712311132	1256161	OK	R B R B2 R2 B R B D' B2 D'
16532471111222	1333404	OK	R B2 R B2 R2 D B' R' B D' R
34567212223232	1544031	OK	R D R2 D' B R B2 D' R' D B
42516372233111	1415370	OK	R B2 D' R2 D' R D' B2 R2 D' B
37246511112233	1549084	OK	R D R' D' B D2 B D R2 D2 B'
21354672311132	1538815	OK	R D R2 B2 D B' R D' R2 D R'
37654212311222	1337550	OK	R B D' B2 R' B R D' R2 B2 D2
12376451111222	1454214	OK	R B' D R D' B D' R2 B R D2
71426533333223	1385496	OK	R B2 R' D B' D B2 D2 R2 B' D'
56347122333233	1414478	OK	R B' R B D2 B' R B2 D' B2 D
36147252111113	1542315	OK	R D R2 D' R B R2 D' R' D R
21354671131313	1439985	OK	R B' R2 D2 B R' D2 B D' R' D'
24715631111111	1255286	OK	R B D B2 D2 B R D' B D' B'
56341273131212	1444250	OK	R B' R2 D2 R B D R' B2 D B
46721533123313	1286715	OK	R B R2 B' R D' B R' D R B2
41725363121222	1348444	OK	R B D' R D' R B2 D B' R' B'
32647152133121	1637704	OK	R D2 R' D2 R' B D' B2 R2 B' R
75346211211311	1598041	OK	R D B' R D' B D2 B2 D R' D'
12376541112323	1360550	OK	R B2 R' B' D R2 B' R' D B' D2
61527431111111	1385837	OK	R B' R B D2 R' D R' B D' R2
73564213321322	1363476	OK	R B2 R B2 D' B' D R' B R' B
52174633223123	1481287	OK	R B' R' B' R D' R' D2 R' D' R
67354213131311	1429242	OK	R B' R D B2 R' D2 B D B2 D'
34165273133312	1592195	OK	R D B' R2 B' R' B2 R D' R2 D2
46275313121222	1356690	OK	R B D' B D' R B2 D B' D' R'
45213672221123	1455704	OK	R B' R B2 R' B D2 R' B2 R D2
21354673131113	1431461	OK	R B' R2 B D B2 R' D2 B R B'
21345763332233	1330938	OK	R B D2 R2 B' D' R B' D R2 D
15273641112323	1351398	OK	R B2 R' B2 D2 R' B D R' B2 R
61534272311132	1362571	OK	R B2 R' B2 R D' B R' B2 R B
15724362212132	1341154	OK	R B D' R' D B R' D2 B2 D R2
26175432331133	1368941	OK	R B2 R D2 B' D' R B' R B' D
24715631122121	1490912	OK	R B' D2 B R B2 D2 R2 B R' B'
72534163211123	1346083	OK	R B2 R D B2 D' R' B2 D B D
73642511113232	1510716	OK	R B' D' B2 R D R2 D' R' B2 R'
16534271111111	1413901	OK	R B' R2 D' B D B R2 B R' D
63714252123131	1365450	OK	R B2 R' B2 R B' R D' B2 D B
14725362211121	1492181	OK	R B' D2 B D R2 B2 D2 R B' D'
15627431322113	1596831	OK	R D2 R B R2 B2 R' D B2 R' D'
12563472131213	1436322	OK	R B' R2 B' R' D2 R B R2 D' B'
56347212111311	1504484	OK	R B' D' B R2 B R D' B' D2 R
63752141122211	1436801	OK	R B' R2 D R' B' R B R' B D2
35167242132212	1272738	OK	R B R2 B R D' B2 D' R' B2 D2
26435713311122	1349540	OK	R B D' B2 R2 B R B D' B2 R
51623743313321	1296769	OK	R B R' D B' D' R B2 R B D'
16725431211131	1565473	OK	R D B R' D2 R D' R B' D2 R'
73642511113322	1557568	OK	R D R' B2 D R' B' R' B2 R2 D
34516272312332	1626151	OK	R D2 R' B2 R' B D' R2 B2 R' B
27314652313211	1396727	OK	R B' R B D B2 D B' D' R D'
41625731222231	1353695	OK	R B D' B' D2 B' R' D2 B R2 B'
27614353311332	1352923	OK	R B D' B R' B R' B2 D2 R' D'
74132561321231	1503138	OK	R B' D' R2 B D R2 D' R' D2 R'
17426531213123	1559812	OK	R D R' B2 R' B R D B2 D2 B
64321572111131	1666328	OK	R D2 B' R B R D2 R D' B' D
54671232221213	1286091	OK	R B R2 B D R' B2 R' B' R2 D2
12374651111222	1388011	OK	R B2 D B' D' B2 R B2 R B2 R2
24367511323112	1704190	OK	R D' R2 B D' R D' R' D' B R2
35126741232212	1425851	OK	R B2 D2 B' R B' R2 D' B D' R2
14736521332121	1561455	OK	R D R' D2 R' B R B D2 B2 D
67412353132121	1639777	OK	R D2 R' B2 R' D B' R2 D2 R' D
35462712322322	1350331	OK	R B2 R2 B R2 B' D2 R B' D2 B2
34561721111111	1333714	OK	R B2 R' D' R' D B2 R D' R D'
12745632212213	1481591	OK	R B' D2 B R' B2 D B R D' B
36745213121111	1541706	OK	R D R' B D R B' D2 B R' B2
35126742231233	1431020	OK	R B2 D2 B' D B' R2 D' R D' R2
63752412312323	1588596	OK	R D B2 R2 D B' R B' R2 B D'
75264132121232	1358371	OK	R B2 R' D R' B' R D B2 D B2
12354762121112	1358401	OK	R B2 R' D R2 D R B' R' D R2
67245311133233	1344058	OK	R B D' R' D2 R' D' B2 R D2 R'
54723612222212	1442176	OK	R B' R2 B' D' B2 D B R2 D' R'
27416533321232	1462974	OK	R B' D B R' B R' B2 D R D2
65132472233321	1587380	OK	R D B2 R2 D R' B R' B2 R D'
31275462223211	1278664	OK	R B R2 B D' R2 D R2 D' B D'
54712362223322	1353469	OK	R B2 R2 B D2 B D2 R' B R2 B2
12364571112212	1379755	OK	R B2 D2 R D2 R D' R' B' D2 B2
25714633121333	1460808	OK	R B' R' B D2 B R' D' B R2 B2
46375213112111	1545738	OK	R D R' B D' B R2 B2 R B' D'
25634713321232	1382175	OK	R B2 D R' B' D2 R D2 R B2 R2
42651733311122	1439266	OK	R B' R B2 D' R D R' D B2 D2
56213471111111	1264516	OK	R B D' B2 D B2 R' D R D B'
54367122211121	1407947	OK	R B2 D' B' R2 B D2 R' B R D2
62371453311311	1325030	OK	R B D' B' D R B' D R2 D' R
26453172211133	1456924	OK	R B' R2 B D B2 R' D R2 D' R'
36152742131321	1348824	OK	R B2 R2 B D2 B' R2 D R' D2 R2
76324151112323	1290612	OK	R B2 R B D' R2 B2 D R2 D' B'
12576343212221	1371898	OK	R B2 R' B R' D R2 D2 B2 R' D'
31275462133211	1274934	OK	R B R2 B R' D2 R D2 R' B D'
13275642131333	1318020	OK	R B D R' B2 D' R B' D B' D'
45367122223133	1452816	OK	R B' R2 B R B2 D' B D2 B' R'
76145232233213	1418970	OK	R B' R2 B D' B2 R D B D' R
64275131312123	1294643	OK	R B R' D R' D B2 R D' R' D'
73645121113211	1317642	OK	R B D2 R' B' D2 B' D' R2 B D
26135742132221	1511176	OK	R B' D2 B' D' B2 D' R D B2 R2
14723653321313	1604466	OK	R D B' D2 R D B2 D R2 D2 B
26714531212133	1280895	OK	R B R' D B' R D' R2 D R2 B'
62735143223213	1510779	OK	R B' D2 B' R' B2 R' B D R2 B2
12346751113133	1364641	OK	R B2 D R' D B D' R2 B2 D R
54167233232333	1495680	OK	R B' D' R B2 R B D' B' R2 D
14753261323112	1604514	OK	R D2 R D B2 D2 B' D B2 R' B'
14735621233112	1563827	OK	R D B2 R' B R' D R B R' D2
74561233321313	1544526	OK	R D R' B2 R' B' R2 B D' R2 D2
17463251323112	1602858	OK	R D2 R B D2 B2 D' B D2 R' B'
53742612323333	1327048	OK	R B2 R B' R2 D' B' R' D2 R' D
52367142211121	1333596	OK	R B2 R B' D2 R' B' R' B2 R' D
14752363232222	1429043	OK	R B' R D R B' R2 B' R2 B' D2
35762142222113	1429834	OK	R B2 D2 B' D R' D2 B' R D' B2
27415632323231	1322518	OK	R B D2 R' B' R2 B' D' R2 B D
12543673233323	1544892	OK	R D R' D B R B' R2 B D' B2
65321472111122	1291107	OK	R B D B2 D' B R2 D' R2 D B'
54612372222131	1297267	OK	R B D R B2 D B' D2 R2 B' R
54326711112212	1308603	OK	R B D' B R2 D' R B' D2 R2 B
65132743222331	1610278	OK	R D B' D' B' R D2 B' R B2 R'
54716232222113	1338310	OK	R B D' R B' R B' R2 D2 B' R'
15367421211113	1573514	OK	R D B' D2 B D' R B R2 D2 B2
46372511221331	1392063	OK	R B2 R' B D' R' B R' D2 R D2
76354121121212	1346629	OK	R B2 R' B R2 B D R' B' D B2
63751423122311	1325571	OK	R B D' R B' R B' D2 B D2 R'
32156471111111	1279716	OK	R B D' B D' B D2 B2 D R' B'
14762351321231	1482039	OK	R B' D' R2 B D' B' D B' R2 B'
24715633131131	1469616	OK	R B' D B2 R' B2 R B' D B R
46275311123222	1273832	OK	R B R2 D2 B' D' R D' R D2 R
76213543213133	1395907	OK	R B2 D R2 D B R2 D' B R' D2
45621373123331	1296995	OK	R B R' D' R2 D' R' B2 D B2 D'
57264132111323	1348170	OK	R B2 R2 B R2 B R2 D' R B2 R2
56124371232323	1524376	OK	R D R' B' R D' B D2 R2 B' R
72541633121111	1526945	OK	R D R D' R2 D B' D B' D2 R
45621732233333	1271015	OK	R B R2 D2 B2 D' B R' D B2 D'
65213741111111	1260158	OK	R B D' R2 D B' R D' R2 D2 B2
25736411133113	1468218	OK	R B' D B D2 R' B2 D R B2 R'
64531273123121	1522074	OK	R D R B' D B' D R2 D' B2 R'
24315761122322	1446830	OK	R B' R2 B' D' B2 D' B R B2 D2
32475163331222	1283639	OK	R B R' B2 D2 B R' B2 R' B2 R2
25367411211122	1304740	OK	R B D2 B2 R B' R B' R D R2
37614522313322	1457444	OK	R B' D2 R2 B' R B' R2 D R' D2
34172562313331	1335408	OK	R B2 R B' R B' D' R2 D' R2 B2
56174232323333	1455383	OK	R B' D B R2 D2 B R B2 R2 D'
41673521111111	1260846	OK	R B D' R2 D B' R D' B2 R2 D2
74321653233323	1510884	OK	R D R B' D2 B R' D B' R2 D
63714521112323	1272301	OK	R B D2 R' D' R' B R' B R' B2
15642373231223	1418430	OK	R B' R B R B' D2 B' D2 B' D2
37612542221111	1381133	OK	R B2 D2 R B2 R B' D' R' D2 R2
56743212122222	1352664	OK	R B2 R2 D' B R' B' D R2 B' D'
46572311223122	1484475	OK	R B' D B' R2 B' R' B' D R2 B
26415732233321	1537297	OK	R D R' B2 R' B' R' D R2 B D'
45327612222323	1308867	OK	R B D2 R2 B2 R' B D' B' R B
52167433331333	1417915	OK	R B' R B2 D' B2 D R' B D2 B'
51624731312123	1347085	OK	R B2 R2 B R2 B' R2 D B' R2 B2
41762533123331	1353852	OK	R B2 R B D' R B2 D' B R D'
31462751111111	1280933	OK	R B D' R2 D B' R D B2 R2 D'
47156321133311	1417645	OK	R B' R D2 R D R B' D R2 D'
63725141233121	1282009	OK	R B R' B D' B D2 R B' D' B'
23175463211222	1297149	OK	R B R' D2 B2 D B' D2 B' R2 B2
54723612221222	1356779	OK	R B2 R' D B' R2 B R2 D' R D'
16742352232313	1310684	OK	R B D2 B' R2 B R' B D R' D2
34125673133333	1355024	OK	R B2 R' D2 B D R2 D2 R' D' R2
23165473233221	1547694	OK	R D R' D2 R B D' B D' R B2
41725363121231	1283915	OK	R B R2 D2 B' R' B D' B R2 B
27534612311132	1305604	OK	R B D2 B' R B2 D' R' B2 R B'
31264752313121	1336165	OK	R B2 R B' D B' D' R2 D' B2 R2
12376451113133	1357116	OK	R B2 D B2 D' B R' D B' D' R
72163453121213	1354557	OK	R B2 R2 D' B D' B' D R2 B' D'
13267451122211	1425814	OK	R B' R2 D B2 D' B' D2 R2 B R'
54261732231233	1301354	OK	R B R' D B' R D' B2 R2 D' B'
61453721111111	1261263	OK	R B D' R2 D B' R D B2 R2 D2
65132473111331	1432625	OK	R B' R2 B R B2 D' B2 R B R'
65132471231321	1480745	OK	R B' D2 R D2 R' B R' D2 R' B
51742632323333	1392024	OK	R B2 D' R' D2 R D2 B' R B D2
34165271112212	1479623	OK	R B' D2 B' R B2 D2 R D' B2 R
37615422313121	1257450	OK	R B R B' D2 R' B R' B D' B'
24765313222112	1345869	OK	R B D' R B' D R2 D R' D R2
72531463321232	1424749	OK	R B' R2 D B2 D' R2 D' B' D B2
74561233233323	1510018	OK	R D R B' D2 B R' D B' R2 D'
35614722321233	1382786	OK	R B2 D2 R D2 R B' R' B' D2 B2
17425631323112	1566646	OK	R D B2 R' B D' B D B R' B2
13675241112323	1274397	OK	R B D2 R2 B2 R' B' D' R D2 B'
12375461111222	1346168	OK	R B2 R' D R2 B' R D R D' B2
52361472131312	1348748	OK	R B2 R2 D' R D' B' R D2 B' D'
76253413322312	1363167	OK	R B2 R D2 R2 D B2 R D2 R2 B
12354763211123	1416334	OK	R B2 D' B R' D R2 D R D' R2
74125633121111	1524113	OK	R D R D' R2 D B' D B' D2 R'
47156321111111	1244601	OK	R B D R' B R' D B2 D2 B D'
12745632232211	1417666	OK	R B' R2 B R' B2 D B D R' B
17452633213232	1333223	OK	R B D' B2 R2 B D' B2 D' B2 D2
52167432121313	1355692	OK	R B2 R' D R' B2 R B2 D' R D'
36417522123311	1277710	OK	R B R' B2 D' R B D' B2 R2 D2
56347213111211	1441076	OK	R B' R' B R2 B D B' D' B2 R
21364752311111	1273935	OK	R B R2 D' B' R2 B' D' B2 R D
43167251232212	1282098	OK	R B R' B R' B D' R2 B2 D' R'
71234563231322	1378754	OK	R B2 D B' R D B' R2 D2 B D
75346212323333	1419746	OK	R B' R2 B R B2 D2 R2 B R' D'
36745212122312	1494605	OK	R B' D' B D' B' D B2 R' D2 R
14625732113321	1413538	OK	R B' R D' R2 D B' D B D2 R'
64231572311132	1275589	OK	R B D R2 B' R' D2 R B R2 B
14567231321123	1540813	OK	R D R' B' D B2 D B' R' B R
51324761111123	1283861	OK	R B R' D R B2 D2 R' D2 R D
74125633133312	1548488	OK	R D R' D2 R' B' R2 B R' D2 R2
37624511232233	1456289	OK	R B' R' B2 R' B' D2 B D B2 R'
31276452313313	1474883	OK	R B' D R' B R2 D R' B' D' B2
74321563311131	1298543	OK	R B D2 R' D2 R D2 B' D B D'
65172431132333	1324179	OK	R B2 R B R2 B D' R' B2 D2 R'
24715363311332	1291619	OK	R B R' D' B R' D2 B2 R' B' D2
25641371213132	1299530	OK	R B D2 R2 B2 R' B D' B D2 B'
64357212313211	1250361	OK	R B D B2 D R2 D B' R2 D2 B'
32174561232233	1465933	OK	R B' R' D2 R' D' R2 D B D2 R'
71563243221221	1350577	OK	R B D' B2 R D' R D R' B2 R'
46275312232133	1308809	OK	R B D R2 D2 R B R B' D2 B'
12365472321233	1474455	OK	R B' D2 B' D B2 R2 D R' D2 B
12345761111111	1232403	OK	R B R' D2 B' D R' D' B D2 B
75261432123233	1420562	OK	R B' R2 D B2 D' R' B2 D2 R B'
62135473123121	1510841	OK	R D R B' D B' D R2 D' B2 R
37256142321233	1303345	OK	R B D' R B2 D' R B' R2 D2 B
75346122133133	1286991	OK	R B R' D' R B R' D2 B2 D B2
25716431212223	1315918	OK	R B D' B D' R2 D R B2 D' R
24615733311122	1297496	OK	R B R' D2 B2 D R D R' B2 D
17425631322113	1517537	OK	R D R2 B' R B' D R D R' D2
47156231332313	1499871	OK	R B' D' R D2 R D' B' D B2 D2
32756141233121	1344541	OK	R B2 R2 B D2 B R2 D' B D2 B2
46512371331221	1326028	OK	R B D' R2 B2 R D' B2 D' B2 D2
56721343123331	1271724	OK	R B R2 B2 R' B R2 D' B2 D B
24351761212232	1331250	OK	R B D' B' R B' D2 R2 B' D' B2
52743613121111	1465308	OK	R B' D B R2 D' B R' B R2 B'
12357461111222	1418888	OK	R B' R2 D B2 D' B2 D' R' D R2
32475161232323	1277086	OK	R B R2 D2 B R2 B R D' B R
23176453332233	1315129	OK	R B D' R D' R2 D B R2 D' R
37642513122221	1368237	OK	R B2 R' B D' B D2 B2 R2 D' R'
71435262222122	1269928	OK	R B R D' B2 R' B R' D R' D'
43576211123222	1328194	OK	R B2 R D B2 D R' D' B2 R2 D'
15672341113232	1484631	OK	R B' D' B2 R D' B' R B' R2 B'
47152631322131	1344148	OK	R B2 R2 B' R B' R D2 R D R2
35172461232323	1276608	OK	R B R2 D' B' D2 B' R' B2 D B
76541233331333	1297927	OK	R B D2 B2 D' B' R2 D B2 D' B2
54716321112323	1290155	OK	R B D' B2 D B' R B D2 R2 B'
52341672323222	1442396	OK	R B' R' D R' B' D R B2 R2 B
16345273122323	1463880	OK	R B' D B' D2 R B D2 R' B R'
54317621111222	1269934	OK	R B D R' D2 B2 R D' R' B D2
14536273311311	1295469	OK	R B D2 B2 R D' B' D B2 R B
67412531131133	1287060	OK	R B D2 B2 R B' R' B D2 R D
74653213133222	1332036	OK	R B D' R2 B D' R D B' R2 B'
21365742312323	1532289	OK	R D R' B R2 D R' B' D' B2 D'
12637451132111	1520423	OK	R D R' D2 R B' D B R2 D2 B2
73654211111132	1258396	OK	R B R2 B' R2 D2 B D B' D R
23165471111111	1228263	OK	R B R' D R' B R2 B2 R D' B'
13247563212131	1275418	OK	R B R' B2 D2 B' D' B D' R D'
12765433331333	1293059	OK	R B D2 B2 D' B' R2 D B2 D' R2
41756233121231	1330304	OK	R B2 R B D2 B R' D' R2 B2 D'
36147251211131	1458537	OK	R B' D R D2 B' D R' D R2 D'
67345213111133	1367361	OK	R B2 D2 R2 B' R D' R D2 B' R
71362453113311	1263466	OK	R B R' D' R D R' B R2 B' R
52741362313211	1245827	OK	R B D R2 D B2 D R' D2 B2 R'
53721463223312	1352845	OK	R B2 R B2 R2 B R2 D R2 D2 B
76154323333112	1400939	OK	R B2 D2 R' B' R D' B2 R2 D R
54621372211121	1409966	OK	R B' R D R2 B2 D R B2 R2 D'
56274132331133	1254950	OK	R B R D B2 R D' B2 R2 D' B
15637423211123	1253110	OK	R B R2 B' D B' D R2 D' R2 D
54712361323313	1401880	OK	R B2 D2 R' D' R D' B2 R2 D B
14327653121213	1358751	OK	R B2 R' D2 B D B2 D2 B' R' D2
31247651323232	1468113	OK	R B' D2 B D' B D2 R' B2 R B2
21375463333211	1431685	OK	R B' R D' R2 D' B' R' D B2 R
26513471122121	1331366	OK	R B2 R D' B2 R' B' R' D2 R' B
24763151111111	1207378	OK	R B R' B2 R D' R D' B2 D2 R2
12357462211112	1392629	OK	R B' R B R2 B2 D2 R' D' R D2
23147651112323	1253447	OK	R B D B2 R2 D B' D' R B2 D2
46157321331233	1323612	OK	R B D' R' B R' D2 B2 R' D' R2
45367213111133	1364207	OK	R B2 D2 R2 B D B' R2 D R' D
67342512222113	1273402	OK	R B R' B R B' D2 R D' B R'
16753241221112	1304412	OK	R B D' R B' D2 B R' B' R' D'
75132463233233	1267311	OK	R B R2 D2 B' R D' R' B2 D2 R
53762143222331	1342696	OK	R B D' B' D B R' B2 D2 B D2
15724631111111	1191796	OK	R B R D2 R2 D R B' D R' B'
73645122222311	1308685	OK	R B D B D R' D2 B D2 B R2
16423572112121	1301238	OK	R B D2 B2 R D' B D' R B R2
16534273211111	1460205	OK	R B' D2 B' D B2 D R2 B D B2
34125672131312	1345760	OK	R B2 R' B2 D B D2 B2 D' R' D2
41725633211111	1461223	OK	R B' D B' D2 B R2 D' R D B
13267541232212	1254183	OK	R B R D' B R' D B2 D R D
37641252222323	1368398	OK	R B2 D2 R B2 R B' D' R' D2 R'
54276132233312	1359949	OK	R B2 R' B R' B2 D' B R' D2 R2
21345762313223	1314427	OK	R B D2 R' B R D2 B2 R D' R'
17426531313131	1316196	OK	R B2 R D B' R B D B2 R D2
72513641233322	1407307	OK	R B' R2 B R' D B2 R' D2 R D2
74532163123223	1372585	OK	R B2 R' D R' D B2 D2 R2 B' R'
32761452122222	1349213	OK	R B2 R' B2 D B R2 B2 R' B' D2
12563473131212	1341471	OK	R B2 R' B R' B2 R D2 B' R D'
34517622231323	1367811	OK	R B2 D2 R D2 R B' R' B' D2 B'
57123461111111	1212187	OK	R B R' D2 R B2 D' R D R B'
26135742332312	1443106	OK	R B' R2 B' R' D2 R' B D B2 R2
54612733322213	1370686	OK	R B2 R' D R' B2 D' R B' D2 B2
52341672211112	1384301	OK	R B2 D' R2 D' B D' B' D2 B R2
23157461231333	1278509	OK	R B R' D2 B' R D R' B2 D2 R2
25163741112323	1231770	OK	R B R2 B2 D2 R' B' D R' B R2
63741522123131	1234370	OK	R B R D2 R B R2 B' R' D2 B
64275133312211	1321805	OK	R B D2 R' B D B2 R2 D R' B'
36521472113321	1277487	OK	R B D2 R B2 D' B' R' D2 R' B'
54376211113133	1353049	OK	R B2 D B2 D' B R' D B' D' R'
17426531121212	1318959	OK	R B2 R D B2 R' B2 D R D B'
76543211212112	1458937	OK	R B' D B2 R B2 R' B D' B2 D2
23164573213133	1243779	OK	R B R B2 R D' R D' R B R
51426731111111	1240545	OK	R B D R2 D R' B' D R' B2 R2
17324561211323	1585059	OK	R D2 R B' D B R2 D' R B R2
34175263321232	1339933	OK	R B2 R' B D2 R' B D B D' R2
47126532133133	1326504	OK	R B D' R2 B2 R' B' D B' D B'
72163453133333	1346405	OK	R B2 R2 D' R B' R' D R2 B' R'
37614522113321	1416320	OK	R B' R2 D2 B' D B' D2 R B' D2
65241371111111	1269184	OK	R B2 R B' D R D2 B' R D R2
34275162213221	1426247	OK	R B' R B' R2 B' R' D' R D2 B
14735621323112	1514639	OK	R D R2 B' R D' B R D R' B2
26543171111111	1205341	OK	R B R' B2 R D' R D R2 B2 D2
67341252222323	1289614	OK	R B D2 R2 B' R B R' B R2 D
71463523331222	1310667	OK	R B D2 R2 B' R B' D' B2 R2 D
74561232221111	1422140	OK	R B' R2 B' R D2 B2 R B' D2 R
35426713111313	1314666	OK	R B2 R B2 R2 D B' R B2 R D2
25736411331113	1405288	OK	R B' R B D2 R' D2 B R D2 R'
32751643321232	1277956	OK	R B D B' R2 D2 B R' D' R D2
57364212313211	1197011	OK	R B R D2 R B2 R B' R2 D2 B'
54371261113331	1231538	OK	R B R2 B2 D B' D2 R D R2 B2
76354123313333	1343554	OK	R B2 R2 D B' D B' R2 B D2 R2
64321572311132	1388389	OK	R B' R2 B D R2 B2 D R B R2
32465173233221	1514988	OK	R D R D' R D' B' R2 D2 B' R
41723562313211	1237781	OK	R B R' B R2 D R' D' B' D2 B'
47165322232133	1260702	OK	R B R D2 R2 D B R B' R2 B'
67321453113311	1341319	OK	R B2 R' D' R' D B2 D B2 D' R2
52341671122211	1387456	OK	R B2 D' R2 D' R D' B' R2 B R2
63471522123131	1417625	OK	R B' R' B' R D2 R' D2 R' D R
65132471323121	1501892	OK	R B' D' B D2 B R' B' R D2 R2
36527412211322	1387892	OK	R B2 D' B' R D' R B2 D' B R'
65271432231233	1246754	OK	R B R B' D R' D R2 D B D
16745232121313	1311884	OK	R B2 R B' D B2 D' B2 R D' B'
23174652123131	1243645	OK	R B R2 B' R D2 B' R' D2 R B'
45367211211122	1361940	OK	R B2 D2 R2 B D' B R2 D' B D'
42613572313211	1237671	OK	R B R' B2 R' D' B' R D2 B R'
75416323232213	1247570	OK	R B R2 B' D2 B D' B R B' D2
76345122311111	1367390	OK	R B2 D2 R2 D R D B' R D' R2
63742511232221	1261103	OK	R B R2 D2 B' D B' R' D2 B2 R
27456133132223	1266672	OK	R B R' B' D B R2 D2 B2 D' B
71462532121112	1308041	OK	R B2 R B R2 D' B2 R D B R'
47156233233113	1456321	OK	R B' R' D R2 D R' B' D B2 D2
74132562121121	1372826	OK	R B2 D B2 D R B D R2 D B'
76143253131212	1318725	OK	R B2 R D' R B2 R' D2 B D' B'
14325673311131	1384281	OK	R B2 D' R' D B2 D B D2 R2 D
76354212313322	1399187	OK	R B' R B2 D' B' D B' R2 B D'
31257643311122	1308985	OK	R B D2 B' D B' R B2 R' D2 R
47632153212311	1466737	OK	R B' D2 B' R B2 R B2 D B R2
72146352232223	1243830	OK	R B R2 B' R2 B R' D R B' D2
45673213211222	1313204	OK	R B D2 R2 B' D B' D' B2 R2 D
73652413211312	1270920	OK	R B R' B R' B D' B2 D B2 R'
36547213331333	1343890	OK	R B2 R' B D' R2 D B2 R' D R'
54612732112223	1361942	OK	R B2 R' B D' R2 B' D B' D2 B2
35462173131311	1323034	OK	R B2 R D2 R2 B D' B R2 B D2
75241632222323	1299799	OK	R B D2 B2 R B' R2 D B D2 R2
47652132231323	1253202	OK	R B R2 D2 B2 D' R D' R' D B
51724362122222	1313591	OK	R B D' B2 D B R2 B R' B' D
31265471122133	1344444	OK	R B2 D R' B D R2 B' R D' R'
14725361111111	1190755	OK	R B R B' D R' D B2 D2 B D'
21354672311123	1479008	OK	R B' D2 R D2 R' D B' D2 B' D
16723451122133	1248710	OK	R B R' D2 B2 R' D B' D' R B2
53642171111111	1221983	OK	R B R' B2 R D' R D R2 B2 D'
56432713122122	1367626	OK	R B2 R' D B' R2 D' R B' R2 B2
26153471122121	1391216	OK	R B2 D' R' B2 R D2 B' D R B2
35476122221111	1257879	OK	R B R' D B2 R' B R' B2 D2 R
12347651122112	1443575	OK	R B' D R2 B R2 B' D B' D2 B2
76354121313131	1249445	OK	R B D R B D' R' B D2 R' D
56347212123233	1382099	OK	R B2 D' R B2 R' B' R B' D2 B2
51324763113332	1280509	OK	R B R' B' D B D' B2 R2 B R2
52376413222223	1275223	OK	R B R' D' R B D2 R2 B2 R' B
34167252213323	1257303	OK	R B R' D' R B D2 R2 B2 D R
36527412131222	1436360	OK	R B' R' D R' B' R D2 B' D2 B
12376542121232	1309888	OK	R B2 R B D2 R' B2 D B R B'
53476121323322	1507338	OK	R D R2 D2 B' R B2 R' D B2 D'
67354121111111	1182235	OK	R B R B2 R B R2 B R B R'
16574231113133	1244513	OK	R B R2 D2 B2 D' B R' D' R D
37614523232213	1398152	OK	R B' R D' B R D' B R B' D'
76345122211121	1324788	OK	R B2 R2 B' R' D B2 R' D B D2
41563273113311	1242003	OK	R B R2 B2 D R' D' B D2 R B
76312453311311	1331496	OK	R B2 R' B' R' D R2 D R2 D' R2
76341253221212	1430815	OK	R B' R' B D' R' B D2 R' B2 R
65174232323312	1341955	OK	R B2 R' B D2 R' B' D' B2 R D
46123571111111	1203694	OK	R B R' B2 R D' R D' R2 B2 D2
73645211231111	1439310	OK	R B' D R2 D' R D' B R2 D2 B2
41657321222312	1282618	OK	R B R' B R' D B2 D R' D B2
36745212123323	1380681	OK	R B2 D' R' D B' R B2 D' R B'
72541631111312	1394640	OK	R B' R B R2 D' R D' B D2 B'
34516271111111	1236565	OK	R B D B' D2 B' D' R' B R2 D'
17426531132312	1406895	OK	R B2 D' B R2 B2 R' B D2 R' B2
32561471113133	1397183	OK	R B' R B' D2 R D R2 B' R B'
13254763323122	1526921	OK	R D R' B' D' B' R2 D R' D2 R
14726532232313	1346700	OK	R B2 D B D2 R2 B D' B D2 B'
16543721111111	1221167	OK	R B D R2 D R' B' D R' B2 D
63472512123332	1221057	OK	R B R B2 R' D B2 R' B2 R B'
76213543311332	1324484	OK	R B D' B R' B R' D2 R B2 D'
76143252221222	1307774	OK	R B2 R B' R B2 R' D2 B D' R'
16523741112212	1227192	OK	R B R D2 R2 B' R D2 R' D2 R2
12357461113331	1359988	OK	R B2 D2 R D2 R D' R' B' D2 B'
63142571111111	1213716	OK	R B R' D' B R2 B R B' R2 B2
36714523132223	1318955	OK	R B2 R B' D2 R B D2 R' B' D
35461271111231	1463067	OK	R B' D2 B R' D R2 B' D2 B R2
13245671321111	1522799	OK	R D R' B D2 R D' R' B' D2 B'
67354212111221	1343116	OK	R B2 R' B R2 D' B' R' D2 B D
24615732213311	1279337	OK	R B R2 D' B R D2 B2 R B' R'
14573261333111	1281028	OK	R B D2 R D' B R2 B2 D' R' B
31264572122213	1300916	OK	R B D' R2 D' B D B R2 B2 R
25741632222323	1356062	OK	R B2 D B2 D' R D' R B' R' D'
13246572321332	1360667	OK	R B2 D R2 D R D B R2 B R'
36145272131312	1285837	OK	R B D2 R' D B R B2 R2 D' B
17364251231231	1413832	OK	R B2 D' B2 D R D2 B2 R' B' R2
76354123211123	1324245	OK	R B2 R D B2 D' R' B2 D B D'
65174233323212	1351899	OK	R B2 R' D B2 R' B' D' R2 B D
12765432121313	1293516	OK	R B D2 B2 D' B' D2 R B2 R' D2
71462533221113	1409638	OK	R B2 D' B D2 B2 D' R D2 B' R2
47321651311133	1214623	OK	R B R B R2 D' B2 D R2 B' D'
15426371111111	1233782	OK	R B D R2 D R' B' D R' D2 B2
13462571111111	1234534	OK	R B D R2 D R' B' D' B2 D2 R
47156233211132	1439570	OK	R B' R2 D R2 D' R B' D2 B' R
14523672121313	1292496	OK	R B D2 B2 D' B' D2 R B2 R' B2
27134561131133	1247741	OK	R B R' B' D R D' R D2 R' B
54362171113133	1210055	OK	R B R B D' B2 D R' B R' D'
72165432211112	1335409	OK	R B2 R' D2 R D' R' D B2 R D2
37624513131323	1258861	OK	R B D R B2 D2 R2 D B2 D' B2
45321671212211	1288454	OK	R B D' B' D' R D2 B' D R2 D'
14762351221331	1516998	OK	R D R2 D' R' B2 D B' R B D'
45612371133221	1527499	OK	R D R' B2 R B R' B D' B D2
47265312131312	1279144	OK	R B D B2 D' B' R2 D B' R' D'
46523711331332	1261527	OK	R B R2 B' D B' D R' B D B2
34172562132332	1337725	OK	R B2 R D' B D' B' R2 B' R2 D2
72345613333331	1480725	OK	R B' D' R D' B' R B2 D' B2 D
45321671221121	1390793	OK	R B' R B R2 D2 B R D2 R2 B'
36147251131211	1367257	OK	R B2 D2 R' B R B2 R2 D B D
24516732233111	1266537	OK	R B D R2 D R' B' D R' B2 R'
16524731112233	1422108	OK	R B' R' B2 D B' D' R D' R2 D'
65271341332331	1271800	OK	R B R2 D2 B R' B D' B R' B'
52314761322122	1332762	OK	R B2 R2 B D2 B' D2 R D' R2 D2
74561233111112	1384875	OK	R B2 D' R' B2 D B D2 B2 D' R'
63741252222323	1364571	OK	R B2 D B2 D' R D' R B' R' D
73125463133132	1276303	OK	R B R' B2 D B' R B D' B2 D'
15624732133313	1281027	OK	R B D2 R2 B R' B D R' B2 R'
14765231111312	1404156	OK	R B' R D R' B2 D B2 D B' R
12375641113112	1517972	OK	R D R' B2 R' D' R' D B2 R D'
74325613133333	1283746	OK	R B D2 R' D R B R2 B2 D' B
32164572232223	1391112	OK	R B' R B' D R D' B D B' D'
51724363121213	1306324	OK	R B D' R2 D B R2 B D' B' D
31264752132122	1337495	OK	R B2 R D' R B' R' B2 R' B2 D2
76514321112323	1248104	OK	R B D B2 D B' D' R D' R2 D2
26135742213323	1249996	OK	R B R' B D R2 B' D R B2 R'
14625731131121	1481156	OK	R B' D' B' D R2 B' R2 B R' D
35462171212121	1265609	OK	R B D B2 R' B2 D B R2 B R'
76341251112131	1390468	OK	R B2 D' B' R2 D B D2 B2 D' R'
26715433231322	1290844	OK	R B D' R B D2 B2 D' B' D2 R
45673212212132	1279909	OK	R B R' D2 B2 D' R' D B' R B'
32164572232313	1398353	OK	R B' R D' R B2 D' R' B D2 B'
25714632223331	1439339	OK	R B' R2 D R2 D' B R' D2 R' D
32156742313223	1406597	OK	R B2 D' B D' R D2 R D R' D2
31456722111221	1267253	OK	R B D R B' D2 R2 D' B2 R' B
75264311223122	1337764	OK	R B2 R2 B R2 B D2 R' D B2 D2
24536713231232	1255361	OK	R B R D2 B D2 B2 D R' B2 D2
76345123311113	1321837	OK	R B2 R2 B' R D' R2 B R' B' D2
71432561232323	1379077	OK	R B' R B2 R' D2 B R' D' B' R
32546713323212	1274043	OK	R B D B D' R2 B2 R' B2 D' B
43675211221331	1280317	OK	R B D R B D' R2 B R2 B D2
36721452122213	1372816	OK	R B2 D2 B R B2 R D R2 D' R
36721452121322	1390470	OK	R B2 D' B R D' B R' D2 R' B
67354211212121	1237255	OK	R B R' B2 R D' B2 R D B D2
34725611212211	1372423	OK	R B2 D2 B D2 B R' D R2 D' R
13527461211113	1461132	OK	R B' D' B D2 R' B D R D' R2
52147631131211	1357337	OK	R B2 D B' D B' R2 B D' B' R
46375213123121	1461553	OK	R B' D2 R D' R' D B D' R B2
12354763131131	1312493	OK	R B2 R B2 R2 D R' D R2 D R2
36125473232222	1394686	OK	R B2 D' B' R D2 R B R2 D2 R
21364753212212	1253032	OK	R B R D B D' B2 R B2 R B2
64271533221212	1387303	OK	R B2 D' R2 B D' R' B D' R D'
25463713212332	1276729	OK	R B R' B' D2 B' D' B2 R B2 R'
46125731333123	1287587	OK	R B D R' D B D2 R' D R B2
41725631211122	1334692	OK	R B2 R' D R' D2 B2 R' D' R2 B'
71532463221332	1253407	OK	R B R D2 R D' R B' D B D
74163251121122	1370724	OK	R B2 D2 B D2 B D' B D2 B' R
31264573222223	1327410	OK	R B2 R D' B2 R B R2 D' B' D
14527632212111	1369698	OK	R B2 D2 B R2 B R' D B2 D' R
34725612231212	1368548	OK	R B2 D2 B R D2 R D R2 D' B
75213642223133	1308978	OK	R B D2 B' R B' R D2 R' B2 R
76325412231212	1367101	OK	R B2 D2 B D B2 D B R2 B' R
74163252131111	1365539	OK	R B2 D2 R2 D' B' R B' R2 B D
13254761322233	1430311	OK	R B' R' D2 B D' R' B D' R2 D'
73456123231322	1227085	OK	R B R D B' D2 B R' B R' B'
32745612313322	1231012	OK	R B R2 D B2 R' D' B' D2 B' R'
73625143333313	1253860	OK	R B R' B D2 B R2 D' B R' D'
32761453133333	1279491	OK	R B D2 B2 D R D R' B2 R' B
76143252131312	1277388	OK	R B D2 B2 D R B D' R2 D' B
21654372231323	1345506	OK	R B2 D R2 D' R D' B D' B' D'
36714522122213	1312056	OK	R B D' B2 D' B R D R2 D2 R
12753462231323	1240817	OK	R B R2 B2 D R' D2 B R D2 B2
12347561112212	1289134	OK	R B D' R D R2 D2 B' R' B D2
12745633131131	1394599	OK	R B2 D' B' D B2 D R B2 D2 B
54123673233323	1401670	OK	R B' R D R2 B' D R' B R2 B'
35472163231322	1322212	OK	R B2 R' B D2 R' B D B D' R'
74125633332323	1390451	OK	R B2 D' B' D2 R B R2 B2 R' D'
25716433223213	1347153	OK	R B2 R2 B' D B' R B2 R B D2
76325411331311	1443481	OK	R B' D R' B2 D B R2 D' R D'
72365413331333	1317649	OK	R B2 R D' B D2 B' D2 R D' B'
16524731113133	1292211	OK	R B2 R B' D2 R2 D' B R D2 R
34725612121322	1380741	OK	R B2 D' R D R' D B' D2 B' R
13576241321321	1278320	OK	R B R' D B R' B2 D R' B D'
71462532111212	1258431	OK	R B D R' D2 B D' B2 R2 D R'
64275311112332	1323172	OK	R B2 R2 B R' B2 D R2 D B2 D2
32456173212332	1290881	OK	R B D B D2 R B' D2 R2 B' D
14752631112311	1392028	OK	R B' R B' D2 B D2 R' D R B
54376211111132	1310252	OK	R B2 R2 D2 B' R B D' B D' R2
27516341111111	1174857	OK	R B R B2 R B2 R B R B2 D2
71432563232213	1339239	OK	R B2 D B R2 D2 B D' R B2 R'
25734162221111	1232905	OK	R B R2 B2 R B2 D R2 D2 B R'
27634511131133	1337776	OK	R B2 R' D' B' R D2 R B2 R' B2
43615272113321	1238189	OK	R B R2 B' D2 R2 B R B' R D2
52163471112122	1337843	OK	R B2 R' D' R2 B2 D R B R' B2
12365741113331	1296218	OK	R B D' B R D2 R2 D' R' B2 D
12347652123233	1333150	OK	R B2 R' D2 R B' R' D R2 B D2
36714523132322	1312351	OK	R B2 R B D' R B R B2 D B2
71345262132131	1538682	OK	R D B2 R' D2 R' D B' D2 R2 D
17643251122112	1247120	OK	R B R' B R' D2 R B' D' B' D'
31572461122133	1242269	OK	R B R2 D2 B R2 B R D' B R2
76325412333233	1361453	OK	R B2 D2 B R2 B D' R B2 R' B
43512671313332	1248369	OK	R B R' D R' D2 R B R2 D' B
76342511111321	1437663	OK	R B' D B2 D' B2 R B' D' R' D
76312542321212	1265778	OK	R B D B' R2 D B' D2 R2 B R'
23167541233322	1386357	OK	R B2 D' B2 R D' B' D R' D R'
61543271112311	1395708	OK	R B' R2 B' D B2 D B2 R D B2
71426353312211	1330716	OK	R B2 R D R2 D' R' B2 D B R
16725432211121	1334034	OK	R B2 R' D R' D R2 B' D' R D'
41726352313322	1241589	OK	R B R2 D2 B R' B' R' D2 R2 B'
62531472321233	1298221	OK	R B D' B D R2 D2 B' D' R D2
61234572231323	1346481	OK	R B2 D R2 D' R D' B D' B' D
36752143133222	1447740	OK	R B' R' B' R2 D B D R' D' B
23164752131312	1270456	OK	R B D R2 B2 D B' D B' R D'
47132562311111	1296301	OK	R B2 R B2 R' B2 R B2 D2 R2 D'
71423563213232	1274383	OK	R B R' D2 R' D R2 B' D2 B R'
43572612312323	1364851	OK	R B2 R' D2 R D' B D' B2 D R
21354761133311	1318341	OK	R B2 R2 B' R B' R2 D B' R' D2
13546271321321	1435253	OK	R B' R' B2 R D' R2 B D2 B' D2
31256471231222	1242063	OK	R B R B2 D B2 D2 B R' B2 D2
16527341111111	1225474	OK	R B D R2 D B2 D R B R2 D2
12347653111133	1312918	OK	R B2 R2 D B D2 B D' R' D2 B
76341252323333	1330648	OK	R B2 R' D B' D R2 B' R' B D'
27536412332312	1337430	OK	R B2 R2 B' D R' D R2 D B D2
74163253121111	1409180	OK	R B' R D R2 B' R' B D2 B' R'
54367122311111	1331042	OK	R B2 R' B2 D2 R' D2 R' D' R2 D2
27534161111111	1177056	OK	R B R B2 R D' B' R B' R2 D
35462172213311	1395409	OK	R B2 D' R B' D R2 D R B' D2
26437512122312	1388700	OK	R B2 D' R2 B D' B' R D' R D'
34165271121311	1384429	OK	R B2 D' R' D2 B D B2 D2 B' R'
53476121323112	1508346	OK	R D R2 D2 B' D B2 D' B R2 B'
74265312333233	1278815	OK	R B D2 B' D2 R D' R2 D B D'
15463271313113	1237105	OK	R B R2 D R' D R2 D2 B' R' B
35426713312211	1398884	OK	R B2 D' R D' R D2 R B R' D2
23165472111122	1311608	OK	R B2 R2 B' D2 B D B' R2 D B'
12364751113133	1328839	OK	R B2 R' D R2 B' R D R D' B'
23176452132221	1340080	OK	R B2 R2 B' R D' R D2 R B D2
65174322313211	1184790	OK	R B R B2 R B2 R B' D2 R2 B'
72541631113121	1364881	OK	R B2 D2 R' D B R2 B2 D R B
14652733321331	1241330	OK	R B R B D2 R D' B2 R2 D' R
47132652233321	1365408	OK	R B2 R' D2 R B' D B' D2 B R
76354122112121	1292282	OK	R B D' R B R2 B R' D2 B D2
54367121113211	1280187	OK	R B D' B2 R2 D' R' B R' B R
67321451311133	1284367	OK	R B D' B' R D' R B2 D' R' D2
12365471211122	1352071	OK	R B2 D B' D2 R' D R D' R D
14527631211131	1395247	OK	R B' R B R2 D' B' D B2 D' R'
74312652333332	1233021	OK	R B R2 B2 D B' D B' D R B2
35462173221221	1457805	OK	R B' R' D' B2 R B R B' D' B
24315762213323	1255538	OK	R B R' D R B2 D' R D R2 D'
62135743222331	1277631	OK	R B R' B' R D' R2 B2 D' B' R2
51742632323231	1327593	OK	R B2 R' B2 D2 R' B2 R' D' B2 D2
17246351111111	1182307	OK	R B R B2 R D' B' R B' D2 R2
14625732233111	1302249	OK	R B2 R D' B R D2 B' D R B
56741232111113	1368801	OK	R B2 D2 R' D R B2 R2 D R D
72165433233323	1393378	OK	R B' R B R' B2 D R2 D R' D
42573612323231	1296160	OK	R B2 R B2 R' B2 D2 R' B2 R2 D'
24153672321233	1215781	OK	R B R B2 R2 D' B R2 B' D2 B2
56247132333233	1275257	OK	R B D' R' D' R D2 B' D B2 D'
15724632323231	1360752	OK	R B2 D2 R2 D R B R' B D' B2
54367123311113	1272228	OK	R B D2 B2 R B' R B' R D R
26453711333333	1327017	OK	R B2 R2 B R' D2 B R2 B D2 B2
56423172112121	1364455	OK	R B2 D2 R2 B R' D B2 R' D B'
32561471122211	1326861	OK	R B2 R' B2 R D' R' B D2 R D2
54362711323112	1522459	OK	R D R' D' R D' B R2 D2 B' R
67345211211122	1320440	OK	R B2 R2 D2 R' D R D2 R2 B2 R'
13725642332132	1536122	OK	R D B2 R' D2 R' B R' D2 B2 D
14726531232122	1411367	OK	R B' R2 D2 B' R D' B2 R D' R2
65423713321322	1261783	OK	R B R2 D2 B2 D' R D' R B2 R'
16374521112323	1244558	OK	R B D B2 D B' D' R D' B2 R2
21374653333121	1318248	OK	R B2 R D R2 D R' B' R2 D2 B'
37624513231313	1229113	OK	R B R2 B' D B2 D' B R D2 B'
21354761113211	1364167	OK	R B2 D2 R2 D B R B' R D' B2
12357641113331	1216146	OK	R B R2 B2 D B' D2 R D B2 R2
17642531111111	1179889	OK	R B R B2 R D' B' R' D2 R2 B
23167542131222	1392601	OK	R B2 D' B2 R D' R' B R' B D'
15734622331223	1234464	OK	R B R B D B' D2 R B2 R B2
14726531223122	1448665	OK	R B' D2 R2 B' D B' R2 D B' R2
14527632122213	1371846	OK	R B2 D2 B D R2 D R D2 R' B
24561372111131	1447203	OK	R B' D2 B R' B R B2 D' B R
45613271331221	1266073	OK	R B R' B2 R' B D2 R' D2 R B'
35246171111111	1179903	OK	R B R B2 R D' B' R B' R2 B2
24651731113223	1299367	OK	R B D' B D' B D2 B2 D R D
14327652131213	1271712	OK	R B D2 R' D' B2 D R D2 R D'
25436712123332	1307860	OK	R B2 R2 B' R2 B D R' B2 D B'
54721631122121	1385952	OK	R B2 D' R D2 R' D' B R' B2 R2
56132472333332	1356520	OK	R B2 D2 R2 B D' R B2 D' B R'
17462352213311	1324832	OK	R B2 R B D2 B' R' B2 D R B
32765413231223	1386754	OK	R B2 D' R' B D2 B D B2 R2 B
32741653111112	1321614	OK	R B2 R2 D2 B D' B R' D2 R D'
32741652111113	1358862	OK	R B2 D B' R D' R2 D R' B' R
32615473332122	1484341	OK	R D R2 B' D2 B' D R' B2 D2 B
32145671221112	1402668	OK	R B' R D2 B R2 B' R B' D2 B2
56347212232223	1299684	OK	R B2 R D B2 D' R2 D B' R' D2
56712343211123	1325824	OK	R B2 R' B R2 B' D R2 B' R' B
73625412222323	1282102	OK	R B D2 B2 R B' R2 D B R2 D2
37452162323312	1224398	OK	R B R D B' D2 R2 D' R2 B' R
46321752111131	1447267	OK	R B' D2 B D' R B R2 D' B R
34275161312213	1214737	OK	R B R B2 R D' B' R B' R2 B'
16345271222111	1391147	OK	R B' R B2 D R2 D' B D' B2 D2
32761452121313	1238345	OK	R B R' B2 D R2 D' B D' R2 D'
23156471222132	1335467	OK	R B2 R' D R2 B' R' D' R2 B R
14356721112323	1243525	OK	R B D B2 D B' D' R' B2 R2 D
32164572233321	1445392	OK	R B' D2 R B D2 B R2 B D' B2
15724632323333	1315858	OK	R B2 R2 B' D' R B2 D' B R D2
54312672212111	1235285	OK	R B R' D' R' D R2 B' D B2 D'
76342512232223	1332281	OK	R B2 D R D2 B2 R D' R D2 R'
65134721233232	1402880	OK	R B2 D' R2 D R B2 D2 R' B' R2
36752142122132	1337338	OK	R B2 R2 D R' B D' R2 D B2 R2
35162473332122	1392815	OK	R B' R B2 R D R D' R D2 R'
23456173233122	1438207	OK	R B' D R D2 B2 R B D2 B2 R'
61274532231323	1235993	OK	R B R2 D2 B' R D B' R B2 D
72365413131212	1229944	OK	R B R2 D2 R' B' D' B D2 R' D
27435612122222	1226543	OK	R B R D2 B2 R D' B D' B D'
31257462312311	1330304	OK	R B2 R2 D2 B' D' R D' R2 D B'
34125672221222	1229304	OK	R B R2 D2 R' D' B' D B2 R' D
35426712131132	1336676	OK	R B2 R2 D B' R D' R2 D R2 B2
56423173133111	1358421	OK	R B2 D2 R2 B R D' R2 B R' B
76541233121213	1241095	OK	R B R2 D' R D B R2 B2 D' B
32761452222212	1277278	OK	R B D2 R' D' R2 D B D2 B D'
71542633132322	1243140	OK	R B R2 D' R2 D R2 B' D B R'
25736411231321	1349747	OK	R B2 R' D' B R2 D' B' R' D B2
16537421113331	1266113	OK	R B D2 B D R' B2 D R D B'
31564273113311	1258533	OK	R B D B' R B R2 B2 D' B' R
56741233111112	1321660	OK	R B2 R2 D2 B D' B R' D2 R D
14763521113211	1292363	OK	R B2 R B2 D2 R B2 R' B2 R2 D'
32145671123333	1317934	OK	R B2 R' B R2 D' R' D' B R' B'
14736523112222	1316763	OK	R B2 R D' R2 B R D2 B' D' R
76315241112113	1394030	OK	R B' R D2 R' D R' B R2 D2 B2
31264573132313	1209755	OK	R B R B' D2 B R' D' B2 D2 R'
67321542232133	1280785	OK	R B D B2 R' B' R2 B D R2 D
76215341231231	1244445	OK	R B R D' R B2 D' R2 D B R2
32145671333333	1377359	OK	R B2 D' B D R' B R' D2 R' D
14527631311121	1363205	OK	R B2 D2 R2 D' R' D R' B2 R B
13647521111111	1167847	OK	R B R D B2 D R' B' R' B2 R2
76321543311131	1253363	OK	R B D B2 D' B R2 D' R2 D B2
62543711211113	1365160	OK	R B2 D' B' R' D2 B D' R2 D' R2
12645371131121	1455507	OK	R B' D2 R' B R B D2 B R' B'
23165472132332	1390854	OK	R B' R B' R2 B R' D R B2 D'
14752633223231	1494005	OK	R D R B' D R' B' D2 R2 B' D
25436712132122	1395013	OK	R B' R D2 B' D' B D' R2 D R'
71453262222221	1351187	OK	R B2 R' D B D R' D2 B D' B'
45367211111132	1328849	OK	R B2 R' D' B2 R D' R2 D B' D2
37652143231322	1300019	OK	R B2 R D' B2 R2 B' R D R2 D
36721453113113	1406699	OK	R B' R D' B2 R D R2 B' R D'
62135471122121	1322554	OK	R B2 R2 B' D' B R2 D' B D B2
67345211311133	1292743	OK	R B2 R B' R2 B' R2 D B2 D' B
23756143222331	1466734	OK	R B' D B D2 B' R D2 B' D2 B
32567412122222	1235013	OK	R B R2 D' R B R B2 R2 D' R
62135473131131	1320870	OK	R B2 R2 B' D B' R2 D R' D' B2
35617423131332	1333881	OK	R B2 R2 D2 B' R' B D' B2 D B'
57246131112233	1299333	OK	R B D2 B2 R' D R' D' R B2 D'
54721632212222	1320956	OK	R B2 R2 D R D' R2 D' B' R2 B
41325671212211	1279422	OK	R B D2 B' R2 D R' D2 R B D'
63452711311313	1357653	OK	R B2 D2 R2 B R B' R2 D B' R
54721633313321	1300423	OK	R B2 R D' R D' B' R B' R D2
14736521221313	1392990	OK	R B2 D' R D2 R2 D' B D2 R' D2
53126471321321	1427733	OK	R B' R' B2 R D R2 B' R2 B D2
54376121322233	1296346	OK	R B D2 B2 R' B R' D' B R2 D'
72356141112323	1229359	OK	R B R' D2 R B' R B R2 D2 B'
14736521132222	1307684	OK	R B2 R D R' B R D B2 R B2
57164322131312	1245304	OK	R B R' B2 R D R2 D R' B' D
72516342313223	1318380	OK	R B2 R B R2 B' D' B2 R B R
32765411112221	1326837	OK	R B2 R' B R' B2 D2 B D' B R2
65174323223123	1389497	OK	R B2 D' B' D2 B R2 D' R D R2
36125473323233	1332728	OK	R B2 R' D B' R2 D2 R D' R B2
54361272223232	1365310	OK	R B2 D2 R' B D R2 D2 B R D
14752363233131	1310487	OK	R B2 R D2 R2 B R' B R2 B R2
54167232133313	1319761	OK	R B2 R2 D B D' R2 D' R' D2 R
67145323133312	1324598	OK	R B2 R2 B D' B2 R B2 R B2 R2
12536741112323	1192733	OK	R B R D2 R D' B' D' B2 D2 R
47265312122222	1215033	OK	R B R B2 R' D' B2 R D' R' D'
74132563132112	1389079	OK	R B2 D' R B2 R2 B' R D2 B' D2
75613243133213	1339199	OK	R B2 R' B R D R' D2 B D' R'
52341672232313	1295755	OK	R B2 R D R2 D' R2 D R' B' D2
63752143223123	1403218	OK	R B' R2 B D B2 R2 D2 B D' R'
31475261322233	1340407	OK	R B2 R' D2 B2 R' B D B' D2 B
21376541131133	1245319	OK	R B D R' D R B2 R2 D' R' B
21375462312233	1220468	OK	R B R D2 R D' B' D R' D2 R'
32465173133111	1359685	OK	R B2 D2 R2 B' D R' D R2 B' R
56127433332323	1320327	OK	R B2 R2 D2 B D' R B' D2 B R
13246573321223	1304152	OK	R B2 R B' R2 D B D2 R' D' R
76354212312233	1297447	OK	R B2 R D' R D R2 B' R B R
23164753333313	1221928	OK	R B R D2 R2 B' R B' R2 D2 B'
16573241123123	1391352	OK	R B' R D R2 D2 B2 R' B' R B2
76341251221121	1412456	OK	R B' R2 B' D B2 R2 D B' D2 R
41735621233232	1231013	OK	R B R B' R B2 D' B2 D R B2
14765231111213	1361896	OK	R B2 D2 R2 D' R' B R' B2 R D
72563411113121	1332485	OK	R B2 R' D B R B' D R' B2 D
71456322111221	1337190	OK	R B2 R' D' B' R' D2 B D2 B' R2
32465172112121	1318570	OK	R B2 R2 D2 R' B R D2 R2 B2 R'
45312761113211	1327774	OK	R B2 R' B2 R D2 B2 R' D' B2 D2
52761431113121	1350030	OK	R B2 D R' D B' R2 B R' B' R
17526431231321	1297931	OK	R B2 R B2 D2 R D2 R' D2 R2 B'
65174233331213	1263779	OK	R B D R' B2 D' R D R B2 R2
72546313323212	1324347	OK	R B2 R' B' R' D' R2 B R2 B' R2
74132562122111	1275788	OK	R B D2 R' B' D' B2 R D' B2 D
32741651131211	1331804	OK	R B2 R' D R B R' D R' D2 B
65432173232321	1418309	OK	R B' R2 D' B R B R2 B D' B'
34521672223232	1348474	OK	R B2 D R' B D' R2 D B' R' B
54167233331213	1317610	OK	R B2 R2 D R B' D2 B' R' B2 R
45721363321313	1329605	OK	R B2 R2 B D' R2 B R2 B R2 B2
12356471113133	1230104	OK	R B R2 D2 B' D B D' B D2 R
36147251121311	1323801	OK	R B2 R2 D2 B R' D B' D2 B D
65132471212112	1282466	OK	R B D' R D' R' B R2 D' B' R'
67354212311132	1272107	OK	R B D2 R2 B R' B R' D2 R B'
12734561112323	1188595	OK	R B R D2 R D' B' D R' B2 D2
61534721112311	1330943	OK	R B2 R' D2 R' D B' D2 R2 D' B
36241753212311	1400344	OK	R B' R2 B' R D2 R D2 B R B2
72143651131112	1291385	OK	R B D' B' D2 B' D2 B D' B' R'
31475262333221	1324605	OK	R B2 R2 D2 B' D' B D' R2 D R'
14275633323122	1484217	OK	R D R2 B' D2 B' R D' B2 R2 B
15672342323312	1334140	OK	R B2 R' D' R' D' B2 R B2 R' B2
32174562231212	1252604	OK	R B R' D2 R' B D R B2 R2 B
35462171131313	1212571	OK	R B R D2 B2 D' B' R2 B' D2 B2
73651241113322	1340296	OK	R B2 R' D2 B2 R' D R D' B2 D
15724631322233	1361284	OK	R B2 D2 R' B' D R' D2 B R' B2
13275461112233	1327087	OK	R B2 R' B2 D2 R' D B R' B2 R
14736251111132	1290102	OK	R B2 R D R2 B2 R' D' B2 D R'
45167323322231	1287899	OK	R B D' R D' B R2 B2 R B D
45376211333123	1423680	OK	R B' R2 D2 B D' R2 B D' B' R'
72165433121333	1319745	OK	R B2 R2 D2 R D' B2 R B D2 R2
52147631121311	1321043	OK	R B2 R2 D2 B R' D B' D2 B D'
56423171231321	1314717	OK	R B2 R2 D2 B' R D B' D B' R2
54621371133311	1276736	OK	R B D' B D2 B' D B' D R D2
16745232122222	1220900	OK	R B R2 B2 R B D B' D2 B' R
76345123311131	1254022	OK	R B D B2 D' B' R2 D B2 D' B2
14725361322332	1365978	OK	R B2 D2 R' D' R D' R2 B R' D2
13675242331313	1340352	OK	R B2 R' D R D R' B2 D B' R'
34165271311133	1287288	OK	R B2 R B2 R2 D' B D R' D2 R
73625143121213	1220331	OK	R B R B2 D2 R D' B R' B D'
41765231233232	1366011	OK	R B2 D B' R' D2 B R2 B D2 B2
14736521133131	1257377	OK	R B D B D2 R2 B2 R B2 R' D2
75246313212311	1293940	OK	R B D' R D2 B' D' B D' R2 D2
67354213313333	1260047	OK	R B D R2 D B2 D B' R' B R2
16547233332323	1317244	OK	R B2 R2 D2 B D' R B' D2 B R'
63712542221111	1239654	OK	R B R' B D B2 D2 R' B' R D2
17463251321231	1300281	OK	R B2 R D' R2 B D R D2 B' R2
25436711311313	1354061	OK	R B2 D2 R2 B' D B' R B2 D' B
61472532123332	1240469	OK	R B D R' D R' B D2 B' D2 R'
32157642231323	1262236	OK	R B D2 B R B' D2 R B D B'
43651722323132	1383227	OK	R B' R2 B R' B D R2 B' D R
62135473322321	1371040	OK	R B2 D2 R' D' B R' D2 B D' R2
32567413131212	1220849	OK	R B R2 B2 R' D' B2 R D2 R' D2
65274131312213	1285618	OK	R B2 R B' R D R2 B' R D R
15642373221323	1262611	OK	R B D B D R' D' B R2 D' B
25436713232321	1421849	OK	R B' R' B' D R2 B' R2 B D' R
32576142313223	1322857	OK	R B2 R' D R2 D' R D2 B' D' B
35246172213311	1321586	OK	R B2 R' D B2 D' R D2 B' D' R
56132473211111	1285192	OK	R B D' B' D' R2 B2 D' R D' B
56132473213211	1296748	OK	R B2 R D B' D2 B D B2 D2 R'
76143253331333	1243504	OK	R B R' D2 B R2 B' D R' D2 R'
14625732112121	1324562	OK	R B2 R' B D' B2 R2 D' R' B2 D'
41625373121213	1228008	OK	R B R D2 R' D' R2 B D' R' D'
72541631112131	1316791	OK	R B2 R2 D2 B R' B R' D2 R B
67345211111132	1311690	OK	R B2 R2 D2 B D' B' D R' D R2
52147632111113	1323683	OK	R B2 R' B R B D' R D' R2 B
52761431112131	1320705	OK	R B2 R2 D2 B R' B R' D2 R B'
67354212212222	1260722	OK	R B D R2 D B D B' R2 D' R2
21354761112233	1361426	OK	R B2 D2 R' B' R D' R2 B R' B2
76315243323323	1340918	OK	R B2 D R' D B R2 D' B R' D'
62135473132121	1367152	OK	R B2 D2 R2 D B D B' R B' R2
12364753311131	1256124	OK	R B D2 R' B R B2 R D' B' R
41236753232321	1407019	OK	R B' R' B R' D2 B' D R D B2
67354213211132	1351196	OK	R B2 R' D' R D2 B' D' R' B R2
54327612223232	1323528	OK	R B2 R' B D R B' R B' D2 R
32175462233111	1262605	OK	R B D2 R' B2 R B R2 B' D2 B
32145673311113	1296452	OK	R B2 R D B' R D2 R' B2 D R2
67321451112311	1265682	OK	R B D' R B2 R' B R' D' B R2
13275463213211	1329325	OK	R B2 R2 D2 B' R' D R' D2 R B'
16257431132111	1397593	OK	R B' R' B D2 R' D R B D' R2
53741621332112	1424603	OK	R B' D2 R D' B D' B' D' R D2
17426532121211	1206334	OK	R B R B' R2 D R' B2 D2 R B'
14723652331232	1346114	OK	R B2 D B' R2 D' R B D' B R
76541232221222	1223224	OK	R B R2 B2 R' D' R2 B D2 B' D2
16345272322232	1358969	OK	R B2 D2 R2 D' B' D R' D2 R D
34725613111112	1318045	OK	R B2 R2 D2 B' D R' D R2 D' B
23165471311133	1286149	OK	R B2 R B2 R2 D B D R' D2 R'
52134761232113	1276904	OK	R B D' R' D R2 D B D2 B2 R'
32157641232323	1286872	OK	R B2 R B' D2 R D B D2 R' D2
37624512231212	1243243	OK	R B R' B2 R' D B D B2 D2 B
52341673232213	1287672	OK	R B2 R B D2 B' R2 B R' B' D2
13246573221233	1298303	OK	R B2 R B R' B R B D2 R B2
27453161132111	1367167	OK	R B2 D' B' D' B2 R D' B2 D' B2
72345612122111	1340646	OK	R B2 D R' B2 D' R B R' D B
16745233121213	1223049	OK	R B R2 B2 R B R D' B2 D' B
43561271111111	1181477	OK	R B R D' B2 D' R' B' R B2 D'
41725633111133	1242152	OK	R B D R' D B2 D' B2 R B' R
73615423333331	1335567	OK	R B2 R' B D B R' D2 B R' D'
32164572312323	1399540	OK	R B' R2 D B R2 B R2 B D' R2
17453262211133	1241497	OK	R B R2 B' R D' B R2 B' R2 B
65714323223123	1325664	OK	R B2 R D' R2 B' R' D' R2 D' R
15624732333332	1243081	OK	R B R' D B R2 B D' B2 R D2
25471362323132	1383324	OK	R B' R2 B D' B D B2 R' D R
21376541111123	1247026	OK	R B D B' R B2 R' B D' R B2
47632153232321	1404801	OK	R B' R2 D' B R B R2 B D' B
52374161112323	1190759	OK	R B R D2 R D' B' D R' D2 R2
43176252311132	1279160	OK	R B D' B2 R B D R2 B' R D2
25743611233232	1322641	OK	R B2 R D2 R2 B D' B' R D' B
32167451213333	1375620	OK	R B2 D' R' B D' R B2 D' B D'
76354212333332	1313998	OK	R B2 R' B R' D2 B2 R' B' R2 D'
15642372231332	1291505	OK	R B D' B R B2 R B' D2 R B2
71562433123232	1255215	OK	R B D B' D2 B' D R2 B R' B
51324671211122	1226326	OK	R B R' B' D B' R B2 D2 R' D'
34275162112322	1287765	OK	R B D2 B' R B2 D2 R B' R D2
76354122212222	1234243	OK	R B R2 D2 B R' B R B' D2 B'
76523413223231	1354001	OK	R B2 D R' D R D2 B' R B R2
52471631323112	1429293	OK	R B' D2 R D' R B' R' D' R B2
14352672212111	1224891	OK	R B R2 B' D2 R B' D2 B R D'
75264133331213	1234707	OK	R B R2 D2 B D' B R B' R2 B'
36147253111112	1271093	OK	R B D2 B' R B R2 D' R' B R
51426733312211	1317585	OK	R B2 R' B D2 B' R D2 B' R' B
32146751232323	1289766	OK	R B2 R D B2 D2 B' D R2 B' R'
12467351131121	1436430	OK	R B' D2 R' B R B D2 B R' B
12364751112212	1258086	OK	R B D2 B D' R D' R' D2 B R'
14765231112131	1317596	OK	R B2 R2 D2 B' R B' R D2 R' D
64257131113223	1262058	OK	R B D B2 R2 D' B R' B' D2 R2
12376542123212	1213301	OK	R B R D' R2 B D' R2 B2 D B'
14527633312133	1276688	OK	R B D' B2 R2 D R' B' R B' D
72365412222212	1214930	OK	R B R2 B R D2 R' D' R2 B D'
67312452233321	1295341	OK	R B D2 B' D B2 R' B' R2 B R'
54761233322321	1298029	OK	R B D' B2 R2 D' B D' B' D R2
15367423211123	1258902	OK	R B D' B R B' D R' B2 R2 D
35426713131113	1204198	OK	R B R B2 D' R B R' B D' B'
74325613131212	1220420	OK	R B R2 B2 R' D' B2 R D2 R' B2
12463751231231	1316772	OK	R B2 R B2 R2 D R' D' R D' R
34125672131213	1215855	OK	R B R2 B D R2 D' R' D2 B D'
14527631121311	1320158	OK	R B2 R2 D2 B' R D' R D2 R' B
17426532331331	1352099	OK	R B2 D R2 D R' B R2 B R B
32156472333332	1307118	OK	R B2 R2 D2 R' D B D2 B2 R2 B'
14736521213333	1308672	OK	R B2 R D R2 B' R2 D R B D'
76354212213323	1261194	OK	R B D2 B D R2 B D2 B D2 B
54163271133221	1345412	OK	R B2 D R' B R D2 B' D R D2
72165433331213	1284140	OK	R B D' B2 R2 D' R D R B2 D2
74325612221222	1221768	OK	R B R2 B2 R' D' R2 B D2 B' R2
45312672223331	1341468	OK	R B2 R' B' D R2 B' R' D' R D2
76325411113121	1301962	OK	R B2 R2 B D B' D' B R' B' R
34725612322232	1306919	OK	R B2 R2 B R' D R B' R D B
13276542323312	1327784	OK	R B2 R' D' R' D B2 R' D2 R B2
36721452122321	1330627	OK	R B2 R' D R2 B' D' R' D B' R'
36125471111333	1278115	OK	R B D' B D' B2 D' B D R B2
12543671211212	1340047	OK	R B2 D R' D2 B' R B D' R B
71432562111221	1328150	OK	R B2 R' D' B' R D2 B' R2 B R2
76325411111213	1302871	OK	R B2 R2 B D' R D B' R B R
12745632111122	1261459	OK	R B D2 B R2 B' R2 B R' D' R2
42751632323231	1269188	OK	R B D' R2 B2 D' R' B D' R B
24615371112332	1273632	OK	R B D2 B R' B' R B' D2 R D'
62471532232133	1219353	OK	R B R B2 R B D2 B' R' B2 D
56347213131332	1311157	OK	R B2 R2 D B R' D2 R' D' R2 D
13276541321123	1437092	OK	R B' D2 R B R2 B D2 B R' D2
32561471311121	1303773	OK	R B2 R2 B R' B D R' B D R
74523611131112	1288440	OK	R B D' B' D2 B' D2 B D' B' R
12347653332323	1312154	OK	R B2 R2 D2 B' D B' R B2 R' B
12347651133311	1284225	OK	R B2 R B R' B D2 B' R2 D R2
41752632311123	1341126	OK	R B2 R' B' R D2 B' R' B' R D2
32741651311121	1278171	OK	R B D' R2 D' B2 R B' D' B R'
37516422333311	1260273	OK	R B D R2 D2 R D' B R' D B
54721631311133	1265956	OK	R B D2 B' R D2 B' R2 B R D2
32167452211121	1261608	OK	R B D2 R2 D R2 D' B D R2 B'
74365211313113	1327162	OK	R B2 R' D B D' R2 B2 R B2 R
27634512233321	1280182	OK	R B2 R B R2 D2 R' B' D2 B D'
74561232111113	1301462	OK	R B2 R D' R D R2 B2 R B D2
32547611121113	1268277	OK	R B D2 B2 D B' D B2 D2 B R'
41735263123223	1293701	OK	R B D' R2 B D' R' D' B D2 B'
16245371231231	1357583	OK	R B2 D R' D' B2 R D2 R D2 R2
76342513323212	1315071	OK	R B2 R' B' R' D R2 B' D2 B R2
15634722321233	1261874	OK	R B D2 B R' B D' B' R2 D R'
71423653213232	1424885	OK	R B' R' D' R B2 D' B R2 B' D
12745633313333	1275101	OK	R B D' R' B R' D' B D2 R' D2
32167453313333	1271767	OK	R B D2 B' D' B2 R B' R' B2 D2
65132471222111	1231731	OK	R B R' B D' B' D B2 R' D' R'
76312542322121	1360165	OK	R B2 D B2 D R' D B2 D B R
76543211333333	1370161	OK	R B2 D' R B D' B D' B2 D' B
13276541133122	1393140	OK	R B' R2 D B D2 B R2 B R' B2
34127651312111	1284768	OK	R B D' R' D2 R' B2 R B' D' R'
75264133121333	1217328	OK	R B R D2 R B D' R B2 D B2
16357421223113	1298433	OK	R B D' R' D' B D2 B' R D' B'
16275343122221	1304224	OK	R B D' B2 R D' R' D' R B2 R'
32145672212222	1277152	OK	R B D' R2 B2 D' R D B R2 D2
26153473131131	1263133	OK	R B D2 B2 R D' B D' R B R
46273512122312	1288518	OK	R B D' B2 D' R' D' R B2 D' R
63721541233322	1273753	OK	R B D' R2 D' R' D' B D2 R' D
45721363322231	1254236	OK	R B D R2 B2 D' R D' R' D2 B2
12347652223232	1301904	OK	R B2 R2 B D R' B' D B' R' B
63125743133312	1276669	OK	R B D2 B D' R' B D' R2 B R'
74365211333111	1317865	OK	R B2 R' B D B' R2 D2 R D2 R
14537622231323	1221912	OK	R B R2 B2 D R' D2 B R B2 D2
75246313332332	1328389	OK	R B2 R2 D R' D B' R2 B R2 D2
76543212132323	1272745	OK	R B D' R D' B2 R2 D R B D'
76354121311313	1210071	OK	R B R D2 B' R B D' B D' R'
34627512232313	1243758	OK	R B D B2 R D2 R B' R B2 D2
47135622132332	1287200	OK	R B D2 B' D B2 R2 D B' D R2
34165271131211	1292032	OK	R B2 R B' D R D2 B2 D B D2
74163252112211	1261035	OK	R B D2 R' B D' B2 R D R2 D2
35462171332331	1329337	OK	R B2 R' B R' B' R B D2 B D2
76514321232113	1273347	OK	R B D' R' D R2 D B' R B2 R2
16537421113322	1295529	OK	R B2 R D' B2 R D B R2 D' R2
36752143211132	1299400	OK	R B D' B D2 R' B' D R' B2 R2
76354213222223	1298125	OK	R B2 R D2 R2 B D R D' R2 D'
75246313312211	1312449	OK	R B2 R D R2 D' R' B2 D B R'
76351423321232	1205878	OK	R B R2 B' D' B2 R B' R D R'
46215372121223	1288427	OK	R B D' B R2 D' R2 D' R B' R'
32547611312111	1277848	OK	R B D' R' D2 R' B2 R B' D' R
14752633222223	1300837	OK	R B2 R D' B2 D' R2 B D2 B' R
76325411122121	1322831	OK	R B2 R' B2 R B' D' B D2 R B2
65123472312311	1280154	OK	R B2 R B R' D2 R B D2 B2 R'
36721452131111	1309112	OK	R B2 R2 B D' B D B' R D R
52761432131111	1288764	OK	R B D' B2 D' B2 R D' R' B R'
76231451123111	1358952	OK	R B2 D' B R' D' R D2 R D B'
76312453211111	1213887	OK	R B R' B R2 B' D B' D' B R2
75243611113232	1284065	OK	R B2 R B' R2 D R B D2 R' B2
21354671221112	1221322	OK	R B R2 D B2 D R' B D2 B D
32465172332321	1325761	OK	R B2 R' D R2 D' R D2 B' D' B2
34725613132223	1313073	OK	R B2 R2 D R D2 R B' D' R2 B
75634123323122	1289109	OK	R B D2 B' D2 B R' B R B' R2
76341251311313	1284027	OK	R B2 R B2 R2 D' R D R' B2 R
45312762311111	1231094	OK	R B R' D2 B2 R' B' R B' D B
34725612331322	1325031	OK	R B2 R' D B2 R' D' R' D R' B'
12376451221211	1254390	OK	R B D2 R' D R' B2 R' B2 D' R2
16427531231321	1291444	OK	R B2 R D B2 R2 B' D' B2 D R'
72543163211111	1314919	OK	R B2 R' B2 R' D R' B2 D2 B' R
31462751113322	1279684	OK	R B D' B' D R2 D B R2 B2 D'
63754213122122	1250361	OK	R B R' B D' B2 D B D2 R' D
56723411121113	1250008	OK	R B D B' R2 B' D' B D B2 R'
72165432111113	1304150	OK	R B2 R2 B R B' D' B D' B' R
65174232123131	1232419	OK	R B R2 D2 B R' B D' B2 D B'
74156322313223	1300626	OK	R B2 R B R2 B' D' B2 R B R'
73516243332131	1266793	OK	R B D B2 R2 D R' D R' B R'
16342571331221	1356370	OK	R B2 D B' D B D' B2 R2 D R
64351272132131	1276944	OK	R B D2 R' D2 R B2 D' B D B'
34725613311113	1235676	OK	R B D R B2 D2 R2 D B2 D' B
63471522332132	1408276	OK	R B' R' D' B R2 B' D2 B' D R
17425631122112	1279894	OK	R B D' B' R B' R' B R' D R'
47162351322122	1265459	OK	R B D B2 D2 B R' D R' B D
74156322122321	1254701	OK	R B D R2 B' R2 D B D2 B D'
23156473323332	1232597	OK	R B R' B2 D' R2 D R' D2 B R'
71456321322323	1287619	OK	R B2 R D R' B2 D2 R D2 R' B'
17426531112233	1286191	OK	R B D' R2 B D' B' D' R2 D2 B
15643271331221	1409692	OK	R B' R' B' D B2 R' B D2 B' D
76341251113121	1290338	OK	R B2 R B' R D R2 B2 R D B2
45312761133311	1205576	OK	R B R2 B2 D B' D B' D R B
76543213113131	1311617	OK	R B2 R2 D B R2 B D' B' R2 D
32561471131211	1300919	OK	R B2 R2 B R D' B' D B' D' R
74523611213111	1267813	OK	R B D2 B2 D B' R D2 R2 D R'
71543623111121	1299931	OK	R B2 R' B R2 B R2 B2 D' R D'
64275313312211	1270397	OK	R B D2 B2 R2 D' B' R B' R D2
35462173123211	1281129	OK	R B D2 B R2 B R' D' R D2 R
34725613111133	1205514	OK	R B R2 B' D B2 D' B R D2 B2
45612373132223	1290794	OK	R B2 R B' D2 B' R2 D R2 D' R
53426171112233	1230874	OK	R B R2 B2 D' R B' D' R D2 B'
75321461311112	1349087	OK	R B2 D' B R D R2 D R' D' B'
64321572132131	1379922	OK	R B' R2 B R D2 B2 R B D R2
67245131313323	1256285	OK	R B D R2 D' R' D2 B D' B' R'
65274132123332	1234170	OK	R B D R' D R' B D2 B' D2 R
67321452111122	1196591	OK	R B R D' R D' B D2 B' D2 R'
76325413222223	1311522	OK	R B2 R2 D R B2 R D' B' D2 R
52471631223113	1382466	OK	R B' R2 D R' B D' R' B' R D2
53741621323112	1386232	OK	R B' R2 D R' D B' R' B' R B2
54376211111222	1183409	OK	R B R B2 R' D' B2 D' B2 D B2
16537421111222	1205454	OK	R B R2 B' R' D2 B R' B R B'
74561231111222	1261331	OK	R B D2 B D' R D2 B' R D R'
36527412322232	1280478	OK	R B D' B D R D' R2 D B' R2
14736523113131	1217244	OK	R B R2 B' R D2 R' D R B2 D'
36745213133111	1297232	OK	R B2 R D2 R2 B' R B R' D2 R
32145672113333	1261485	OK	R B D2 B' D R2 B' D' B R2 B2
37612453122233	1244335	OK	R B R' B2 D B' R' B' D R2 D'
36527413111112	1264210	OK	R B D2 B' R B R2 D' R' B R'
64572131122223	1252377	OK	R B R' D2 B D' B' R' D B2 D'
36751243222322	1244708	OK	R B D B2 D B' D' R' D2 B D
54167231221211	1336847	OK	R B2 R' D' B2 R2 D B D R' D2
32167453321232	1258058	OK	R B D2 B R' B D2 R' B R B'
15642372213311	1302924	OK	R B2 R B D2 B' R' B2 D R B'
34621572132131	1264115	OK	R B D R2 D' R D2 B' R2 B D'
41765323122212	1280283	OK	R B D' R B2 D' R2 D' B D' B'
32765411133113	1314141	OK	R B2 R' B R D' R2 B2 R B2 R
36752142123221	1283533	OK	R B D2 B D2 B D' B' R B2 R
65174232133313	1208475	OK	R B R B' D2 R' B D R B2 R2
13246572331232	1210940	OK	R B R2 B D' R B2 R D2 B D
27534162311111	1239888	OK	R B D B' R2 D B' R' B D' B2
14736521211212	1212538	OK	R B R2 B R' D B2 D B2 R D
12376541322233	1291401	OK	R B D' B2 R D' B' R' D2 R2 B
32476513232231	1382207	OK	R B' R D' B R2 B2 D2 B' R D
12365472223232	1297116	OK	R B2 R D' B R D2 B2 D R D2
32765411331113	1323354	OK	R B2 R' D R D' R2 B2 R D2 R
36125473111211	1268480	OK	R B D2 B2 D' B' D2 R D B2 R'
17526431131121	1257824	OK	R B D2 R' D' B' D R' D B' D2
67345211112233	1302029	OK	R B2 R2 B' R B D' B2 R2 D' B
14632571321132	1366919	OK	R B' R B' R' D B R2 D' B' D
63452712333221	1279251	OK	R B2 R B D' B2 D B D2 B2 R'
67254313311113	1224342	OK	R B R' D R2 D' B D' R B D2
32145671132222	1323409	OK	R B2 R' D B' R2 D2 R' B' D2 B'
52743611111213	1249320	OK	R B D B' R2 B D' B D' B2 R
76543212323213	1256874	OK	R B D2 R' B R' D2 B D B2 D2
76145231131112	1261355	OK	R B D2 B2 D' B D2 R' B' D2 R
65274133132223	1279752	OK	R B2 R B2 R2 D R B D' R2 D'
67312541121221	1243433	OK	R B D R' B2 R' B R2 D R' B
72541631111213	1265525	OK	R B D2 B' D B2 D B2 D2 R' B
52761431111312	1251320	OK	R B D B' D2 R D' B D' B D2
52743611112131	1268588	OK	R B D2 B' D B R2 D' B' D R
42573613322231	1214494	OK	R B R2 D' R' D' B R' B D' R2
47156322132311	1262442	OK	R B D2 R' D' B R D2 B2 R2 D'
54167232112112	1326595	OK	R B2 R' B' D2 R2 B R D R' D2
76341251111213	1265572	OK	R B D' R D R B' R2 B R' B2
72165433221233	1316038	OK	R B2 R' B R' B2 D2 B' R' B2 R'
25741632312323	1308881	OK	R B2 R2 D2 B' D B D' R B' D2
52367412322232	1265542	OK	R B D2 B' R B2 R D2 R2 B' R
32165741111132	1254827	OK	R B D2 B D' B' D R' D' R2 D
21376541112311	1253246	OK	R B D B' D2 R2 D B' R' B2 R2
37614522111221	1281398	OK	R B2 R B' R D' B' D R2 D' B
14527633132322	1292972	OK	R B2 R D R' B D2 B' D2 R D2
73645213333112	1338640	OK	R B2 D B' D B R2 D' B D' R'
32561471121311	1264145	OK	R B D2 B' R B R D' B R' D2
21654372233321	1309196	OK	R B2 R2 D2 B' D R B' D B' D2
41725633121123	1293168	OK	R B2 R B' D R D2 B' R B D
62374513112321	1385887	OK	R B' R2 B' R' D' R D2 B D' B2
23147652312323	1283776	OK	R B2 R B D2 R2 D' R' B2 R D'
54231671123111	1345326	OK	R B2 D' R B D R2 D R' B' D
74125632121121	1321729	OK	R B2 R' B D' B R2 D' B' D B'
17463251122112	1250748	OK	R B D2 R D' B R2 B2 D' R' B2
31265471312213	1212655	OK	R B R2 D' B2 D B D2 B' R2 B
47256133212311	1269415	OK	R B D' R' D' R2 B2 D' R B' R
31265472312233	1213644	OK	R B R2 D' B2 D R D2 R' D2 R
24731562311231	1322802	OK	R B2 D R B2 D2 R' D2 R D' B2
62147353123121	1353072	OK	R B2 D' R' B' D2 R B' D2 B' R2
76354121122121	1202655	OK	R B R B2 D' R2 B D R2 D R'
12354763133111	1200034	OK	R B R B2 D2 B' D' R2 D' R2 D2
21354671122112	1202788	OK	R B R D2 R B' R D2 R B2 D
74523612111311	1232431	OK	R B R' D2 B' D B' R' D2 B R
52641733232321	1290124	OK	R B2 R D R' D2 R B R2 B2 D'
52714633223123	1349519	OK	R B2 D2 R2 B D R' D2 B R' B
52736141322233	1232608	OK	R B R2 B2 D' B D' R' D R2 B'
71452363213232	1349674	OK	R B2 D R' B D B' R2 D2 B R
54721632133232	1323820	OK	R B2 R' B' R2 D2 B R D B' D2
74163253332323	1264460	OK	R B D2 B' D B R D' R D' R2
27154632311132	1219999	OK	R B R' D R2 D R D B R2 D2
52714633213223	1323432	OK	R B2 R' B' D2 R D' R2 D R' B2
74561233311233	1214744	OK	R B R' B2 R' D2 R B2 R D R2
56723411113313	1240184	OK	R B D R' D2 B2 D B R2 B R2
61572432312323	1236435	OK	R B R2 B' D B2 R' B' D2 B R'
52761431111213	1269805	OK	R B D2 B' D B2 D B2 D2 R' B'
47123651233232	1386134	OK	R B' R D R' B D' B2 R B R2
32167451222222	1282845	OK	R B D' B2 R D B2 D B2 D2 R
14625731322233	1301183	OK	R B2 R2 B' D R B' D2 R2 B' R
32156472332321	1320392	OK	R B2 R' D B2 D' R D2 B' D' R2
76315241323313	1338431	OK	R B2 D B' R D R2 B' D B' R'
26153473132121	1323614	OK	R B2 R' B2 R B2 D2 R' B' R2 B2
72643513212311	1272184	OK	R B D' B R2 B' R B' D' B D2
47156323223123	1302093	OK	R B2 R2 B' R' B R2 D' R B R2
64531273311311	1198040	OK	R B R D' R D B2 D2 R' D' R
61534721113211	1252249	OK	R B D2 B R' B R' B D2 R' B
23165472311111	1262194	OK	R B D' R D2 R' D B R2 D2 B2
76123453233323	1241501	OK	R B D R' B2 D R' B R' B R2
14367252322232	1266246	OK	R B D2 B' R B2 R D2 R2 B' R'
53126471231321	1218876	OK	R B R' B2 D2 R' D' R D' B R
27416532133232	1247882	OK	R B D2 R' D B' R2 B' R2 D' R2
74561233131233	1271532	OK	R B D' R2 B D B2 D R2 D2 B
34651271123111	1343116	OK	R B2 D' R B D R2 D R' B' D'
32765412323222	1264997	OK	R B D2 B2 D' B' R2 D R D2 B'
16723451322311	1279005	OK	R B D' R2 B2 D' B R' D' R D2
37561241311112	1341876	OK	R B2 D' R B' D' R D2 R B D'
36527412231122	1206704	OK	R B R2 D' R2 D R D2 B' R2 D'
13276543323122	1373904	OK	R B' R B' R B2 D' B' D B2 D'
12543672321332	1313236	OK	R B2 R' B R' D B2 R' D' B R'
14325672231323	1266052	OK	R B D' R D' B2 D' B R D B2
37614522323312	1278205	OK	R B2 R B' D R' B' D R2 D' R
74365211121221	1319856	OK	R B2 R' B D' R2 B2 R B' D R2
71432563323122	1316191	OK	R B2 D R B2 D2 R B' D B2 D'
25436713332122	1315408	OK	R B2 R' D B' D2 R2 B' D' B2 R'
76145233133213	1268219	OK	R B D2 B' D' B2 D' R D B2 R2
35462172223331	1252928	OK	R B D R B2 D' R B' D' R2 D2
76324151112233	1239916	OK	R B D B' D2 R B2 R' D R' D'
14527631131211	1256605	OK	R B D2 R' D' B R' D2 B R B
76341252232313	1246949	OK	R B D B' R B2 R' B2 D B' D
57321642311132	1192014	OK	R B R' B D B D2 R2 D B2 R2
52163473111211	1246983	OK	R B D B2 R' B D' R' B2 D B
36745212122333	1191283	OK	R B R D' R2 B D' B2 D B2 D2
12367541331131	1206004	OK	R B R2 D2 B' D R' D B D' B'
14723651112131	1266360	OK	R B D2 B' D B R2 D' B' D R'
72143651121113	1233408	OK	R B R' D' R2 D' B2 D R' B' R'
16725431211122	1227364	OK	R B R' D2 B2 D' B' D2 B R2 D'
57642311113322	1260221	OK	R B D' R D2 R2 D B D2 B R'
14325673123232	1321012	OK	R B2 R' D R' B2 D2 B R' D B2
56347211222132	1284163	OK	R B2 R B' D R' B' D R' B R2
54721633231322	1246957	OK	R B D B' R2 D2 R B D2 B D2
32167451312222	1221456	OK	R B R' D2 R' B2 R D2 R D B2
14267351321321	1276319	OK	R B D2 R2 B2 R' D B' D' R B
31276452133322	1222608	OK	R B R2 B' R D2 B2 R D' B D2
41325762313223	1270379	OK	R B D2 B2 R2 D' R' B R' B D2
74523611121113	1234400	OK	R B R' D' R2 D' B2 D R' B' R
21354761113322	1294001	OK	R B2 R D2 B2 R' D R' B2 D2 R2
21367451311331	1231302	OK	R B D R2 B D2 B R' D B2 R2
35472163222313	1252740	OK	R B D2 R' B D R2 D R' B' D
42367153211123	1187353	OK	R B R2 B' D B' R2 D R2 D' R2
12763452322232	1244154	OK	R B D R' D2 R D' B D' R2 B
74365213111211	1264254	OK	R B D2 B2 R B R' B D2 B R2
62475131322323	1234627	OK	R B R' D B2 R' B2 R' D B' D'
41736522332231	1256125	OK	R B D2 R2 B' R D' B D R' D'
32547612111311	1232432	OK	R B R' D' B R2 B' R B D B2
47256133321232	1186293	OK	R B R B' R B2 R' D R2 B' D'
57321641311112	1339551	OK	R B2 D' R B' D' R D2 R B D
72563411111213	1227899	OK	R B R' D2 R' B2 D R' B' D R'
24157361313212	1322810	OK	R B2 D B R2 B R2 D2 B D' R2
74156322122123	1228104	OK	R B R' B R B2 R D' R2 B R2
15642373212311	1235385	OK	R B R' B D2 R' D' R D' B2 D2
16345271133131	1278164	OK	R B2 R B D' R D2 R' D2 B R2
76245311121131	1268216	OK	R B D' B D2 B' R D R2 B2 D2
36125471312111	1263830	OK	R B D2 B2 D' B R2 D' B' D2 R
16243571231231	1374894	OK	R B' R B R' B D' R2 B R B2
74156323133123	1267318	OK	R B D2 R2 B D' R D B' R2 B'
13267451311133	1192312	OK	R B R D2 R D' B' D' R2 B R
35461272222323	1196558	OK	R B R2 B R B' R2 D B D R'
32175461333111	1237279	OK	R B D R' B2 R D' B2 R B' R
12537461332112	1267274	OK	R B D2 R D' R D2 R2 B' R' D
12354762311123	1258607	OK	R B D B D2 R' D B' R' B2 R2
73615421113322	1253934	OK	R B D2 R2 B2 R' D' B' R D2 B'
36714252232223	1185628	OK	R B R B2 D B2 D R' B R2 D2
14625732213323	1198134	OK	R B R2 B D R' D2 R' D2 R' B2
17425631313113	1232589	OK	R B D R2 D R2 D' B2 R D R2
14752633223123	1346069	OK	R B2 D2 R2 B' R B' R D2 B' D
21654373332122	1345667	OK	R B2 D2 R2 B R' B R2 D' R B'
76521433232333	1226879	OK	R B R' B2 D' B R' D' R2 B D
32741651211131	1234241	OK	R B R' D' B D2 R' D2 R' B R'
65274133312223	1189262	OK	R B R D' R2 B R D' R D2 R
72143563222331	1296292	OK	R B D' R' D R D' B R2 B' D
12473561132123	1366957	OK	R B' R D R' D2 R' D' B' D B'
36745212223232	1258717	OK	R B D2 R' D' R D' R2 B D R'
75234161322233	1231347	OK	R B D R' B2 D B2 D' B R' D'
14723651111213	1247099	OK	R B D B' R2 B D' B D' B2 R'
54312671131331	1207914	OK	R B R' B D2 B' D R' B R B2
36721452223232	1259384	OK	R B D2 R' D' R D' R2 B D R
43615271333312	1241391	OK	R B R' D R2 D R2 B' D B' R'
62173543232132	1320148	OK	R B2 D R B2 R B2 D2 R B' D2
32165743311131	1182712	OK	R B R B2 D2 R2 B R' B2 R B'
31265471122112	1246778	OK	R B D2 R D' B R2 B2 D' R D2
13546271213213	1252562	OK	R B D2 R2 B' D R' B D B' D'
12745632222221	1268233	OK	R B D2 B' R' B2 R' B D R2 B2
24715631122133	1192738	OK	R B R D2 B2 D' R' B' R B2 R2
12543673221323	1289390	OK	R B2 R D2 R2 B' D R D' R2 D
62435711222222	1241539	OK	R B R' D R' B R2 B2 R D R
53726143333121	1241687	OK	R B R' D2 R B R2 B R' D' R
72356141232113	1219920	OK	R B R' B' D R2 D R D2 R2 B'
36527412221312	1264560	OK	R B D2 B' R' B2 D R' D' B2 R2
14736253222223	1236822	OK	R B R' D' B D' B D2 R' D' B2
32164573323212	1280472	OK	R B2 R B' D B2 D2 R B R2 B'
74563211232332	1264002	OK	R B D2 R B2 D' B' D' B2 D' B'
56741231121311	1208615	OK	R B R2 B' D B D2 R' B' D R
74561233321133	1195038	OK	R B R2 B D2 B' D2 B' R D R2
61234573232213	1194285	OK	R B R D2 B D2 B R' B R2 D2
47352612311132	1233381	OK	R B D R' D' R D2 R D2 B' D2
15267431223113	1230321	OK	R B R2 D R' B R2 B2 D' R' D
56712341232113	1221370	OK	R B R' B' D R2 D R' B R2 B2
62135473232231	1300486	OK	R B2 R D2 B2 R' B D' R2 B2 D2
31564272213311	1240453	OK	R B D R' D R2 D' B R' D R2
16725431131211	1258554	OK	R B D2 R' D' B R' D2 B R B'
16725433113311	1232908	OK	R B D R B2 D R2 D B' D2 R2
52641733212311	1223754	OK	R B R' B' D' R2 B2 D' B D' B
34165272323333	1205340	OK	R B R2 D2 R D2 R' B D B2 R'
72513641232323	1200894	OK	R B R2 B' D2 R2 B R' B' R2 B'
53147262123131	1194188	OK	R B R2 D' R2 D' B D R' B2 D2
76324153323122	1312779	OK	R B2 R' B' D' R' D2 B R2 B' D2
14723653313111	1209047	OK	R B R2 D2 B' R2 B R' D' R B2
14725361111123	1229756	OK	R B D R2 D2 R D B' D R' D'
54763212322232	1223464	OK	R B R' B2 R' D2 B D' B' D B'
72165432323312	1261184	OK	R B D2 B' R B' R2 D2 B' R' B2
12546371221331	1356248	OK	R B2 D2 R B2 R D' R' D' B2 D2
52163473111331	1282909	OK	R B2 R B R2 B' D2 B D' B' R2
32465173132121	1311682	OK	R B2 R2 D2 B R' B' D R' B R2
14263751131121	1369502	OK	R B' R D B2 R' D B' D B' R2
67345212111122	1193956	OK	R B R D' R D' B D2 B' D2 R
42137653122131	1317799	OK	R B2 R' D2 R' B R' D2 B2 D' R
61257343232123	1259280	OK	R B D' B2 D B' R B' R2 B2 D2
14763521113223	1205785	OK	R B R2 D' R' B' D R' B D' B2
15243671331221	1333543	OK	R B2 R' D B2 R' B D R B' D2
63174522332132	1230584	OK	R B R2 D' R2 D B2 R' D R B'
21654373332221	1328266	OK	R B2 R' D' R2 B D' B2 D R' B2
12456733223321	1379060	OK	R B' R D' R' D R D2 B' D' B
65123471112311	1223082	OK	R B R' D' R' D2 B2 R' B R' B
75346213332122	1300735	OK	R B2 R2 B' D R' D2 B R' B' R2
56723412323222	1234853	OK	R B D R2 B' R B' R' B2 D R
65132473323311	1220337	OK	R B R2 D B2 D B' R D2 R B
56423173132121	1323675	OK	R B2 R' B' R2 D R' D2 R D' B2
76543212222221	1319028	OK	R B2 R2 D2 R D' R2 B R B2 D2
37645122312221	1213758	OK	R B R D2 R2 D R' B R' D R
73654122221111	1201471	OK	R B R2 B R' B R' D' B2 R B'
15426371112233	1243567	OK	R B D2 R' D2 B D' B' R D' R2
34127651213111	1227754	OK	R B R' B' D2 B' R2 B R' D' R'
23576412233321	1238118	OK	R B D B' R' B D2 B D2 R' B2
45376213333322	1254565	OK	R B D R' B2 R' D R D B2 D2
15724632313223	1268704	OK	R B D' R' B2 D' B' R D2 B' D'
32754163211123	1205324	OK	R B R2 D B' R2 B' R' B R2 D'
74163253133213	1314999	OK	R B2 R2 D2 R B' D2 R B R2 D2
52761433121111	1229888	OK	R B R' B' R B2 D' B2 D' B R'
12567433232333	1223712	OK	R B R' B' R D2 R' B D R B2
32714652332132	1210594	OK	R B R D2 R' D R2 B' R2 B D'
14625733133111	1240209	OK	R B D B' R D2 R' B2 D B' R
67345211113322	1275160	OK	R B D' B' D R2 D B' D R2 D'
72165431113331	1214469	OK	R B R' B D' R2 B2 D R B R'
13627451332112	1241135	OK	R B R' B' D' B D2 B' D R' B'
25436712123122	1253686	OK	R B D2 B R B2 D B2 D B2 D
34526713232312	1209951	OK	R B R2 D' R' B' R B2 R B D
72136541322233	1245298	OK	R B D2 R' D2 B D' R' B D' R2
27615433313213	1203979	OK	R B R B2 R2 B D' R B' R B
52341673133111	1260130	OK	R B D2 B' D R2 B' R2 B R B2
21354761112311	1247564	OK	R B D B' D2 R2 D B' R B2 R2
14765232211211	1214375	OK	R B R2 D' B R' D2 B D R2 D2
21354763312211	1267001	OK	R B D' R B' D' R2 B' R2 B' D'
24157362323111	1327910	OK	R B2 D B R2 D2 B' R2 B D' B2
14765233323332	1261275	OK	R B D2 B' D B' R2 D2 B' D' B2
43176252123131	1218085	OK	R B R' B2 D R B R2 D' R D2
26371453112111	1310425	OK	R B2 R' B' D' R D2 B D' R B'
24651731333333	1214459	OK	R B R2 B D' B' D B' R2 D B'
14735621221112	1230509	OK	R B R' D' B R' B' D B' D R'
46375212132221	1274141	OK	R B D' B R2 D' R' B D' B2 R'
25436712323231	1212772	OK	R B R' D R2 D' R B R2 D2 B2
31247651113232	1205340	OK	R B R2 D2 B D2 B R' D' B2 D'
34562171321111	1274994	OK	R B2 R B R' B2 D2 R D2 R' D'
21367452112112	1208650	OK	R B R2 D' R B' R2 B' R2 D' R2
12456731233223	1365126	OK	R B' R B' D R2 D2 B2 D' B D
63574212123131	1210394	OK	R B R2 D2 R B' D' R2 D' R D'
65417321232113	1214949	OK	R B D R2 B2 D R D2 B2 R' B'
74365212222323	1223874	OK	R B R' D R' B2 R' D B D R2
76145232123332	1196420	OK	R B R2 B R2 B' D2 B R' D' B2
12745633323311	1286905	OK	R B2 R D B2 D2 R B' D R2 D'
13764252323231	1245722	OK	R B D2 B D' R B' R B2 D' B
32547611213111	1223016	OK	R B R' B' D2 B' R2 B R' D' R
46375212113111	1252736	OK	R B D2 B R' D' R D' B' D2 B
32561472133313	1226528	OK	R B R' D2 B2 R' B D R B2 D2
65417323232123	1260791	OK	R B D' B2 D B' R B D2 R2 B2
17463251313113	1218710	OK	R B R' B' D' R' B2 D R' B2 R
63752412322112	1259303	OK	R B D B' D2 B' R D R D2 R2
32547613111211	1196878	OK	R B R D' B2 D R2 D R B' R'
72563411111312	1217009	OK	R B R' B2 R' B D B2 R' B R
56347211213111	1236200	OK	R B D R' B D R' D R2 D2 R
72345611331332	1369150	OK	R B2 D' B' D B' R D2 B' R B'
67321451111123	1211061	OK	R B R' B R' D' B2 R2 D' B R
14325672323222	1256084	OK	R B D2 B2 R D B' R D2 R B2
14725363223213	1265259	OK	R B D' R B2 D' R' B R' D2 B'
14736251112332	1187784	OK	R B R D2 B2 R B' D' B D2 R2
46273513221212	1240340	OK	R B R' D2 R' D' R' B D2 R' B
14752631323223	1296287	OK	R B2 R2 B' R D B' D2 R2 B' R
65723143321313	1217087	OK	R B R2 B R' B' D B' D2 R B'
36527411131133	1209689	OK	R B R2 D2 B' D2 B D' B' R D2
47163522131222	1229750	OK	R B R' B2 R' B' D' R D2 B' R
67234513332122	1226427	OK	R B R2 B2 D R' D B' D B D2
51423671221331	1274212	OK	R B D2 B2 R D' B2 R B R2 D2
71326451211311	1319690	OK	R B2 R' D' B' R D2 B R' D B'
23165471312132	1233902	OK	R B D R' D2 B R D' B R2 B
32561472213122	1196256	OK	R B R2 B' D R2 B' D' R B2 R2
75346211133122	1281428	OK	R B2 R B2 D2 R' D B' D2 R2 B2
67345211111123	1210786	OK	R B R' B R' D' B2 R2 D' B R'
25134672233321	1256340	OK	R B D' R2 B R D R2 B' D B2
35162473323131	1226305	OK	R B R' D B2 R' B' R D' R2 B'
14765232331313	1312239	OK	R B2 R2 D2 R B' R2 D B R2 D2
63745123122212	1224303	OK	R B R2 D' B R2 B' D' R2 B2 D
23417563232123	1260089	OK	R B D' B2 D B' R B' D2 R2 B2
14753261333111	1208282	OK	R B R2 D' R' D' R' B R' D2 R
76321543211111	1193169	OK	R B R D' B2 R2 B D' B' R2 B2
43216573132223	1219790	OK	R B R' B' R B' D B2 R' D' B2
34165273311131	1192649	OK	R B R D2 B' D' R B' D R2 B
16743252323222	1198184	OK	R B R2 B D R' D B D R2 B'
15642372331322	1202338	OK	R B R D2 B' R2 D R B2 R D'
35162472122231	1229643	OK	R B R' D2 R' B D2 B2 D' B2 R
14765232232322	1223145	OK	R B R' D R' B2 D2 R D R D'
34127653111211	1201352	OK	R B R D' B2 D R2 D R B' R
32765411121113	1201662	OK	R B R2 B' R D R2 D2 B D' R2
14753261221112	1201358	OK	R B R2 D R' D R2 D2 B' R' B2
57236141113232	1262482	OK	R B D' B2 D' R2 D B' R' D' R
46572312132122	1220763	OK	R B R2 B' D B2 R2 D R' D R2
36147251311121	1210058	OK	R B R2 B' D B2 D R2 D2 B' D
52147631311121	1207448	OK	R B R2 B' D B2 D R2 D2 B' D'
14726531233313	1245896	OK	R B D2 R' B D2 R D' B' D' B
45312672233321	1260725	OK	R B D2 R2 B D' R B' D2 B R'
12543672322232	1237400	OK	R B D R' D2 R D' B D' R2 B'
32417652132131	1300583	OK	R B2 R' D B2 D B2 D2 R' D B'
76354123211132	1238449	OK	R B R' D R2 B' D' B R' D2 R2
74365213121333	1207607	OK	R B R2 B' D' B2 D' B R B2 D2
75641323232111	1305982	OK	R B2 R' D2 R' B R2 D B2 D R2
32165741233223	1280684	OK	R B2 R B2 D2 R' B D' B2 R2 D2
36745213232213	1193733	OK	R B R D' R D2 R' B2 D R' D
16374523211123	1215922	OK	R B R' B' R2 D' R' D R2 B' R2
63125743131233	1229865	OK	R B R' B D' R B2 R2 B R B
76351421113322	1192523	OK	R B R2 B' R2 D2 B D' B' D2 B'
34127651121113	1207196	OK	R B R2 B' R D' B R2 D2 B2 D
46157233333232	1187941	OK	R B R D' B D' B2 R' D B2 R'
34725612231332	1257717	OK	R B D2 B' R D2 B' D' B D2 B2
14736521322233	1238833	OK	R B R' D2 B D' R' B' R2 B2 D
35462172312131	1235043	OK	R B R' B2 D' B R D R2 D2 R
21734652123131	1187215	OK	R B R D R D2 R D' B R2 D2
36721451131331	1273796	OK	R B D' B D' B2 R2 D B D R'
12543672121121	1247419	OK	R B D2 R2 D B2 D' B R B2 D'
72143652111311	1196124	OK	R B R D2 B' R D' B' D2 R B'
72563412131111	1205699	OK	R B R2 B' R D2 R B2 R2 D' B'
73246153312211	1229027	OK	R B D R2 D2 B2 D' R' D B' R
74523611312111	1201893	OK	R B R2 B2 R D' B D2 B2 D R'
14325672112121	1256502	OK	R B D2 B D2 B' D2 B R' B' R2
36521472331121	1241294	OK	R B D R2 B' D' R2 D' B R B2
72143651213111	1207328	OK	R B R2 B' D B' D R2 B2 D2 B
45612373112231	1303013	OK	R B2 R2 B' D B D' R2 B2 D' R
41725632322331	1311756	OK	R B2 R' B D2 B' R D2 B' R' B2
56321473233323	1224329	OK	R B R' D2 R' D R B2 D' B D
26415731322323	1193923	OK	R B R B' D2 R B D2 B' D' B'
76245312132131	1291627	OK	R B2 R2 B' R2 B R D' B2 R D'
14527631133311	1176007	OK	R B R B D2 R2 B2 R B2 R' B
12745633313312	1274601	OK	R B2 R B R2 B2 D B' D B2 D'
45637123132121	1357419	OK	R B2 D' R' D' B2 R B' R2 B' D2
25763411332322	1257174	OK	R B D' R D2 R' B D' B D R2
34127652111311	1216950	OK	R B R2 D2 R' D2 R' B D2 B' D'
34761252323222	1188024	OK	R B R B' D2 B R2 B D R' B
35162473332131	1253886	OK	R B D2 R' D' R D R2 B2 D2 R'
72541632131111	1195224	OK	R B R D' R2 D R' B D' B2 R
35271461322233	1218489	OK	R B R2 D2 B2 D' B' R' B R2 D'
16327453232333	1213513	OK	R B R2 D2 R' B2 R' B D2 B' R'
13257641112233	1211223	OK	R B R2 D2 B2 D' R' D' R B2 D'
74523613111211	1199221	OK	R B R D' B2 D B' R' B D' B2
74125631313311	1197402	OK	R B R2 B D2 R2 B R' B' R B2
26741351232113	1165888	OK	R B R B2 D2 R B D2 R2 B' R'
47156233223312	1283724	OK	R B D' B D' R' B D2 R' B' D'
42651372213311	1209949	OK	R B R2 B2 D2 R' D' R D' B D2
32765412221312	1282477	OK	R B D' B' R B' D' B R2 D' R2
16725432232223	1185822	OK	R B R B' R D2 R' D2 B R' D
35416721113112	1279960	OK	R B2 R D B' R2 D2 B R2 B' D'
74125632131111	1193780	OK	R B R D' R2 D R' B D' B2 R'
72143653111211	1200270	OK	R B R2 B R D' R B D B2 R'
32167451333111	1239088	OK	R B D B2 R' B2 R B2 R2 D' B
74156323132331	1242177	OK	R B R' D2 B' D B R D2 R2 D
52743612131111	1206620	OK	R B R2 B' R D2 R B2 R2 D' B
41765322221312	1225840	OK	R B R' B R2 D' B2 D' B D' R'
34165271311121	1222730	OK	R B R' D R D B' R2 B R' D2
32175461221112	1203147	OK	R B R2 D R' D R2 D2 B' R D2
65132473313312	1193246	OK	R B R B2 R B' D B2 D R2 B
51264731113322	1222264	OK	R B R' D' R D2 R B D2 B2 R'
36527412111113	1212629	OK	R B R2 D' R' D R' D2 B D B'
76354213312223	1186044	OK	R B R B' R2 D B D' R B2 R
26415732121223	1225830	OK	R B R2 D' B D2 B' D' R2 B2 D
54321761211221	1185791	OK	R B R B' D B' D2 R' D R2 B'
14752633213223	1305768	OK	R B2 R2 D2 B R' D' R D' B D2
16573241312312	1228056	OK	R B D R2 D R' B' D' R2 B R
14765231133131	1235063	OK	R B D B D2 R2 B2 R B2 R' D
63752141123213	1216075	OK	R B R' B2 R' D B2 D2 B' D2 R
21365742221312	1206093	OK	R B R D' B2 R B R2 B' D' B'
54716322313223	1237131	OK	R B D B2 D2 R2 D' B' R B' R
17425631323223	1251605	OK	R B D2 R' D R' D B D2 R D'
25736413123112	1256278	OK	R B D B2 D R2 D R' B' D B2
47352612123131	1188817	OK	R B R D' R' D R2 D R2 B' D2
72165433111112	1203033	OK	R B R2 B' D B D R' D R' D2
76345123211111	1193982	OK	R B R D' B2 R2 B D' B R2 B2
15643271221331	1339873	OK	R B2 D2 R B2 R D' R' D' B2 D'
45612373332221	1305223	OK	R B2 R2 D2 B D' R' D R' B D2
32465173123121	1288443	OK	R B2 R D' R2 D' B2 R B2 R' D
12643571321321	1261513	OK	R B D2 R2 B' D B R' B D2 R
16523473332323	1199844	OK	R B R2 B' R D B2 R' D' B D
14725363211213	1211650	OK	R B R2 D' R' D R D2 B2 R2 D'
65132741223323	1225507	OK	R B R' D' R B' D B2 R2 D' B'
16725431121311	1204744	OK	R B R2 B' D B D2 R' B' D R'
14723651113121	1209417	OK	R B R2 D' R' B R' D2 B R D'
65742311212313	1297863	OK	R B2 R' B2 R' B R2 D B2 D B2
46375212332222	1209335	OK	R B R2 D' R' B R D2 B2 R2 D'
34562171321231	1183196	OK	R B R B' D2 R D2 R' B R' B'
73516243323113	1200101	OK	R B R B2 R2 D' B D' R2 B2 D'
35162473122221	1242308	OK	R B D B2 R2 B' D' B' D R2 D2
56423171321321	1327240	OK	R B2 D R2 D' B D' B R' D' R'
32547611131112	1198631	OK	R B R2 B2 R D' R B2 R2 B R'
35461271321231	1202842	OK	R B R2 D2 B R2 B R' D' R2 D'
34127651131112	1186216	OK	R B R B' R D' R2 B2 D R' B
73542613132322	1182053	OK	R B R B2 R' D B2 R' B2 R B2
54261373123121	1208308	OK	R B R D R2 B' R2 B R2 D' B'
43216573212311	1223701	OK	R B R' D B2 D' R B' D' R D2
36541272323222	1185209	OK	R B R B' D2 B R2 B D R' B'
35426712311312	1214237	OK	R B R2 B D2 B D' R' B R2 B
76342513323122	1303580	OK	R B2 R' B' D' R D2 B' D2 B D2
13246571112233	1227074	OK	R B R' B2 D B' D' R' B2 R2 D
34651272332132	1293165	OK	R B2 R' D R2 D B2 D2 R' D R'
64275311222222	1206705	OK	R B R D2 B2 R' B D' B' R2 D2
61453721311112	1238703	OK	R B D2 B' D B' D2 R D2 R' B2
72563413121111	1202478	OK	R B R D' B2 R B' D R' B D2
34725612111113	1212697	OK	R B R2 D' R' D R' D2 B D B
16345272333212	1204439	OK	R B R2 D' B D' R2 B D B2 D2
56327411211332	1226675	OK	R B R' B' D B R2 D2 B2 R D
37652141113232	1184904	OK	R B R D' B2 R D2 R' D R' B'
56741231311121	1190277	OK	R B R B' R2 B D' R D' B2 R
41325763131233	1195256	OK	R B R B2 D2 R' B D' R' B2 D2
32156471113211	1203554	OK	R B R' B D2 B' R B R2 D2 B2
16243571321321	1325354	OK	R B2 D R2 D' B D' B R' D' R
71326453132121	1309930	OK	R B2 R' B2 R' B R' B2 D2 B' D
52147631211131	1190062	OK	R B R B' D2 R B' R B' D B2
72361453232333	1187106	OK	R B R B2 D' R D' B' R2 D B'
74213652323132	1196596	OK	R B R' D B R' D B' D2 B2 R
54167231131112	1188352	OK	R B R D2 B2 D B D' R2 B2 D'
72546311323112	1285562	OK	R B2 R D R2 D2 R' B R2 D' R'
14723653232222	1229092	OK	R B D R2 B' D' R D' R D2 B
74365212111311	1199676	OK	R B R2 B2 D B D' B R2 B R2
72143651312111	1184725	OK	R B R B2 D2 B D B' R2 D2 B
14765231113121	1209342	OK	R B R2 D' R' B R' D2 B R D
75264132223331	1196573	OK	R B R B D2 R' B R' B' R2 B2
45612373332122	1297527	OK	R B2 R2 D2 R' B D B2 D2 R2 D'
76315241322122	1243089	OK	R B D2 R' B2 R D B2 D' R2 D
72145633232231	1235470	OK	R B R' D' R D2 R B' D' B D
73645213112231	1251493	OK	R B D2 R' D R D2 B R B' D'
36527413311311	1180662	OK	R B R B D2 R B2 R B' D2 R2
67412353332221	1260802	OK	R B D' B2 R2 B D2 B R2 D R
76145233232333	1201156	OK	R B R2 B2 D R D' B D2 B D2
56723413331111	1183273	OK	R B R B' R2 D2 R B R2 B R2
13254761323322	1271712	OK	R B2 R B R2 B2 R' D R2 B' D'
56723413221212	1252902	OK	R B D2 R2 D B R2 B R B2 R'
47512632312323	1198311	OK	R B R2 D2 R D' R' D2 R' D B'
14726533323122	1269524	OK	R B2 R B' R B2 R2 D B D2 B'
12543671331113	1225023	OK	R B D R2 B' R2 B D2 B2 R' D
17423653213232	1322468	OK	R B2 R' B R2 D' B R D R' D2
14563272323222	1183700	OK	R B R B' D2 B D' R' B D' R2
12543673231223	1234771	OK	R B D B2 R' D' B R' B D2 R
14735621333111	1179050	OK	R B R B2 R D2 R' D2 B D R2
72356143211123	1186473	OK	R B R D2 R2 B2 R' B' D B' D
32745611223332	1213183	OK	R B R2 D B2 R' D' R' B2 R' D'
41752632312323	1221859	OK	R B R2 D2 B D' B D' R2 D R'
56324171221331	1230027	OK	R B R' B R2 D' B D' R2 B2 D
76245311213312	1262287	OK	R B D' R' D R2 D B' R B2 R'
76245313123121	1283945	OK	R B2 R D2 R2 B R D R' D2 R'
74512362313223	1177584	OK	R B R B' D2 B' R' B D2 R' D2
52163471213111	1202268	OK	R B R2 B' D B' D R2 B2 D2 B'
72145631233223	1224661	OK	R B R' B' D R2 D R' D' B D
16453272111131	1238533	OK	R B D' R B R' D R' D2 R2 B
17426531331332	1259376	OK	R B D2 R' B' R' B2 D B' D2 B
12543673111331	1233771	OK	R B D R' D R2 D' B2 R B' R
16542371331221	1313900	OK	R B2 R' D B2 R' B D R B' D'
76325411112131	1198977	OK	R B R2 B' R D B D' B R' B2
36125471213111	1197907	OK	R B R2 B2 R' D R2 B' D' B2 R
14752632332132	1288253	OK	R B2 R2 B' D2 B R D' R2 B D'
23576412312323	1176920	OK	R B R B' R' D B2 D B2 R' B2
35246171113322	1200031	OK	R B R' B D2 B2 D B R2 B D'
36745212131111	1214246	OK	R B R' B D B D' R2 D R' B2
12564733323122	1203798	OK	R B R B D' B2 R2 B' D2 R' B
74365211213111	1200938	OK	R B R2 B' D B R2 B2 D B' R2
57236141322233	1198329	OK	R B R' B2 R' B2 R D' R' D' R
52163472111311	1191516	OK	R B R D2 B' R D' B' D2 R B
54721633333331	1206476	OK	R B R2 D2 R B R2 B D R2 D'
56327413213112	1223698	OK	R B R' B2 D2 R' B R' B' R D2
45612372331121	1304020	OK	R B2 R' B R2 B' D R2 B' R' B2
54326171321231	1246654	OK	R B D' R2 D' R2 D R' B' D' R
76145232331313	1199651	OK	R B R2 B' R' D2 R' B D B2 R2
61453723111121	1222097	OK	R B D B2 R2 D B R2 D2 B' D'
41752631222123	1197225	OK	R B R B2 R B2 R D' B' R D2
36745212121223	1203842	OK	R B R2 B' R' D2 B R' D' R2 B2
36125472111311	1200733	OK	R B R2 B2 R' D' B2 R B D2 R'
76345122213311	1210465	OK	R B R' B R' D' B2 R' D2 R' D'
32156742333131	1195680	OK	R B R B2 R B R' D B2 R D2
76245313122122	1240037	OK	R B D B' R2 D R B' D B2 D
65314272311132	1177397	OK	R B R B' R2 B' D' R B2 R2 D'
54167231333213	1204657	OK	R B R' B D R B2 D' R D2 R'
15724631211311	1238051	OK	R B D B' D R' B D2 B2 D B'
71432563332113	1202677	OK	R B R2 D' B R2 D B' D' B' R
72165433321223	1220799	OK	R B R' D2 B2 R B' R' B D' B
52673413232123	1188222	OK	R B R2 D' R2 D' R D R' D2 B2
46513272332111	1208061	OK	R B R2 D2 B' R B' R B R' D'
54167231121113	1201228	OK	R B R2 B' R D' B R2 D2 B2 D'
17362451231321	1218343	OK	R B D R' D2 B D' R' D B' R2
75642132213311	1205377	OK	R B R' B R' D' B2 R' D2 R' D2
32156742311123	1204944	OK	R B R D B2 R' B R' D' B2 D2
14325673232333	1193857	OK	R B R2 B2 R' D' R2 B R B2 D'
12347653132223	1189511	OK	R B R D' B2 D R' D' R2 D2 B2
31624751112233	1202969	OK	R B R2 D' R2 B D' B' D B' R2
56723411131112	1191328	OK	R B R D' R2 D' R' D B D2 R'
17425631332112	1254322	OK	R B D' R' B R' B' R B' D R'
25134672312323	1213556	OK	R B R' D2 B R D B2 R' D B2
23165472111332	1189387	OK	R B R2 B R B2 D B2 D R2 D
74163253133231	1309856	OK	R B2 R' B D' R2 B2 R' D' B2 D'
32561473323212	1196749	OK	R B R2 B' D B' D2 R2 B' R' B2
12734561322233	1198904	OK	R B R2 D' R2 B D' R' D B' R2
76145231121113	1198039	OK	R B R2 B2 R' D B2 R' D' B2 R
54721632212231	1220142	OK	R B R' D R B R2 D' B D2 B'
73542613132121	1241158	OK	R B D R' B2 D2 B R' B' D2 B2
74125632321332	1201961	OK	R B R2 D2 R B2 R' D B R2 D'
65274131311313	1181091	OK	R B R D' R B2 R' D2 B R' B
75314623113122	1296686	OK	R B2 R' D2 R' D B2 R B2 R D2
46513273113221	1190745	OK	R B R D' B2 D' R B2 D B' R
16453271211113	1227718	OK	R B D2 B R B2 D' R2 B R B2
52341673232333	1179365	OK	R B R B2 D' R D' B' R2 D B
32165742331112	1189666	OK	R B R2 B R' D R' B' R' B R2
32164571232323	1197438	OK	R B R2 D' B R' B R B D' R2
54167232333113	1204740	OK	R B R' B R2 B' R2 D B R D'
31265471313113	1178354	OK	R B R B' D2 B D' B2 R D' R
56723413222112	1291729	OK	R B2 R D' B R' B' D B' D R2
63752411223212	1202359	OK	R B R D' B2 D' B D R D2 R2
54126371331221	1233389	OK	R B R' B' D R D' R D2 R' D
14752363222121	1210071	OK	R B R2 B R2 B D' B' D R2 D
74125632122111	1215597	OK	R B R' B2 D2 B' R' D2 R D2 B'
52163471312111	1180646	OK	R B R B2 D2 B D B' R2 D2 B'
47156322313232	1182142	OK	R B R2 B R' D' B R' B' R2 B
16725433122212	1203928	OK	R B R2 B' D' B2 R B' D' B2 R2
64531273312211	1180624	OK	R B R B' R D2 R' D R' D R2
71432563323113	1236887	OK	R B D2 R' B R2 D R' D' B' D
64531272132131	1233400	OK	R B D R2 D' R D2 B' R2 B D2
74365211312111	1180125	OK	R B R B2 D2 B D B' D2 B' R2
72643513212332	1309400	OK	R B2 R' B' D' R D2 R D2 R' D2
74365212333332	1189353	OK	R B R2 B D2 B' D2 B D' R' B2
34261573123121	1257974	OK	R B D' R' B D' R B2 D' R' B2
32175461113112	1245341	OK	R B D2 B R' B R B2 D' B R'
76543211223221	1318236	OK	R B2 R' D R' B2 D2 B' D' B2 D'
12347652111221	1197009	OK	R B R2 B' R D' B2 R2 D' B' R2
13462572213311	1193549	OK	R B R2 D B' D2 B' D' R D2 B'
17642533312211	1182288	OK	R B R D' B2 D' R' B D2 R' D2
45312671222312	1226130	OK	R B R' D2 R B' D2 R D R B2
63752143123223	1225545	OK	R B D R2 B2 R' B' R' D R2 D2
14725363213121	1180239	OK	R B R B2 D2 B' R' B' R D2 R2
76543211332331	1309633	OK	R B2 R' B D2 R' D' B' D R' D'
32174652332132	1229493	OK	R B D B' R B' R D2 R' D2 B'
43527612312323	1212145	OK	R B D R2 B' R D' R D' R2 B
26543171123111	1178616	OK	R B R2 B' R D' R2 B R2 B' R2
75346213132322	1175831	OK	R B R B2 R' D' B2 R D2 R' B2
32765411131112	1189091	OK	R B R D2 B2 D B D' B2 D' R2
36127451333222	1182963	OK	R B R B D' B2 R' D B D B
16725431311121	1183795	OK	R B R B' R2 B D' R D' B2 R'
16427531211311	1222884	OK	R B D R2 B2 D R' B' D B2 R2
54326171112233	1198389	OK	R B R' D2 R' D2 R D' B' D' R
62135472132131	1228263	OK	R B D R2 D' R' D2 B D2 B' D2
65132472131231	1195134	OK	R B R B' D2 B' D B R D2 R2
51632741323232	1243722	OK	R B D' R2 B D R' D R2 D' R
52163472131222	1249601	OK	R B D2 R2 D R B2 R B R2 B'
52713461232323	1181580	OK	R B R2 B' D2 R2 B R' B' R2 B
32156472312332	1252528	OK	R B D' R B' D' R2 B2 D' R B'
47156233322312	1230128	OK	R B R' D R' D' B R2 D' R' D'
63247511123132	1246287	OK	R B D' B D' B' D' R B2 D B'
36745213131131	1179905	OK	R B R B2 D' B' R B' R B2 D
15763242323132	1205878	OK	R B D R2 B2 R' B' R2 B' D2 B
52341671311313	1193646	OK	R B R2 B' R B2 D' R2 D R B2
56347211312111	1181415	OK	R B R B' R2 B' D' R D B2 R'
52163473221323	1197997	OK	R B R2 B' D R2 B' R2 B D B2
45671233112132	1291418	OK	R B2 R' B2 R' D R2 B R2 B R2
45732612233321	1184973	OK	R B R D' R2 D' R' D R2 D2 B'
47632152233321	1172689	OK	R B R D2 B' R B' D R' D2 B
32745612322331	1187287	OK	R B R B2 R D B' D2 B' R' D2
15672341323112	1274570	OK	R B2 R B D2 B2 D' B R2 D' B'
12365473332323	1194385	OK	R B R2 B' R D B2 R' D' B D'
61352472233321	1202056	OK	R B R' B D2 B R B R D2 B2
45312673222112	1231073	OK	R B R' D2 B' R2 B R' B2 D B'
75236143213232	1227439	OK	R B R' B R2 B' D R B R' B'
51367241211113	1238544	OK	R B D' R2 D B2 R' B D B D'
36721452122123	1197095	OK	R B R2 B' R B2 D' B' R D2 R2
32561473222223	1185646	OK	R B R B' D2 B R' D' B2 D2 R2
45612373132121	1268115	OK	R B D' B R' D' R2 B2 D' R D'
76315241113112	1245620	OK	R B D2 B D' R B R2 D' B R'
32765413122212	1229431	OK	R B R' D' B R' D' R B2 D' R2
75321463132121	1296830	OK	R B2 R' B D2 B D2 B2 R' D R'
74163253131332	1216283	OK	R B R' B2 D2 R' D B D B2 R2
72543162311111	1175202	OK	R B R2 B D' B D' B R2 D' R
16243571132132	1197261	OK	R B R2 D' R D' B2 D' R2 B' R2
25736411321312	1199161	OK	R B R D2 R B2 R D' R' D B2
14765233113131	1195988	OK	R B R2 B' R D2 R' D R B2 D2
12365473232312	1231110	OK	R B D B D2 R D2 R B' R2 D2
75346213132121	1232808	OK	R B D R' B2 D2 B R' B D2 B2
75346211311211	1185250	OK	R B R2 B D' R' B R' B' D2 B
16543721113211	1164748	OK	R B R D' R2 B D' B' R D' R2
12543672331232	1186691	OK	R B R2 B D' R B2 R D2 B D2
72345611133113	1174799	OK	R B R B2 D' R2 D R2 D2 B' D
53621471331221	1208257	OK	R B R D' R2 B2 D B' R' D B2
21354762213311	1221562	OK	R B R' D2 R B R' D R' D B2
32147562313223	1181991	OK	R B R D' R D2 R' B R' D B2
31624753312211	1180158	OK	R B R D R D2 B R' B D2 R2
13762451321321	1214228	OK	R B R2 B2 R B2 D R2 D2 B D'
54371621113322	1172475	OK	R B R2 B' R2 D2 B D' B' D2 B
17452363322132	1205395	OK	R B R2 D' R' D' R B2 R B R
56723411222312	1279540	OK	R B2 R B' R D' B' D R' D R2
23156471333132	1183416	OK	R B R B2 R B R D' B2 R' B2
32145673112222	1209848	OK	R B R' B2 D2 R D' R' D B' R
76315241332112	1229446	OK	R B D B' D2 B R' B2 D B' R
12347653132322	1181620	OK	R B R D B2 R2 D2 R D2 R' B
17543261132111	1171152	OK	R B R2 B D B2 R' B2 D R B2
74125633131233	1223446	OK	R B R' D2 R' B' D2 B R' D2 R2
16534271111132	1155289	OK	R B R B2 D' R B' R B' R2 D
13645271221331	1257777	OK	R B D2 B2 R D' B2 R B D2 R2
45713623223132	1247265	OK	R B D' B2 R' D R D' B R2 D2
36241573212332	1218583	OK	R B R2 B2 D B' D' B R2 D B
71543622111131	1165438	OK	R B R D2 B2 D' R' B2 R' D2 R
35462171221223	1193844	OK	R B R D B D' B' D B2 R' B
14762351331221	1272378	OK	R B2 R B' R2 D2 R' B R D2 R
73645211332112	1230118	OK	R B D2 R D' R D2 R2 B' R B2
74361253211231	1190927	OK	R B R B' D' B D' R' D R2 D
32765413223312	1281625	OK	R B2 R D R2 D2 B D' R D2 R'
64531273122131	1183744	OK	R B R B' D2 R2 D R' D' R2 D2
27543611111132	1191678	OK	R B R' B2 D2 B R2 B D2 R B
32465172133121	1213661	OK	R B R' D B' D' R2 B2 D' B R'
17425631223113	1229148	OK	R B D B2 D B2 D' B2 R B R2
16572433213223	1245708	OK	R B D' R2 B2 R D2 R D2 B R
32156472332132	1224116	OK	R B D B' R B' R D2 R' D2 B
15627431332112	1229187	OK	R B D2 R D' R D2 R2 B' R' D2
24367513111121	1201627	OK	R B R' D2 R B' R B' R2 D2 B2
76145231311331	1209068	OK	R B R' B D' R2 D' R B R D2
14723651211212	1190044	OK	R B R2 B R' D B2 D B2 R D2
17452363213232	1302498	OK	R B2 R' B R2 D' B R D R' D'
32174652312332	1191986	OK	R B R2 B2 D' R D' R2 D' B2 D'
15724633132322	1177229	OK	R B R B2 R' D B2 R' B2 R' D2
65274133232321	1247886	OK	R B D' R D' B R2 B2 R B' R'
63752143212323	1171108	OK	R B R B2 R2 B D R' D B' R'
74123563323221	1177464	OK	R B R B' D2 B' R B2 D R' B
34261572133121	1207712	OK	R B R' B' R2 D2 B' D B R' D
46527133111121	1205358	OK	R B R' D2 R B' R B' D2 B2 R2
24173652323231	1160499	OK	R B R B' R2 D R' D' R D' B2
12376543133132	1196819	OK	R B R D' B2 D R' D' R2 D2 B'
47156322332312	1202032	OK	R B R' B R2 D' B' D B' D2 R'
62543711311112	1165578	OK	R B R D2 B' R B' R D' R' B2
47621533231121	1259638	OK	R B2 R B' R D R2 B' R B D2
76341253233131	1186171	OK	R B R2 B R2 B' D2 B' D B R2
74163253133132	1256832	OK	R B D' R2 B2 D R' D' B D' B
51264732213311	1172173	OK	R B R B2 R2 D2 R' D' R D' B
42367153111121	1202278	OK	R B R' D2 R B' R B R2 D2 B2
32164571111231	1225332	OK	R B D B' D2 R D2 R' B R' B
16537421332112	1197668	OK	R B R2 D' R' B' R' B R' B2 R
72345611222222	1214766	OK	R B R' B2 R' D' B2 D B' D2 B2
13276541323322	1235748	OK	R B D2 R' B D' R D B R' D2
15346271321321	1225076	OK	R B R' D R D2 R2 B' R' D B2
73146522113231	1217513	OK	R B D B D2 B D B2 D2 R' D'
47152361233232	1223686	OK	R B R' D B D2 B2 D' R' D2 B
12365471313113	1179764	OK	R B R D2 B' R2 B D2 B2 R' B
14735621223113	1206261	OK	R B R' B' R D' B' D R' D R'
14726531333312	1195093	OK	R B R2 D' B D2 R B' D' B' D
12376543133231	1191367	OK	R B R D B2 R2 D2 R D2 R' B2
17436521323232	1200274	OK	R B R' B D2 R D' B' D' B2 D'
76342511323112	1234732	OK	R B D2 R' B R' B D R B' R2
63172452312323	1171341	OK	R B R B R D2 R B' R D2 B2
15643273223111	1173895	OK	R B R B2 R D' B' R' B2 D R
76345123312211	1178038	OK	R B R B' R B' D' B2 R2 D' R
36125472121223	1217634	OK	R B R' B' R D' R' B R2 D' B2
32765413322312	1273290	OK	R B2 R B D2 B2 R B' R B2 R'
36752143132232	1183771	OK	R B R B D B' D' B D2 R' B
12467351231321	1216659	OK	R B D B2 R' B R' B D' R2 B
63714522332132	1176214	OK	R B R D2 R' D R2 B' R2 B D2
17426531223221	1182599	OK	R B R B D2 R2 B2 R B2 R' B2
46375213333121	1183191	OK	R B R2 B D' R D' B' R' D R2
17463251331221	1245459	OK	R B D2 B' R' B2 D R' B R D'
15672343213232	1281772	OK	R B2 R D' R2 B2 R' D R B2 R
36745211211221	1192206	OK	R B R2 B D' B R2 D' R B R'
65417323223123	1238972	OK	R B D2 B' R B' D2 R B2 R' D2
15647233213232	1201775	OK	R B R B' R2 D2 B D' B' D R2
76315241223113	1188460	OK	R B R2 D R' B R2 B2 D' R B2
56347211331131	1181741	OK	R B R D' R2 B2 R D R2 D R2
62154733321121	1247316	OK	R B D' R' D B2 D R2 B' R2 B
56723412122312	1206741	OK	R B R2 D2 R D B2 D R D2 R'
24715632313223	1183327	OK	R B R D' R B' R' D2 B2 R' B
54637211132111	1186818	OK	R B R' B2 R D2 B' D B R D'
12734562313223	1163612	OK	R B R B R D2 B D' B D2 R2
15367421223113	1226281	OK	R B D2 B D R2 B' R2 D R D2
62135473122131	1178854	OK	R B R B' D2 R2 D R' D R2 D2
16537421223113	1195223	OK	R B R2 D R' B R2 B2 D' R' D2
27453161123111	1179964	OK	R B R2 D B2 D R2 D2 B' D R
57364213332122	1190137	OK	R B R2 B2 D R' D B' D B D
54362711111231	1249037	OK	R B D' B2 R D R' B D2 B' R
15627431223113	1210199	OK	R B R' D' R' D' R2 B R' D2 R
61472533112111	1173318	OK	R B R B2 D2 R B' R' D R2 B2
76245311131121	1201032	OK	R B R' B D' R B2 R2 B R' D'
45612373322111	1211751	OK	R B R' B' D R2 D R' B R2 B'
75243613213232	1246066	OK	R B D2 B' D' B2 R B' D R D'
23674153232321	1212207	OK	R B D R' B2 R' B' R' D R2 B'
46375211211332	1206159	OK	R B R' B' R2 D' R' D R2 B' R'
51647231113232	1185542	OK	R B R2 D2 B D2 B R' D' B2 D
35267141223233	1220015	OK	R B D B' R' B' D R D' R D2
16257433223123	1214518	OK	R B D B2 R2 B' D' B2 D' B2 D
57214361323232	1199822	OK	R B R' D2 B D B' D R2 D' R
37614521323232	1210947	OK	R B D R' B2 D R2 D' R D' B
46375212132131	1175550	OK	R B R D2 B2 R2 D B' R2 B D'
32167453222313	1185564	OK	R B R D B2 R B2 R B' R2 D2
31527643332122	1185491	OK	R B R' B R B' R D' B2 D2 R
16725433333232	1187976	OK	R B R2 B R' B R2 D' B D B'
14735621332112	1172607	OK	R B R D2 R D2 R' B2 D B R2
14735621333222	1184064	OK	R B R2 B D2 R B D' B D' B'
63752142332132	1170447	OK	R B R D2 R' D' R2 B D2 B' D2
54317261113112	1232299	OK	R B D2 B' R D' R' B2 D B' R
46352171211233	1235216	OK	R B D' R D R B' R2 D B D'
34165273222322	1191210	OK	R B R2 B R2 D2 B R' B' D B2
52731641233112	1203606	OK	R B R' D' B D' B D2 R2 B' D
42315673112111	1205798	OK	R B R' B2 D' B D' R' D R2 D
13542671231231	1208239	OK	R B R' B R D2 R2 D' R' D2 B
67435123123121	1227602	OK	R B D2 R' D2 R' D R' D2 B2 D
56173421113112	1232803	OK	R B D2 B' D R' D' B2 R D' R
31265471321111	1182237	OK	R B R2 B D' B D B2 R' D R'
24715633112111	1181765	OK	R B R D' B R' D R2 D2 R B'
72345613221221	1242844	OK	R B D2 B R2 B' R2 B' D B D2
31452672322331	1245562	OK	R B D' B' D B2 D B2 R' B2 R
74125633133222	1243460	OK	R B D2 B D2 B' D2 B' D R D2
54231673123121	1194056	OK	R B R' D R D B2 R2 B D2 R2
75346213112132	1203016	OK	R B R' B2 R D R' B D' R D2
73645211321111	1183713	OK	R B R2 B R' B D R2 B' D R'
73645211223113	1178355	OK	R B R D' B2 D B' D2 R D' R
23456713212332	1203836	OK	R B R2 B' R2 D B' R2 B R B'
31452671332232	1236316	OK	R B D' B D R D' R2 B R D'
67435121332112	1222109	OK	R B D2 R' D2 R' B D' B2 R2 B
53421671321231	1182355	OK	R B R2 D2 B R2 B R' D' R2 D
32156471232332	1208484	OK	R B R' D' R D2 R B' R D2 R'
42561733323122	1164497	OK	R B R D2 B2 R B R2 D2 B' R'
45623712332123	1233259	OK	R B D' R D' B' R' D B2 R D'
76253141123132	1206399	OK	R B D R' B2 R D' B R D2 B2
15236473231121	1195591	OK	R B R' D2 B' D R D' R D2 B2
36217543213112	1234626	OK	R B D' R2 B' D R B' D R2 B2
76315243211231	1185536	OK	R B R2 B R2 D B D' R B' R'
12637451332112	1162952	OK	R B R2 B R B2 D' R2 B R D2
64713253112111	1211357	OK	R B D R' B2 D' R B' D' R B2
32465172132131	1168663	OK	R B R B' R D' B R2 B' D2 R
62317453112111	1215240	OK	R B D B2 D B' D' R D' R2 B
47621532232331	1197666	OK	R B R' D R' B' R' B D2 R D'
56124371111231	1187852	OK	R B R' B2 D B R' B R2 B' R
47156322332132	1167781	OK	R B R D2 R' D R2 B' R2 B' R2
15746321323211	1199359	OK	R B D R B2 R D R2 D2 B' D'
25137461211323	1176271	OK	R B R2 B' R D R2 D2 R B R'
43216573132121	1194973	OK	R B R2 B2 D' B R' D2 R' D2 R'
34261572132131	1167748	OK	R B R B' R D' B R2 B' D2 R'
12346571111231	1194254	OK	R B R' B2 R' B' D' R D2 B D'
71432561323232	1174537	OK	R B R D' B2 R B2 R' D B' D
13276541323112	1195262	OK	R B R2 D' B D' B R B R' B2
56423171231231	1203430	OK	R B R' B' D B' R2 D2 B' R' D
52163471333123	1203685	OK	R B R' D B2 D' B2 R D R B'
23751463112321	1190953	OK	R B R' D R D B' R2 D R B'
32451762331121	1188547	OK	R B R' B' D B2 D R2 B' R2 B
62374511322311	1184481	OK	R B R' B2 D' B D R' D B2 R2
76253141211332	1184685	OK	R B R' B D B D' R2 B D B'
57241631322113	1172131	OK	R B R2 B2 D' B R2 B' D R2 D'
45671231132231	1206012	OK	R B D R' D' R' D B D' B D2
65123471233232	1191621	OK	R B R' B D R2 D R' D' B' D2
16542371221331	1180948	OK	R B R2 B D' B R' D' R2 B R'
52731641323112	1193328	OK	R B R' B' R B' D B2 R2 D' B
41357622313112	1209339	OK	R B D B' D2 B R' B R B2 D2
62147353132121	1158946	OK	R B R B2 D' R B' D B' R' D2
76342511111231	1167180	OK	R B R B' D2 R B2 R' D R' D
75412631223332	1160220	OK	R B R D2 B R' D R2 D R' B2
14723652322121	1195250	OK	R B R2 D' R2 D B R2 D' R2 B'
17356241212313	1187148	OK	R B R' B' R D2 R B R' D2 R2
32156473223123	1164649	OK	R B R B' R B2 R' D2 B R' D
23751461132123	1193381	OK	R B R' D' R B2 R B2 D' R2 D
32647153132121	1200852	OK	R B R' D2 B2 D B2 D B2 R D
17463251221331	1180154	OK	R B R2 B D B' R2 D R B D'
13764251211311	1157285	OK	R B R B' D2 R' B R' B' R B2
15342671211311	1165547	OK	R B R B' D2 R' B R' B' R D2
25364173223231	1161677	OK	R B R D' R' D' R B D' R B2
45637123332122	1171653	OK	R B R2 D B2 D B2 D2 R' B R
23456173212332	1205688	OK	R B R' B' D' R B2 D' B D2 B'
32417653132121	1157159	OK	R B R B2 D2 B' R' B2 R' B2 R
45623713322321	1182475	OK	R B R' B D' R' B' R B2 D R'
51623471321111	1170215	OK	R B R2 B' R B' D' B2 R B' R
17324561232332	1154896	OK	R B R D B2 D B R2 B2 D' B'
53467211321111	1172288	OK	R B R2 B' D R' B' D2 R D' R
72345611221223	1175301	OK	R B R D2 B' R B2 R' D R2 D2
42137653132121	1170289	OK	R B R2 B R' B D' R D2 B' R
14763523222331	1168748	OK	R B R B' R D B2 D2 R' B' D
26345711223113	1171200	OK	R B R2 D' R2 D' R D' R2 B2 R
74125633132232	1165634	OK	R B R B2 D' R B2 R' D B2 D2
75314621133221	1148140	OK	R B R B' R' D' B R D' R B2
17362451211311	1159057	OK	R B R D2 R D' B' D R' D2 B
72345612331331	1165215	OK	R B R B' R2 D R' D2 R B2 R2
36217541223311	1167919	OK	R B R2 B' D B R2 B2 R B D'
76421351131121	1154344	OK	R B R B' D2 B' R' B' R D2 B'
57241631323112	1169975	OK	R B R2 B2 D' R D2 R' B R2 B'
47653213232111	1151182	OK	R B R B D2 B R' B' R' D2 R2
31452671323211	1158815	OK	R B R D' B2 D B' D R B2 D2
15746322313112	1144231	OK	R B R B D2 B D R2 D2 B' D'
46352172113231	1152008	OK	R B R B' D2 B D' B R B2 D2
42165373223123	1172131	OK	R B R2 D' R2 D' B D' R2 B2 R
62374513312112	1149327	OK	R B R B2 D R' D B2 D B' D2
