12745631111111	1937743	OK	B R' B R B' D2 B' R' B' R D2
52341671111111	1948314	OK	B R' B2 R' D' B' R D2 B R' D
21354672313211	2213210	OK	B2 R B' D R D2 B' R D R2 D'
14325671111111	2303771	OK	B2 R' B R D B2 D R' B' R D'
54721631111111	2312468	OK	B2 R' B R' D' B R2 B R B D'
41752632313211	2213989	OK	B2 R B' R D R2 B' R B D2 B'
15642371111111	1300409	OK	R2 D R' B D B2 R' D B D2 B'
75246311111111	1308392	OK	R2 D R' D B D2 R' D R B2 R'
41625372313211	1685629	OK	R' D R' B D B2 R' D B D2 B'
45312672313211	1896888	OK	B R2 B' R' D R2 B' D' B R' D2
25714632313211	1907638	OK	B R2 B' D' B D2 R' B' D R' B2
47265312313211	1693129	OK	R' D R' D B D2 R' D R B2 R'
25314673131311	1268391	OK	R2 B R' D B' R D B2 R2 D2 B
56147231222132	1280970	OK	R2 B D' B R2 B2 D' R D' R' D
54321673313321	1256057	OK	R2 B R' D B2 D2 R' D B' R' B
45176233131113	1276713	OK	R2 B D' R B' R B R2 D2 B2 R
53162743312223	1476312	OK	R' B R' B D R2 B' D R B2 R'
25314673111313	1299171	OK	R2 B D' B R' B R B2 D2 R2 B
45176231133113	1253352	OK	R2 B D2 R2 B2 D R B' R B' R
45176231131313	1236432	OK	R2 B R' B R' B D R2 B2 D2 R
51342763312223	1476232	OK	R' B R' D R B2 D' R D R2 D'
25314673111331	1249531	OK	R2 B R2 D2 B2 R B D' R D' B
76543211111111	1361661	OK	R2 D' R B R B2 R D' B' R B'
54321673323311	1293258	OK	R2 B D' R' D B' R2 D2 R D' B
45176231331113	1223594	OK	R2 B R2 D2 B2 R B R' B D' R
26154372332213	1323906	OK	R2 B' D2 B R' D R' B2 R' B R'
54321673313312	1247574	OK	R2 B R' B' D B' D2 R2 D R' B
24751362321113	1346677	OK	R2 D B2 R2 D' R' D R' B R2 B
54217362233213	1288632	OK	R2 B' R2 B R' D B' R2 B' R B'
16345271111111	1360580	OK	R2 D' R B' R' D R2 D B D B'
13754262123323	1328144	OK	R2 B' D' R B' D R2 D R' D R2
52763413223312	1265085	OK	R2 B D' R B2 R2 D' R D' B' R
52763413222112	1273367	OK	R2 B D' B' D B' R2 D2 R B' R
64157321133212	1310718	OK	R2 D R2 B2 D' R' D B' R B2 R
32456711233133	1350003	OK	R2 D B2 R2 D' B' R B' R B2 R
74256313111232	1314726	OK	R2 D R2 B2 D' B' D B' R D2 R
65732411333123	1239204	OK	R2 B D2 R2 B2 D R D' B D' R
41765322313211	1299393	OK	R2 D2 R B' R B R2 D' B D B2
64325713121222	1202298	OK	R2 B D' B R' D' R D2 R B R'
52763413322312	1224518	OK	R2 B R' B R2 B2 D' R B' D' R
23671452122333	1287497	OK	R2 B' R' B R' D B2 D R' D B2
52763411222312	1234061	OK	R2 B R' D' R B' R2 D2 R D' R
12345673132313	1045349	OK	R B' D2 B' R' B D' R D' R2 D2
34162752132212	1171942	OK	R2 B D R' B D' R D' R D2 B
35721642221213	1198490	OK	R2 B D' R B' D' R D2 R D R'
36725413131311	1007290	OK	R B' D2 B' D' B D' B R' D2 R2
46257313312211	1299922	OK	R2 D R' D B R2 B R2 D2 B D
52314673311311	1305429	OK	R2 D B' R' D' B D2 R' B D2 B'
12345673231313	1006999	OK	R B' R2 B' R' D B' R D' R2 D2
25731642232211	1159140	OK	R2 B R' B D R' B2 R' D2 R D
54217632132212	1161521	OK	R2 B R' B R' D' B R2 B D R'
45176321131133	1275876	OK	R2 D R' D' B' D R2 B' R D2 R'
25341673113311	1279933	OK	R2 D R' B' D' B R2 D' B R2 B'
24615372213311	1292855	OK	R2 D R' B D R2 D B2 R2 D B
57214632212213	1153184	OK	R2 B R' D R B' R2 B' R2 B R
72561433311233	1079592	OK	R D2 R2 D R' D R' B R' D B2
75243162211322	1194358	OK	R2 B2 R B2 R2 B R2 D' R2 D2 B
27546312231122	1197339	OK	R2 B2 R D2 R2 D B2 R' D2 R2 B
47165321322131	1220087	OK	R2 B2 D2 B' R D' R2 B' R B' R2
25631741212121	1156015	OK	R2 B R' D B' D' R B2 R B D'
12367451312222	1091330	OK	R D2 R2 D B' D R' D B' D R2
32147652233213	1049425	OK	R D B2 R2 D2 B R B' D R' D'
74513263121222	1145755	OK	R2 B R D' B D' B R' D R2 B
34561272212213	1055330	OK	R D B2 R2 D2 B R D' B R' D'
24615733113323	1167969	OK	R2 B D2 R2 B2 R' D B' D B2 D'
23165743331312	1225161	OK	R2 B2 D2 B' R B' R2 D' B D' R2
23165742131333	1227209	OK	R2 B2 D2 B' D B' R2 D' R D' R2
76254133311323	1165384	OK	R2 B D2 R2 B' R' D B' D R2 D
53672142221213	1147091	OK	R2 B R B' D B' D R' D B2 R
36725413111313	965302	OK	R B' R2 B' D' B R' B R' D2 R2
41532672313211	1169481	OK	R2 B' R D R' D2 R' D' B' D B2
63725143123313	1229055	OK	R2 B2 D2 B' D R' D2 B' R D' B2
42351763231133	1169078	OK	R2 B D2 R2 B' D' R B' D R2 D
32145671111111	1168183	OK	R2 B' R B' D' B D2 B D R D'
47352612313211	1177865	OK	R2 B' R2 B' R' D' R D2 B D' B
71625433213133	1161955	OK	R2 B D B' D B' R B' R B2 D
24615731132333	1138086	OK	R2 B R2 D2 B2 D' B R' D B2 D'
35267141321132	1406777	OK	R' B D R' B2 R D' B R D2 B2
54367212211322	1029367	OK	R D R2 D2 R B R2 B2 R' D2 B
54367211213333	1054827	OK	R D B2 D2 B D R2 D2 R' D2 B
34561272232211	1022439	OK	R D R2 B2 D2 R D R' D B' D'
63172452313211	1169826	OK	R2 B' R B R' D2 R' D' R' B D2
45321673113311	1207961	OK	R2 B' D R B2 R' B R2 D' B2 D
54312673311311	1186450	OK	R2 B' R D B2 D' R B2 D' R2 D
52741632123323	1023747	OK	R D R2 D2 R B D2 B2 D' B2 R
32147652332213	1011616	OK	R D R2 B2 D2 R D B' D B' D'
62135743312223	1114938	OK	R2 B R2 B2 D2 R' B' D R' B R2
12347651111111	1163451	OK	R2 B' R B D B2 D B' D' R D'
61352472313211	1175751	OK	R2 B' R2 B' D' B' D R2 B R' D
16527431312222	1022544	OK	R D R' B' D R D2 R2 B2 R B'
42615371313332	1141738	OK	R2 B D2 R2 B2 R' B D' B D2 B'
63125741112323	1111516	OK	R2 B R' B D R2 B2 D' R2 D B
74256311321222	1124858	OK	R2 B R2 D2 B' D' R D' R D2 R
76321453311233	1021733	OK	R D R' B R' B R2 D2 B2 R B'
74123653132232	1072575	OK	R D2 R2 D B' R B' R B' R B2
75314621313212	1399632	OK	R' B D B' D2 B R' B R B2 D2
41635721212121	1035857	OK	R D2 R' D' R D' B R2 B D' B
16543271221223	1089466	OK	R D2 R2 D R' B R' B R' B R2
45376121131133	1172584	OK	R2 B' R B D2 B' R B2 D' B2 D
24751362221231	1133004	OK	R2 B R2 D2 B' R' B D' B R2 B
74165233111313	891896	OK	R B2 R2 B' R D' R D' R' D2 R'
25413672323111	1376987	OK	R' B R D' B2 D B' D R B2 D2
35624712321212	952240	OK	R B' D R2 D2 B' D B' R' D B
46215372313211	1106883	OK	R2 B2 R B' D R D2 B' R D R2
26317451212211	1151216	OK	R2 B2 R' D' R' D B2 D B2 D' R2
24563713121222	1043028	OK	R D2 R' B' R D' B D2 B D' R
16254733312223	956992	OK	R D R2 B' D' R2 D' B R B2 R
25364172311231	1373281	OK	R' B R B' D2 B D' B R B2 D2
74165233231313	899866	OK	R B2 R2 B' R' B2 R' B' D B' R
74165233132313	897418	OK	R B2 R2 B' R' D2 R' D' R D' R
36725412111212	879085	OK	R B2 R D R' B R' B R2 B2 R'
26435712222122	1134942	OK	R2 B R2 D2 B2 D' R D' R B2 R'
17326452212111	1145646	OK	R2 B2 R' B' R' D R2 D R2 D' R2
14367523311113	1057932	OK	R D' R' B' R B' R' D2 R' D' B
34561273313321	966259	OK	R B' R' D2 B' R D' B2 R2 B' R
76312452212111	1125964	OK	R2 B D' B' D R B' D R2 D' R
12374562111212	966491	OK	R B' D B2 D2 R' D R' B' R B
56123471331332	1040208	OK	R D B2 D2 B D B2 D2 B' R2 D
36754123232222	961793	OK	R B' D B2 D' B R' B D R' B2
63725141112323	937121	OK	R D R2 B' R B R2 D2 B R' D'
74165233131311	892167	OK	R B2 R2 B' R B' R D' R' B2 R'
32156741112323	1092847	OK	R2 B R' B D R2 B' D R B2 R'
12345672321212	903786	OK	R B D' R2 B' R B2 R B' R' D2
71264533231223	956678	OK	R B' D R2 D' R D' R D R' B2
54367213112222	977473	OK	R B' D R' D2 R B2 R' D2 R D'
52741633321223	978695	OK	R B' D B' R2 B R2 B' D2 B D'
61235741313131	952883	OK	R B' D' B D R D2 R2 B' R B
76321452123323	969494	OK	R B' D R B2 R B' D2 R2 B R'
12345672121232	897065	OK	R B D2 B R D' B D' B' R2 B2
76321453323311	993947	OK	R B' D' R2 D B2 D' B D2 B R'
12367452113333	982043	OK	R B' D B2 D2 R' D R' B' R B2
36725412123212	880952	OK	R B2 R D B' R B' R B2 R2 B'
74165231121212	856747	OK	R B D2 B D B' D B' R' B2 R2
72543613132232	1015980	OK	R D R' D R' B R2 D2 B2 R B'
34527612231332	966874	OK	R B' D R2 D2 B' D B' R' D B2
32647512333233	1148152	OK	R2 B2 R' D' B' R D2 R B2 R' B2
21347562312323	1274964	OK	R2 D2 R B' D B R2 D' R B R2
24731561111111	1073670	OK	R2 B R' B R2 D R' D' B' D2 B'
14763251221223	1026284	OK	R D R' D' B R D2 R2 B2 R D'
75462132123212	922404	OK	R B' R D2 R2 B' D B' D' B R
74165232111212	867135	OK	R B D' B2 R' B R2 B R' B' D2
24315673311311	1114666	OK	R2 B D' B' D' R D2 B' D R2 D'
36125743222331	1289873	OK	R2 D B' D' B' R D2 B' R B2 R'
14632571111111	1069335	OK	R2 B R' B2 R' D' B' R D2 B R'
63541271212211	1107538	OK	R2 B D B' R B R2 B2 D' B' R
76321453313312	959502	OK	R B' R' D2 R B2 R' D R2 D R'
36725412321212	875384	OK	R B2 R B R' B R' D B2 D2 B'
54367213312133	942104	OK	R B' R B' R2 B R2 B' R2 B R'
12354761112323	1093153	OK	R2 B R' D R B2 D' R D R2 D'
76541232131213	1068795	OK	R D' B2 D' R B D R2 D2 R B
74165231313131	843718	OK	R B D2 R B' R2 B' D R' B R2
16527432211322	938585	OK	R B' R B R' B D2 R2 B' D R2
72361542333233	1094359	OK	R2 B D R' D R B2 R2 D' R' B
67132541133311	1039765	OK	R D' R2 B2 R' B2 D B2 D2 B D'
31564272212111	1109278	OK	R2 B D2 B2 R D' B' D B2 R B
67321451212211	1091864	OK	R2 B R' D' R D R' B R2 B' R
36712542121211	918223	OK	R B' R B2 R2 D' R B' R' D R
56274312313211	929319	OK	R D R' D B D2 R' D R B2 R'
12765432222212	1074816	OK	R D' B2 D' B D R D2 R2 D R
36725413131113	854729	OK	R B D2 R B' D2 B' D R' D R2
72561432213122	936285	OK	R B' R D2 R2 B' D B' D' B R2
45276131131133	1101966	OK	R2 B D' R' D' R D2 B' D B2 D'
73615241112323	877014	OK	R B' R B2 D2 R2 B R' B R' D
52614372313211	923482	OK	R D R' B D B2 R' D B D2 B'
12345673131323	863702	OK	R B R2 D B' D2 B' R B' R D2
16527431222132	944261	OK	R B' R D' R B' R D2 R2 D' B2
15324673113311	1082990	OK	R2 B R' D' R' D R2 B' D B2 D'
73624513121132	1046259	OK	R D2 B' D2 R D' B R' B R' D
46127353131323	927463	OK	R B' R' D R D B2 D2 R' B R
36725412121211	876397	OK	R B2 R B D' R B' D R2 D2 R'
16427532333233	1099478	OK	R2 B D2 B2 R B' R' B D2 R D
45376213131323	1118204	OK	R2 B2 R D B2 D' R2 D B' R' D2
45312673132313	1113762	OK	R2 B2 R D R2 D' R2 D R' B' D2
76254313211111	1128856	OK	R2 B D2 B2 R2 D' B' R B' R D2
64531271212211	1079276	OK	R2 B R2 B2 D R' D' B D2 R B
12345672123212	870435	OK	R B R' B2 D' R B2 R D' R' D2
76512343213313	1035368	OK	R D2 B' R2 D R' B R' B D' B
72543613322312	987248	OK	R B' D' B2 D B2 D' R D2 R D'
76512343332311	1033740	OK	R D2 B' R2 D R' D R' B D' R
17265433111313	988491	OK	R D2 R B R' D R' B2 R' B R'
36725411313131	809289	OK	R B R2 B2 R' D' R2 D' B' R B'
74165232121211	837810	OK	R B R' D2 B' R D2 R D' B' D2
32147651213333	927904	OK	R B' R D R' B D2 R2 B' R D2
43675122222122	954024	OK	R B' D' R D R B2 R2 D' B D
36741252122123	933567	OK	R B' R B2 R2 D' R B' R' D R2
24351761111123	1122845	OK	R2 B D2 B2 R2 D' R' B R' B D2
74165233131323	835590	OK	R B R' B D' R' B2 R' D' B2 D2
74165231212121	819744	OK	R B R2 B D R' D B' R' B2 R2
45312673231313	1110144	OK	R2 B2 R B D2 B' R2 B R' B' D2
32517463131311	999399	OK	R D2 R D R' D B' D2 B' D R'
12456731132321	1223367	OK	R2 D R' B2 R' B' R' D R2 B D'
32147562333233	1075301	OK	R2 B R' B' D R D' R D2 R' B
74165233131113	822391	OK	R B R2 B2 R' D' B2 D' R' B D'
36725411212121	817665	OK	R B R2 B D R' D B' R' D2 R2
36725412121232	818641	OK	R B R2 B R B2 R2 B' D' R B'
32416753121222	957839	OK	R D R2 B' D' B2 D' B D R2 D
24615732111323	1045589	OK	R D2 B' D2 B D2 R' B D2 B2 D'
26435712322322	1037704	OK	R D2 B' D2 B R2 D' B R2 B2 R'
36725412121112	818246	OK	R B R2 B R D' R B' R' D2 R2
36145272131213	1036165	OK	R D' R2 D' B R B R2 B2 R B
74165232121112	815834	OK	R B R2 B R D' R B' R' B2 R2
36725411131313	822723	OK	R B R2 D B' R2 B' D B' D R2
67254311131133	1097263	OK	R2 B D2 B' D2 R D' R2 D B D'
25341762313223	1099407	OK	R2 B R' D R B2 D2 R' D2 R D
36725411121212	817750	OK	R B R2 B D B2 D2 B' R' D R'
74165231131313	833981	OK	R B R' D R' B' R2 B' R' B2 R2
32567412222212	1035762	OK	R D' R2 D' R B R B2 R2 B R
54612371112311	1090849	OK	R2 B R2 B2 D2 R' D' R D' B D2
56347212111221	1127666	OK	R2 B2 R' B R2 D' B' R' D2 B D
36514272212111	1073471	OK	R2 B R D' R D B2 D2 R' D' R
16527431123333	880096	OK	R B2 R2 B' D' R B' D R' D B2
76145231221112	1131747	OK	R2 B2 R' D B2 R' B' D' R2 B D
12367451123333	881962	OK	R B2 R2 B R D' R D' R D' R2
54367212333113	888783	OK	R B2 R' B D' R' B R D' B R'
76145231122112	1125764	OK	R2 B2 R' B D2 R' B' D' B2 R D
21345762223322	1037838	OK	R D2 B' R2 B R2 D' R D2 R2 D'
52741632212231	891249	OK	R B2 R' B R' B' R D R' D B'
34527612211322	881435	OK	R B2 R2 B' D R' B R' D B R2
23165742131321	1033913	OK	R D2 B' R2 B D2 R' D R2 D2 R'
24351673311311	1098009	OK	R2 B D2 B' R2 D R' D2 R B D'
62351743112123	1222182	OK	R2 D R' B R2 D R' B' D' B2 D'
67354211313113	1128858	OK	R2 B2 R' D B D' R2 B2 R B2 R
43765212222122	984381	OK	R D B2 D2 B' R D2 B' D2 B R
54367211333213	891691	OK	R B2 R' D B' R' B R B' D R'
72543613223312	950069	OK	R B' R' B2 R D2 R' B D2 B D'
67354211333111	1123191	OK	R2 B2 R' B D B' R2 D2 R D2 R
72561433321133	875043	OK	R B2 R2 B D' R B' D R' D B2
63725142123131	960131	OK	R D B D2 B2 D B R D' R2 D'
75231463211123	969762	OK	R D B2 D' R B' D B2 D' R2 D
32147651123333	863687	OK	R B2 R D R D2 B D' R2 D' R
34527613312133	879144	OK	R B2 R2 B' D2 R' D B2 D2 B' R'
51267342312233	908927	OK	R B' D B2 D B' R D' R' B2 D2
64125371131313	924965	OK	R B' D2 B R' D R' B2 R' B R'
34561273321133	879960	OK	R B2 R2 B D2 R' B R2 B2 R' B'
56123473133132	934939	OK	R B' R D' R2 D B2 D' B2 D R'
13275641112323	824334	OK	R B2 R' B R' B R' B D' R2 D2
36741252123323	878338	OK	R B2 R2 B' R D' B R' D R B2
41263751312222	993750	OK	R D2 R2 D B2 D2 R2 D R2 D2 B'
13265741112323	911303	OK	R D R2 D' B2 R2 D R B' D B2
27643513311233	1003155	OK	R D2 R2 D R2 D2 B2 D B2 D2 R'
72543611331332	952207	OK	R B' D B R' B R2 D2 B' R B2
76321453233131	873886	OK	R B2 R2 B R2 D' B R2 B2 R' D'
47216352131333	983164	OK	R D B2 D2 B' R B2 D' B2 D R
63542713121333	883054	OK	R B' R B2 R D' R B' R' D2 B2
51324673113311	1068985	OK	R2 B R2 B' D2 R B' D2 B R D'
14763251222312	952510	OK	R B' R' B2 D' R B' R2 D2 R' D
46153273131131	1033276	OK	R D' R2 B2 R' D2 B D2 B2 D B'
62435172311132	946935	OK	R D B R2 B2 R D R D' B2 D'
71264533231313	841872	OK	R B D2 B' D2 B D' R2 D' R D2
72561433321223	879319	OK	R B2 R2 B' D2 R' D R2 D2 R' D'
52163473323332	1119656	OK	R2 B2 R' D R2 B' R' D' R2 B R
63574212313211	986708	OK	R D' R B R B2 R D' B' R B'
67154233323332	848521	OK	R B D' B R2 B2 D' R D' R' D
52741633313321	852520	OK	R B D' R D' R' B R B' R B2
36741253233131	871703	OK	R B2 R2 B R' D B' D R' B D2
63752411333213	1115777	OK	R2 B2 R' B R D' R2 B2 R B2 R
34527612231122	849450	OK	R B D2 B2 D' R B2 D R2 D2 R'
32417562113321	882063	OK	R B' R D' B' D B2 D R D' B
12367451213333	881335	OK	R B2 R2 B' R B' D R' D B D2
25471631312213	896746	OK	R B' D R2 D R' D R' B' R2 D2
34527612331322	871154	OK	R B2 R2 B D R' D R' D R' D2
32165741111111	929685	OK	R D B' D B' D B2 D2 B R' B'
63752412333113	1121819	OK	R2 B2 R' D R D' R2 B2 R D2 R
54321672212213	876698	OK	R B D' B R' B R B2 D2 R2 B
65314272313211	988280	OK	R D' R B' R' D R2 D B D B'
34561272122321	885953	OK	R B2 R2 B' D' B R' D R' B R2
12367453112222	889460	OK	R B2 R2 B' R2 D' R B2 R2 B' D'
54367212231122	854285	OK	R B D2 B2 D B D2 B2 D' R2 B
72435163333313	1041967	OK	R D' B D' R2 D' B' D' B R2 D
14763253222112	933990	OK	R B' R B' R B' D B2 D2 B' D2
56147232332213	852357	OK	R B D' R B' R B R2 D2 B2 R
46127352131333	914436	OK	R B' R' B D B D2 B2 R' B D
32147652331322	874302	OK	R B2 R2 B' R' B R' D B' R B2
12367541113331	975775	OK	R D2 B D2 B' D R' D R' B' R
53714622233111	877046	OK	R B' R D2 R D' R D' B' R2 D2
63142571132321	1171484	OK	R2 B' D2 R B D2 B R2 B D' B2
16527432331322	862162	OK	R B2 R B R D2 B R' D2 R' D
31654272313322	869669	OK	R B' R B2 R D' R B' D2 B R2
52741632212213	846132	OK	R B D2 R D' R' D2 R' D2 B D'
34561272213122	841078	OK	R B D B' D2 R2 D R B R' D2
41725361321213	957358	OK	R D B2 R2 D' R' D R' B R2 B
52763143222331	1196586	OK	R2 B' D B D2 B' R D2 B' D2 B
32674152113333	983109	OK	R D2 R2 D B2 D2 R2 D' B2 D2 R
47251363131113	888777	OK	R B' R2 B R' D B' R2 B' R B'
54367212332213	846457	OK	R B D2 R D' B' R2 B' D2 R D'
41352671222111	860106	OK	R B D' R' D B' R2 D2 R D' B
34216572213122	981882	OK	R D2 R2 D R2 D2 B2 D' R2 D2 B
36741252122321	874789	OK	R B2 R2 B R B' R D' R B' D2
34561273311233	841172	OK	R B D B' R2 D2 R' D' R B2 D'
41352671212121	822742	OK	R B R' D B2 D2 R' D B' R' B
54321672232211	845469	OK	R B R' D B' R D B2 R2 D2 B
72145633312223	974140	OK	R D2 B R' D B R2 D' R D B2
65132472212231	1104003	OK	R2 B2 R B R2 B' D2 B D' B' R2
36712542121112	810534	OK	R B R' D2 B2 D B R D' R' B
52741633323311	849866	OK	R B D' R D R2 D B' R2 D2 B
35624712121232	792503	OK	R B R2 B D2 R' D B D2 B R2
52341672323312	1055119	OK	R2 B R2 D B2 D R' B D2 B D
52714361232113	948443	OK	R D B2 D2 R' B R' B' R D2 B'
16527432231122	833101	OK	R B R' D' B D2 R' B R' D' B
76321452122321	867674	OK	R B2 R B D B2 R B' R2 B' D
42163751121212	878395	OK	R B' R2 D' R' B R D' B2 D R
32147651312222	827738	OK	R B D R' D2 B2 D' R' B R2 D'
36712542122111	835617	OK	R B D' R B' R2 D R' D R D2
76321452213122	840353	OK	R B D B' D2 R2 D R B R' B2
73624513332131	1027815	OK	R D2 B' D2 R D' R D' B D' B
63142573112123	1146117	OK	R2 B' R2 D B R2 B R2 B D' R2
65243712121322	819074	OK	R B2 R D2 R2 D B2 R D2 R2 B2
47165322133112	924527	OK	R D R2 B2 D' R' D B' R B2 R
76321453321133	830946	OK	R B R' D' R B D2 B2 R2 B R'
15762342122213	810843	OK	R B D' R B' D R2 D R' D R'
16745233333313	1029248	OK	R D' B2 R B R2 B' D' B2 D' B'
16527432333113	839412	OK	R B D2 R2 B2 D R B' R B' R'
54367121113331	969361	OK	R D2 B D2 B' D R' D R' B' R'
54367211222132	820690	OK	R B R' B D' B' D B R' B D2
26534713333313	1002173	OK	R D' R B' R B2 D R' B' R' B2
32761453121312	1026137	OK	R D' B2 R B D2 B' R' B2 R' B'
56147232333113	835511	OK	R B D2 R2 B2 D R B' R B' R
56147232233213	817519	OK	R B R' B R' B D R2 B2 D2 R
37426513132313	801962	OK	R B R2 B' R2 B D' R2 D' B D2
26547313131323	866328	OK	R B2 D2 B' D R' D R2 D' R2 D
12356743113131	841440	OK	R B D2 B' R2 B D' B2 D' B R2
67345122223133	967699	OK	R D B' R2 D2 R D B R' B2 D
71264533131323	798752	OK	R B R2 B R2 B' R D2 B' D2 B
16534723211123	959267	OK	R D2 R B D2 B' D' B2 R B D
31524673332122	1044137	OK	R D' R' D' R B' D' B2 D' R' B
34561273321223	836069	OK	R B D R2 D2 B' R B' R D R2
52741632232211	817919	OK	R B R2 D R' B' R2 B' D2 R D'
26743512121232	875955	OK	R B' R2 D' R' D R D' B2 D B
16273541122133	878755	OK	R B' R2 D2 R D R2 D R B' R
54367212233213	816879	OK	R B R2 D R' D' R2 D' R2 B D'
35624712331232	805161	OK	R B R' D B' R2 D B' R B D2
56123471333123	880296	OK	R B2 R' D R' B' R B R' D R'
67245311112311	941532	OK	R D R' D B R2 B R2 D2 B D
12374561121212	799281	OK	R B R2 B R2 D' R B D2 B R2
46275312112232	925652	OK	R D R2 B2 D' B' D B' R D2 R
45736121122211	937410	OK	R D B D2 B' D R2 B' D2 B R'
71523463231313	845823	OK	R B2 R2 D' B D' B' D R B' D
72561433221233	832602	OK	R B D R2 B2 R' D B' D' R2 B
12356741313131	805214	OK	R B R2 D B' D2 R2 D R' B' R2
71263542323123	1162139	OK	R2 B' D2 R B R2 B D2 B R' D2
52341673323212	1044909	OK	R2 B R D2 R B' R D2 R B2 D
14763251332331	868853	OK	R B2 R2 B' R' D B' D R' B D2
76321452122123	835957	OK	R B D R' B2 D2 B D B R' B2
34561272122123	836026	OK	R B D R' B2 D2 B D B R' D2
45621373211111	936101	OK	R D R' B D R2 D B2 R2 D B
24376512222122	877403	OK	R B' R D2 R D' R D' R2 D B2
23657142121112	865107	OK	R B' R D R2 B2 D R' D2 R D2
76321452122333	813510	OK	R B R2 B2 R' B D2 R D2 R2 D
36741252122333	808678	OK	R B R2 B2 R' B R2 D B2 D2 B'
56271433132313	840740	OK	R B2 R2 D' R D' B' R D B' D
32147653112222	833048	OK	R B D B2 D2 R' B D' R D B2
26435713333133	963866	OK	R D B2 R2 D' B' R B' R B2 R
35624712321332	801281	OK	R B R' B R2 D R' B2 R' B R'
64275132211133	975931	OK	R D B' D2 R2 D B R B' R2 D
41756231321213	950638	OK	R D2 R D R2 D B' D' R2 B2 D'
25734613113323	954512	OK	R D2 R B D2 B D' B' D2 R2 B'
47165322313211	776347	OK	R B D2 B R2 B2 D2 B R2 B' D'
34675212222122	904091	OK	R B' D R' B2 D B' D B D2 B
24617532233321	1093982	OK	R2 B2 R B' R D R2 B' R B D2
36125471222111	1057608	OK	R2 B R2 D B2 D B' R D2 R B
41352671212112	816370	OK	R B R' B' D B' D2 R2 D R' B
27415633321322	943585	OK	R D R' D R D' B2 R D' R B'
16527433312133	799970	OK	R B R B2 R2 D' B R' B R B2
52741632122333	810728	OK	R B R2 B2 R D B2 D2 B' D2 R
71264533221323	804909	OK	R B R2 D B' R2 D2 R B' R' D2
71263541333222	1131889	OK	R2 B' R2 D B D2 B R2 B R' B2
34561273221233	829752	OK	R B R' D R' D2 B2 D R D R2
32147652113333	795073	OK	R B R B' D2 R2 D B D B' D2
52741633221233	834043	OK	R B D R2 B2 R' B' R2 D' R' D
23517462131333	875518	OK	R B' R B' D' B D2 B R D' B
42615372313211	772414	OK	R B D2 B D2 B2 R2 B D2 B' D'
54367211132222	834740	OK	R B D B2 R2 B' R B' D' B2 R'
17435623211123	860247	OK	R B2 D' R B D R2 D2 B' D B
12374561211212	807718	OK	R B R' B R' B2 D R' D B D2
12367451132222	841536	OK	R B D B2 R2 B' R B' D' B2 R
72365413121312	998384	OK	R D' R2 B R B2 R' D' B2 D' B'
13246571113232	1035399	OK	R D' B' D2 R D R2 D' B' R2 B'
36542712121322	816273	OK	R B2 R D2 R2 D' B2 R B2 R2 D'
41237561313131	849146	OK	R B2 D2 B' D B' R B2 R' D2 R
74152363133222	900110	OK	R B' R B2 R' D B' R B D' B2
56743213121213	939254	OK	R D B2 R' D R D B2 D2 R' B
13642573221221	930525	OK	R B' R D2 R' D R' D R D' B2
23416752121211	864474	OK	R B' R B' D' B D2 B R D' B2
76143253333313	997465	OK	R D' R2 B R D2 R' D' R2 D' B'
62435172211133	939566	OK	R D R' D2 B2 D R B D' R2 B
34561273233131	823303	OK	R B R' B' D B R2 B2 D2 B R'
54321672212231	828470	OK	R B R2 D2 B2 R B D' R D' B
74123653133132	863537	OK	R B2 R2 B' R2 D' R D2 R2 D' R'
16527432113333	799818	OK	R B R B' D2 R2 D B D B' R2
32716452123212	865083	OK	R B' R D' B' D B2 D R D' B2
16543271332331	873165	OK	R B2 R2 B D B' R B' D B' R2
56174321232113	916818	OK	R D R2 D2 B' D R' D' B D2 R'
47132563222331	1100626	OK	R2 B D' R' D R D' B R2 B' D
14763253133222	866495	OK	R B2 R2 B R2 D' B D2 B2 D' B'
47632513212332	1119234	OK	R2 B2 R' B' D' R D2 R D2 R' D2
71453623311122	958949	OK	R D B2 D' B D' R B2 R' D2 R
71643523331213	796360	OK	R B D2 B' D2 B' R D R' B D2
12376541232233	1040052	OK	R D' B' R2 B' D' R2 D B R2 D'
52741633313312	812005	OK	R B R' B D B2 D B' D2 R2 B
41673252212222	793976	OK	R B D2 B' R2 B' R B D' R D2
43576212112232	947981	OK	R D2 R D B2 D B' D' B2 R2 D'
36125471212112	1040885	OK	R2 B R B2 R B' D B2 D R2 B
35174262213131	891446	OK	R B' D B2 D' R D2 B' R2 B R2
34715262221123	932105	OK	R B' D' R B' D R2 D R' D R2
72543613221221	872081	OK	R B2 R2 B D2 R' B D2 B2 D' R'
63752141111111	897438	OK	R D R' D B' D R2 D2 R D' R'
34625172111212	854278	OK	R B' R B2 R D' R B' D2 B R'
32147651132222	810260	OK	R B R' B D' B2 R2 B R D B2
42615372213311	952467	OK	R D B2 R' B D R2 B2 D B' R'
74123653133222	862422	OK	R B2 R2 B R' B R' D B' R B2
67345122232133	922881	OK	R D R D2 R2 D R D B' R2 B'
15746321111111	909483	OK	R D2 R B' R B R2 D' B D B2
16527432231332	806390	OK	R B R D' B2 R2 B R D B' R2
56271433111313	816882	OK	R B2 R B2 R2 B' R2 D' R2 D2 B
63725142223133	939090	OK	R D R' B2 D2 B R B R' D2 B
36172452133133	934797	OK	R D R2 D2 R' D B2 R' B2 R B
23165741112323	750210	OK	R B R2 D' B D R2 B2 D R' D'
27534161111123	990103	OK	R D' R2 D' R B2 R D2 B D R2
27365412321212	863924	OK	R B' R D2 R D' R D' R2 D B'
14736521321231	1012096	OK	R D' R' D2 R' D' B2 D R D2 B'
54723612131312	957812	OK	R D2 R' D2 B R D2 R2 D' R' D2
71523463131311	821143	OK	R B2 R B' R2 B' D B2 R B' R2
16543271331332	872754	OK	R B2 R2 B' D B' D R' B D B2
56147231333213	804901	OK	R B R2 D2 B2 R B R' B D' R
63512743313333	804711	OK	R B D' B R B2 D2 R' D2 R2 B'
76321542211112	915186	OK	R D B D' R B' D B2 D' B2 R'
16543273221221	887284	OK	R B2 R2 B D' B R' D R' B R2
43621752213323	810578	OK	R B2 R B2 R2 B R2 D R2 D2 B2
31275461322233	904972	OK	R B' D B2 R2 D2 B D' B D' R
47136252133112	940884	OK	R D2 R B R2 B R' D' B2 R2 D'
16527431333213	808189	OK	R B R2 D2 B2 R B R' B D' R'
74521633133333	953854	OK	R D2 R' D2 B R B2 R2 B' D' R2
34265712212132	933291	OK	R D R2 D2 R' D R2 B' R2 B R
76321452212231	816534	OK	R B R2 D2 B2 R B D' R D' B'
56123472322121	845315	OK	R B D2 B2 D B R2 B2 R' B2 D
53761242221213	854780	OK	R B2 R' D' R B' R D2 R D' R
24736512222332	946342	OK	R D B' D R' B R' B2 R D2 B'
71546322231212	771664	OK	R B R' B R' D B2 D R' D B'
24537613231322	969957	OK	R D2 B R2 B' R B' D R' B' D
56123471222312	854713	OK	R B D' B D' R' B D R' D B2
43617521223221	968175	OK	R D B' D2 R D' R B D' R2 D'
17362452213311	1019326	OK	R D' B2 D' R B2 R B2 D B D2
41725362313223	949556	OK	R D B2 R' B R B2 D2 R D' R'
64275132232133	922048	OK	R D R B2 R2 B D R B' D2 B'
24167353132232	967760	OK	R D B' R2 D R' B D B' D2 B'
36712542121121	790905	OK	R B R2 B R B2 D B2 D2 B' D'
56123473322312	853259	OK	R B D' B D R2 D B' D2 R2 B
12356741133131	796384	OK	R B R2 B D2 B' R B2 D' B2 D
56321742211112	896038	OK	R D R D2 R' B R2 D' B2 D B'
17543261111111	894316	OK	R D B' R2 B R' B D R2 B2 D2
34617252132212	842656	OK	R B2 R' B' R B' D B2 D B' R
23157462131123	940991	OK	R D B' R B' D R' B2 R D2 B'
41725362313211	739317	OK	R B R2 B D2 B2 R2 B R2 B' D'
32147652231332	801609	OK	R B R D' B2 R2 B R D B' D2
52167432122222	954054	OK	R D2 R' B2 D R D2 R2 D' B' D2
31275461112233	898520	OK	R B' D R2 B2 D2 R B' D R' B
72543611332331	855291	OK	R B2 R D B D2 R B' D2 B' R
72561342313223	1016777	OK	R D' B2 D' B D2 B R2 D R D2
73642511111111	781657	OK	R B2 R' D' R D2 B' D' R D' R2
17426531232233	1014422	OK	R D' R' B2 R' D' R2 D R B2 D'
14735621223332	1069451	OK	R2 B D' B2 R' D R D' B R2 D2
71523463331312	834738	OK	R B2 R2 D' R B' R' D R B' R
41725631111111	854346	OK	R B' D' R' D R2 B' D2 B D' B
46275312313211	739147	OK	R B R2 B R2 B2 D2 B D2 B' D'
45273162222122	859511	OK	R B2 D2 B' R B' R D2 R' B2 R
21457631321123	1061813	OK	R2 B D2 R' D R' D B D2 R D'
52361472121313	934354	OK	R D B2 D2 B' D' B2 R B2 R' D2
74521633121213	956831	OK	R D2 R' B2 D R B2 R2 B' R' D2
71643252231212	798562	OK	R B D2 B2 R' B R' D' B R B'
46275313312211	924285	OK	R D R2 B' R D R2 B2 D R' B'
63724153121213	926681	OK	R D B R2 D2 B D' R D' R D'
15634722123332	982322	OK	R D' R2 B R2 B' D' B2 R2 D R'
13246571111111	773945	OK	R B2 R' B' R D2 B' R' B D' B2
56213743313333	761831	OK	R B R2 B' D2 R2 B R B' R B'
14763251333123	828828	OK	R B D2 R2 B2 D R D' B D' R'
53146272123233	891493	OK	R D R B2 R' D R2 B' R2 B R'
56271433123313	838881	OK	R B2 R2 D' B R' B' D R D' R
14763253133231	842922	OK	R B D' R D' R2 B2 R B R D2
64357213231322	957726	OK	R D2 B R2 B' R B' D R' B' D'
47653213211231	1065112	OK	R2 B D2 R' D R D2 B R B' D'
42167532131333	853655	OK	R B2 D2 B' R D' R D2 R' D2 R
45362712122222	802670	OK	R B D' B R' D' R D2 R B R'
31627452221333	893513	OK	R B' R' B R' D B2 D R' D B2
73654122111122	979964	OK	R D' R2 B R2 B' R' D2 B2 R B'
34721652221222	937231	OK	R D B2 D2 B' D' R2 B R2 B' R2
56743212221222	937026	OK	R D B2 D2 B' D' R2 B R2 B' D2
27615432113321	899842	OK	R D R2 B2 D R2 D R B' R B2
72163453331333	901699	OK	R D R2 D2 R' B' R2 D R2 D' R2
74123652322121	839055	OK	R B D2 B2 D' R D2 B R2 B2 R'
31265472233321	1045153	OK	R2 B R' D2 B' D R D' R D2 B2
17526432123233	912500	OK	R D B R' D B' D B2 D' R2 B'
31267542313133	852249	OK	R B' R D2 R' B D2 R' B2 R B2
72543611223221	848027	OK	R B D' B D' R2 B2 R D B D2
35417622223133	924932	OK	R D R2 D' R B' R B2 R' B2 R
27613543333133	860126	OK	R B' R B R2 D2 B R' B2 R B2
31265471111111	832031	OK	R B' D B2 D' B R' D R2 B2 D2
71326543333313	811283	OK	R B2 R2 B R2 B2 D2 B R2 B2 D'
36217452131333	868125	OK	R B' R B' D2 R D' B R D2 R
72163452122222	901707	OK	R D R2 B' D B D R2 D2 B' R
27415363131113	779869	OK	R B R' B D' R' B R B D2 B2
13274651112323	816745	OK	R B2 D' B2 D' R D' R2 B2 D' R
76345122211112	908280	OK	R D B D' R B' D B2 D' B2 R
13572641122133	908925	OK	R D R2 D' R2 B2 D R D' B D2
62317453312211	985950	OK	R D' R2 D' B R2 B D2 R B D2
54127633133333	930221	OK	R D B2 R' D B D B2 D2 R' B
71534262122222	898133	OK	R D R D2 B2 R D' R B' R D'
41367253111133	848729	OK	R B' R2 B R2 B2 R B2 D B2 D'
26517343333313	811408	OK	R B2 R2 B D2 B2 R2 B' R2 B2 D
71436253333112	1014593	OK	R D' B R' B R2 D R' D' B' D2
16347252131312	897590	OK	R D R2 B' D R B D2 B2 R' B
75143263231313	819155	OK	R B2 R2 D2 B' D2 B' R' B R' B'
14625731111111	828488	OK	R B' D R' B2 R D2 B' D R D
24761531221223	938002	OK	R D R' D2 B R' D B R' B2 R'
37651242211133	923326	OK	R D R2 D' B R' B R2 B' R2 B
23147562123131	894214	OK	R D R D2 R D B2 D' B' D2 R
52763411333123	825733	OK	R B D2 R2 B2 D R D' B D' R
53614721212121	801401	OK	R B2 R B2 R2 B' R2 D B2 D2 R'
34721652121313	936312	OK	R D B2 D2 B' D' B2 R B2 R' B2
16453271111111	863773	OK	R D R' B2 R B' R D R2 B2 D2
24351673111133	922620	OK	R D B' D B2 D' B D' B R D2
71546233331213	773760	OK	R B D R' B2 R D' R D R' B2
63251743133231	938455	OK	R D R' B2 D R' D R D' B2 D'
72543613133222	813748	OK	R B R' D B' D R2 B2 D2 R B'
24637512311132	883920	OK	R D R B2 R B R2 B' D' B2 R
43126572133313	755621	OK	R B R2 B' R2 B' R D B' R D2
13276451113211	865081	OK	R B' R2 B' R D R2 D R' D2 R'
24563712121232	776026	OK	R B R' D2 B' R' D2 B R D2 R2
32175462312323	1036127	OK	R2 B R2 B' R D R2 D2 R B R'
56123473222112	821750	OK	R B R' D R' D' B R B' D B2
56743213331333	902575	OK	R D R2 D2 R' B' R2 D R2 D' B2
23756413322312	839702	OK	R B D' B' D B' R2 D2 R B' R
24716532323231	866660	OK	R B' R2 B' D B R2 B R' D2 R'
31265741233331	914920	OK	R D R D' B D' R B2 R B R
16475233132313	814898	OK	R B2 R2 D2 B' R2 B' R' D R' B'
46127351131313	759328	OK	R B R2 B R' D R D2 R D R'
65147321232113	862560	OK	R B' D R2 B' R B D' R D2 R2
13276451233133	853268	OK	R B' R B R' B2 D2 B R' B2 R'
52167433133333	911768	OK	R D B2 D2 B R D R' D2 R' B
23756413222112	832561	OK	R B D' R B2 R2 D' R D' B' R
56123473223312	818051	OK	R B R' D R D2 R B' R2 D2 B
31275463311122	860755	OK	R B2 D' B D R D2 R2 B' R B
41576322212222	777955	OK	R B D B' D2 B R' D B R' B2
62174351122133	760516	OK	R B R2 D2 B R2 B R D' B D'
24563711121212	768287	OK	R B R' B2 D' R' B2 D B D2 B2
51472361131313	801231	OK	R B2 R B R' B D' R2 D' B D'
13276541213312	1059961	OK	R2 B D' R2 B' D R B' D R2 B2
42136752131312	779416	OK	R B D R' B D' R D' R D2 B
23475162121112	759047	OK	R B R2 B R2 B' D R' B' D2 R2
51732643121213	797991	OK	R B D' R B' D' R D2 R D R'
73615241113322	861127	OK	R B' R D2 B2 R2 D B' R B' R
57236141323232	1043741	OK	R2 B D R' B2 R D' B R D2 B2
56341273121213	916228	OK	R D B2 D2 B R B R' D2 R' B
21346752313322	895931	OK	R D R2 B2 D R' D' R' B2 R2 D'
34516722313223	950945	OK	R D2 R D B2 D' B' D2 R B R
53724612121112	787957	OK	R B D' R B R2 D2 B' R2 B2 D'
72164353131113	804892	OK	R B2 R D R' B D' B2 D' B R'
46123573232123	991418	OK	R D' B2 R D' R D' B' R' D R2
14763252322121	817767	OK	R B R' B' R B2 D' R B' R' D
14567231312213	890449	OK	R D R' D' B D2 B D' R' B R
21376541122211	887108	OK	R D R D' R B' R B2 R' D2 B'
17435622211133	852829	OK	R B2 D' B R D R2 D2 B' R D
43216573212332	1050813	OK	R2 B R2 B2 D B' D' B R2 D B
13576241312213	813949	OK	R B2 R2 D' B D' B2 D' R' D R'
36152741231312	887887	OK	R B' D' R D2 B' R D' B' D2 B'
56123471223221	792615	OK	R B R B2 D2 B' R' B2 D' R' B
76342513322111	1036947	OK	R2 B R' B2 D' B D R' D B2 R2
24351671212211	922464	OK	R D B' R' D' B D2 R' B D2 B'
36714521232113	930273	OK	R D B' D2 R D' B' D' B2 D2 R
45613272233111	807630	OK	R B2 R2 D' R D' B2 D' R' B R'
17425631322332	1022459	OK	R2 B R D2 B R' D R2 D R' B2
14673251111111	830407	OK	R B' D' R D2 B' D B R B' R2
47126351233232	913798	OK	R D R' B R D' B2 R D' B D'
71462533111223	983833	OK	R D2 B' D R2 D2 R' D R2 B' R2
31754621331122	1023569	OK	R2 B R2 B D2 R B D' B D' B'
37614521111111	821186	OK	R B' D R2 D' R2 B D' R' D' R
61734523222331	1044291	OK	R2 B R B' R D B2 D2 R' B' D
53761242121211	751391	OK	R B R B2 R2 B' D2 R B D B2
71435263211123	803695	OK	R B2 R B' R B' R B' D' B2 D2
14763253221221	817637	OK	R B R' B R' D B2 R2 D2 B R'
76312543322222	976571	OK	R D2 B' R D2 R2 D' R D2 B' R2
64275133231112	856056	OK	R B2 D' B2 D R2 B' R D2 R2 D'
41735261323313	990223	OK	R D' R D' R2 D' R' B' D B2 R
13265742131312	887850	OK	R D R B2 D2 R B' D R' B D'
31246753312211	951176	OK	R D2 R D R2 D' B' R2 D B R
41726532312233	809237	OK	R B2 R2 D' B R' B2 R' B' D R'
51642731113322	932472	OK	R D B2 D2 R' D B' R' B R2 D'
36714522121322	934898	OK	R D B' D2 B' D R D R2 D2 R
12367541112212	864500	OK	R B' D' R2 D B' R2 D B2 D' B2
34617252111212	752379	OK	R B R D2 R B D B2 R' B R'
24615731122313	851331	OK	R B2 D' B2 D B2 R' B D2 B2 D'
63751242221321	890606	OK	R B' D B R' B2 D2 B D' B2 D'
56721432312233	872483	OK	R D R B' R' D R' D' R B2 R
21357462311111	865365	OK	R B' R2 D2 R B D2 B R D' R
72165432111122	932298	OK	R D2 R' B2 R B' R' B D2 R D2
21345671111111	838622	OK	R B' D2 R' B R' B' R D2 R B
56123472331331	798753	OK	R B R2 B2 R D R2 D2 R' B2 D
15246371331332	833871	OK	R B D' B R' B2 D R' B D B2
16543272331331	808026	OK	R B R2 B2 R' B D2 R B2 R2 B'
52147633111112	937625	OK	R D2 R' D B D B' D R' D2 B
52463713212332	1044722	OK	R2 B R2 B' R2 D B' R2 B R B'
12347652123332	936585	OK	R D2 R' D2 R B' D' R D2 B D2
47123562232133	921232	OK	R D B D2 R' B' R2 B R D2 R
53761242321212	749426	OK	R B R B2 R B R B2 D' R B'
72543612331331	794153	OK	R B R2 B2 R' B R2 D R2 D2 R
37642152213311	946029	OK	R D2 R B R2 B' R' D2 B R B
37624512121322	928584	OK	R D B' R2 B' R B D B2 D2 B
52463173212332	1054094	OK	R2 B R' B' D' R B2 D' B D2 B'
14763253132232	791461	OK	R B R B' R2 D2 R' D' B D2 R'
56147322333233	895315	OK	R D R' D' B' D R2 B' R D2 R'
14763253133132	790814	OK	R B R D2 R2 B' R D' B R D2
61452731311313	859329	OK	R B' R' D' R D' R' B2 R' D' B
57364212213311	918869	OK	R D B' R' D' B2 R2 D' R B' D
65274131111111	800831	OK	R B' R D' B2 D B2 R' D B D
54723613333313	910430	OK	R D B2 R' D' B2 D B D2 B R'
32741651121311	935511	OK	R D2 R' B R D B' R D' R2 B
54163272233111	864412	OK	R D R B R' B2 D' B R D R
51324672212111	895793	OK	R D R' B' D' B R2 D' B R2 B'
14523673121312	877296	OK	R B' D' B D2 B2 D B' D' R D2
62571432321233	873313	OK	R B' D' B2 D B' R2 D B2 D' R2
72543611221223	796646	OK	R B R D' R2 B2 R' B' R D2 B'
32175461111111	798664	OK	R B' R B2 R' D B' D R2 B2 D2
34617252123212	747154	OK	R B R B R2 D2 R' D' R2 B' D2
17356242211331	1025948	OK	R2 B R2 B R2 D B D' R B' R'
56123473133231	795306	OK	R B R D2 B2 D' R' B2 D' B' R
72563411112131	937634	OK	R D2 R' D R D B' D B' R2 D
54127632131213	854618	OK	R B' D B R' D' R B R' D R2
73615242223133	850301	OK	R B2 D' R D R B2 R2 D' B D
54127633131212	898115	OK	R D R2 D2 R' B' D2 R D2 R' B2
71452632222131	909138	OK	R D R' B R' D R' D2 R B2 D'
72163453131212	897744	OK	R D R2 D2 R' B' D2 R D2 R' D2
74123653133231	790403	OK	R B R D2 B2 D' B R' D' R2 B
37615423121132	815200	OK	R B2 R2 B' D B2 R' D2 R D2 B'
54371621113112	1039511	OK	R2 B D B' D2 B R' B R B2 D2
16543271223221	801697	OK	R B R B2 D2 B' D R' D' B2 R
73642513223222	980307	OK	R D2 B' D B2 D2 B' R D2 B' D2
72345611111111	807502	OK	R B' R2 B' R' D' R D2 B D' B
15624732123212	848917	OK	R B' D B' R2 B D2 R D' B2 D
63725143122113	845152	OK	R B2 D' R2 D R2 B' D B2 D2 B'
43571262122222	752630	OK	R B R D' B D' B R' D R2 B
71365423331312	811990	OK	R B2 R2 D2 B' D2 B' D' B R' B'
54723613121312	909849	OK	R D B2 R' D' R2 D R B2 R D'
27615431312333	912027	OK	R D B D2 R2 B D' B R' D R'
31765242322121	890112	OK	R B' D B' D2 R B' R D R2 D
16347253121312	866113	OK	R B' D2 B' R B R D2 R2 D B
32671453123313	820365	OK	R B2 R2 D2 B' R2 B' D' B D' B'
42673512232133	914215	OK	R D B R2 B R B2 R' D' B2 R
16735242122213	757615	OK	R B R2 B2 D' R B' D' R D R'
24615732233321	875005	OK	R B' R' D B R2 B2 D2 B R' D
15724632123233	900454	OK	R D B R' D B' D B2 D' R2 B
13276541322311	1022647	OK	R2 B R2 B' D B R2 B2 R B D'
32567412131312	856992	OK	R B' D R' B2 D2 R D R' D B2
23756413223312	804611	OK	R B R' D' R B' R2 D2 R D' R
16273541321321	872617	OK	R B' D R D' B2 R2 B R' B2 R'
41725362221213	846631	OK	R B2 D' R2 D B2 R' D B2 D2 B'
46275312132212	848391	OK	R B2 D' B2 D B2 R' B R2 B2 R'
34721652222212	851229	OK	R B' D R D' R' D R B' D B2
14752631111111	820888	OK	R B' R' D' R D2 B' D2 B R' B
42615372221213	851186	OK	R B2 D' B2 D R2 B' R B2 R2 B'
36547212131312	883464	OK	R D R2 D2 R D B R' B2 R' B
12673542331133	908601	OK	R D R' D R' D B' R2 B R2 D'
47165322132212	843756	OK	R B2 D' R2 D R2 B' D R2 D2 R'
25741361232113	835382	OK	R B' R D2 B' R D R' B D2 B2
76125343333133	794203	OK	R B2 R B2 D' B' R B' D R' B
23756411222312	793099	OK	R B R' B R2 B2 D' R B' D' R
12543671111111	797171	OK	R B' R D R' D2 R' D' B' D B2
54367121112212	858490	OK	R B' D' R2 D B R2 D' R2 D B2
53462711113322	901320	OK	R D R2 D2 B' R D' R' B D2 R'
56243713121333	758459	OK	R B R2 D B D2 R' D B2 D2 R
32174561232113	899730	OK	R D R' D2 B R' B' R' D2 R2 B
16547321113331	817976	OK	R B2 D' R2 D B D2 R2 B' D' R2
25736141111123	887136	OK	R D R' D' B' D2 R2 B' R D' R
73615243332311	808329	OK	R B2 R2 B' R D2 B' D2 B D2 R'
47165321232113	783366	OK	R B D' R2 B2 R B R D' B2 R
12354762121211	845595	OK	R B' D R' D2 R D2 B D' B2 D
36547212122222	885830	OK	R D R2 D2 R D R B' R2 B' R
23165741231312	835974	OK	R B2 D' R2 D B2 R' D R2 D2 R'
72134562312212	824024	OK	R B2 D' R2 B D' R B' D B' D
74325613121312	842203	OK	R B' R' B D2 B2 D R' B' R D2
51726433123313	793971	OK	R B D2 B2 D' R B2 D' R2 D B
74136522322121	797417	OK	R B R' D B2 R D' R2 D' R B'
37651422312311	940804	OK	R D2 R' B D R D' R2 B D' B'
67215343333133	764474	OK	R B R2 B D2 B' D R' D' B2 R2
53421671321111	1013883	OK	R2 B R D' B2 D B' D R B2 D2
52741362313223	919236	OK	R D B' D' B' R2 D2 B' R B' D
37415622333221	942311	OK	R D2 R' D B R D' R2 B D' R'
61274351313131	765121	OK	R B D2 R B R2 D' B D2 B2 R
73615423213211	945084	OK	R D2 R' D R B D' R2 B R' B'
16542372112331	965959	OK	R D' R D R2 D2 B2 R' D' R B2
47251632131312	762616	OK	R B R' B R' D' B R2 B D R'
56143273332323	929321	OK	R D2 R' B D B D' B R' D2 B
51472633331312	759419	OK	R B R2 D2 B D2 B R D' R B'
76541233333313	875327	OK	R B' D' R D2 R2 D R' B' D R2
54172633132313	773421	OK	R B D2 R B D2 R' B R2 B2 D
76342513213112	1014065	OK	R2 B R B2 D R' D B2 D B' D2
75613243131332	943375	OK	R D2 R' B R B R' D2 B R' B'
76354122111212	817316	OK	R B' R D' R2 D R2 B D' R2 D
13254762321233	900048	OK	R D B2 D' R' B2 D B' D R B'
42157633231322	829492	OK	R B2 D' B2 D B D2 R2 B' R' D2
15246371332331	801168	OK	R B R' B2 D2 B R D R' D' R
23165742123131	766520	OK	R B D B2 D2 B D R D' R2 D'
32167451111111	796032	OK	R B' R B R' D2 R' D' R' B D2
73615243213313	807552	OK	R B2 R2 B' R B2 D' B2 D B2 R'
75234162221111	907315	OK	R D B2 D' B' D2 R B' R B R'
46135272133313	742788	OK	R B R B' D2 B D' R B R' B2
74132563131221	970645	OK	R D2 B' R B2 R2 B' D R2 B' D2
45376121331311	912189	OK	R D B' R D2 R' D B' D B R2
74521633121312	880046	OK	R D R2 B' D' R2 D B R2 B D'
56732143122113	860216	OK	R B' R' D R2 B' R B' R' B2 R'
75312463333133	751131	OK	R B R2 B' D2 B' D B R' B R2
13765422121211	770033	OK	R B D B2 D R D B2 R' D R
71435263333223	807646	OK	R B2 R2 B' D R2 B' D2 B D2 R'
36415272123212	761106	OK	R B D R2 D B D R2 B' R B
51723643131311	759414	OK	R B R' B D R' B2 R' D2 R D
21357642221132	816302	OK	R B2 D B2 D R B2 D' B R' B2
36721453121111	930025	OK	R D2 R2 B' D' B R' D2 R D' B2
52167342121232	757718	OK	R B R' D B R2 D2 B' R2 B2 D'
62134572321323	854220	OK	R B' R D R' B2 D2 B D' R2 D'
21354761122211	875127	OK	R D R D' R B' R B2 R' D2 B
23165742312323	866641	OK	R B' R' B R B2 R2 D2 R B' R
54127633333313	869975	OK	R B' D2 B' D B R D2 R2 D B
74152363133132	779242	OK	R B R2 B' D2 B R' D2 R' D R2
32164571111111	792926	OK	R B' R D2 R' D2 B D' B' R' B
31257462222221	942029	OK	R D2 R2 B2 D' R' B D' R2 D B'
17642531112233	901195	OK	R D B' D' B R2 B R B2 R2 D'
54326171111231	1009932	OK	R2 B R B' D2 B D' B R B2 D2
75316241231231	896334	OK	R D R B' R B' R D2 R D R
13642571221223	799039	OK	R B R2 D B R2 B2 D' R' D' B2
35416723232213	880994	OK	R D R' D' B' D' R2 B D' B2 D
74152363133231	779146	OK	R B R2 B2 R' B2 D' R' B2 R' B'
26714532121133	814031	OK	R B2 D R2 D R D2 B' D R' B2
42137561123333	799134	OK	R B2 R2 B R2 B2 D2 B' D2 B2 R
76351421112323	805905	OK	R B' R2 B D' R B2 D' B2 D R2
26435712233321	856727	OK	R B' R D' B R2 B2 D2 B R D'
31267542222233	792543	OK	R B2 R D R' B R2 D' R D B'
74251633111313	755683	OK	R B R' D R B' R2 B' R2 B R
13642571223221	794833	OK	R B R2 B2 R' B2 D' R' D2 R' B'
13246752133211	829970	OK	R B2 D' B2 R D' B D' B R' D
74126352333122	958866	OK	R D' R B D2 B2 R2 D' R' B R2
61543271111111	826168	OK	R B' D2 R' B D R B2 R B' D
34716522223211	830179	OK	R B2 D' R2 B D' B R' D B' D
35714623111322	781699	OK	R B D' B2 R2 B' R' D B' D R'
14527632333332	931758	OK	R D2 R' D2 R D' B' R D2 B R2
75431263133213	934972	OK	R D2 R2 B2 D' R' D B' R2 B R'
54321763113113	884706	OK	R D R' B D2 B' R D' B R B2
15246372331331	791165	OK	R B R2 B D B2 R D2 R2 D' B'
16524731112212	867774	OK	R D R2 D' B' R2 D B' R D B'
37624152311213	830735	OK	R B2 D' B2 R D' R B' R B' D
74152363132232	783626	OK	R B R2 D B D2 B2 R' B' D' B2
51624733323113	886826	OK	R B' D' B D2 R' D B' D' R2 D'
71435263333133	811642	OK	R B2 R2 B' R D2 B' D2 B R2 D'
37614252221123	818155	OK	R B2 R' D R' B' R B' R2 B R2
67354213111313	836423	OK	R B' D R B2 D' B2 R D R2 D'
32657143121213	751845	OK	R B R B' D B' D R' D B2 R
41762532221333	870429	OK	R B' D R2 D' B D2 R' D2 R D2
74521633333313	881762	OK	R D R2 B' D' B2 D B R2 B R'
64357213312211	883792	OK	R D R' B' D' B2 R2 D' B R' D
13275643212221	805248	OK	R B2 R2 B' R B2 D' B2 D R2 B'
32567413133333	856753	OK	R B' D B' D2 R2 B D B' R B2
56243173133111	838163	OK	R B' R2 B D2 B2 D R2 B D2 B'
15763241111111	804466	OK	R B' R' D R2 B' D B D B' R2
42751632321233	863885	OK	R B' D' B2 D B R2 D' R2 D R2
12354671111111	809067	OK	R B' R2 D' B R' B' D R2 D B
12365471111111	804078	OK	R B' R2 B' D' B' D R2 B R' D
24571362221213	754961	OK	R B R2 B D R' B2 R' B' R2 D
67312542221111	843827	OK	R B' R' D2 R B' R2 D R2 D' R2
32561471211131	923932	OK	R D2 R2 B' R' B R' D2 R B' D2
76524313331222	802801	OK	R B2 R D2 R2 D B2 R' D2 R2 B
36145273333313	842080	OK	R B' R' D R2 D2 R D' B' D R2
51342672212111	835595	OK	R B' D R B2 R' B R2 D' B2 D
41725361232113	751774	OK	R B R' B2 D2 B D R D' R2 B
31275462312212	777251	OK	R B D2 B R' D2 R B2 R' B D'
35174262231113	792188	OK	R B2 R D B' R B2 D' R D R'
43751623123313	757367	OK	R B R2 B' R2 D2 B D B' D B'
27543611111123	928161	OK	R D2 R' D2 R' D R' D2 B2 D' R
76325412112121	930758	OK	R D2 R' B2 R D' B' D B2 R B2
53274163211222	799571	OK	R B2 R B2 R2 B R2 D' R2 D2 B
71435261322233	816992	OK	R B2 R' D R' B R' D R' B2 R2
56741231131211	898492	OK	R D B2 D' R B D2 R' D' B R
24571631121212	749773	OK	R B R' B R B2 D2 R' B2 R2 D'
35127462331331	856894	OK	R B' R D' B2 R D' B D R2 D
41736521233232	948770	OK	R D2 B D2 B' R D' R D' B' R
13275641112233	807482	OK	R B2 R' B D' R B' R B' R2 B2
41735262312233	814832	OK	R B2 D' B2 D' B R' D2 B2 R' B
73542163321133	799832	OK	R B2 R2 B D2 B2 R2 B D2 B2 R'
34617522221333	817857	OK	R B2 R' D B' R' B R' B2 R B2
32146752232223	865864	OK	R D R2 B' R B2 R' B D' R' B'
75264132321212	812937	OK	R B' R B' R2 B D2 R D' R2 D
21345762312323	846801	OK	R B' R B' D R2 D2 B2 D B R'
42351671212211	814026	OK	R B' R D B2 D' R B2 D' R2 D
31475262331313	931666	OK	R D2 R2 B2 D' B' R D' R2 D R'
71435623333331	934369	OK	R D2 R2 B2 D' B' D B' R2 B D'
56743213121312	831423	OK	R B' R2 B' R D B D2 B2 D B
65471231132213	785010	OK	R B2 R B R' B R2 D' R B R'
62157342132212	745310	OK	R B R2 B R D' B2 D' R' B2 D
71462531113322	912879	OK	R D B' R2 D R' D' B' D2 B2 R
76215433333133	760835	OK	R B R' D2 B D' B R B' R2 B'
73541262321212	733592	OK	R B R B2 R B R B2 D' R B
73615243331312	808627	OK	R B2 R2 B' D B2 R' D2 R B2 D'
71435263311122	792404	OK	R B2 R B' D B' R D' R' B2 R2
54127632222212	822274	OK	R B' R D R' D' R D B' D B2
76325411111312	920570	OK	R D2 R2 B' R' D B' D2 B D' B2
73652413331321	813414	OK	R B2 D B2 D B R2 D' B D' R2
13546271231231	947666	OK	R D2 B R2 B' D R' B R' B' R
75146321323331	817526	OK	R B2 D2 B' R D' R2 B' R B' R2
21473563331312	754348	OK	R B R2 D2 B D' B D' R D' B'
75264313231112	822354	OK	R B2 D2 R' D' B R' B2 D2 R D
32657412111212	734346	OK	R B R D2 R B D B2 R' B R
73614251112323	733503	OK	R B D B2 D B' D' R D' R2 D'
31275462311213	780491	OK	R B D2 B D' B2 D B2 D' B D'
15672433312133	770399	OK	R B D B' D B' R B' R B2 D
16572431111111	808672	OK	R B' R' D B' D2 R' D B R D2
32174561112323	785128	OK	R B2 R' D' B R2 D' B' R B' R2
32165742211112	843463	OK	R B' D2 R D' B' R D B' R D2
52743611113121	900648	OK	R D B2 D' B D R2 B' R' B R
25763142223133	869765	OK	R B' D2 B R B2 D' B R2 B' R'
43721653231313	753622	OK	R B R2 D B R2 D' R B2 R2 D
74325163131323	744866	OK	R B R D' B2 D B' R B D' B2
46512372113321	743401	OK	R B R2 B' D2 R2 B R B' R D
37615422223133	802120	OK	R B2 R D' B D' R D' R' D2 R2
74521632222212	848231	OK	R B' D2 R B D2 B' D' B2 D' R'
73615243123313	809975	OK	R B2 R2 B' D R2 B' D2 B R2 D'
12765433121213	827807	OK	R B' R D' B2 R2 D R B' D B2
34562172232313	867198	OK	R D R2 B' R D2 R' B D' B' R'
37615422313331	769368	OK	R B D B' D2 R' D R' B D' R'
14356721322233	895031	OK	R D B' R' D B2 D R D2 R2 B'
53762413322123	888214	OK	R D R' D B2 D' R D' B D B2
74512361322233	872078	OK	R D R' B' D B2 D B R2 B2 D'
34721652131213	813509	OK	R B' R B R' D' B D B' D R2
25137461111111	786960	OK	R B' R B R' D2 R' D' R' B D'
13267541111132	792628	OK	R B2 R2 D' R B' R2 B' R' D R'
15236471111111	793058	OK	R B' R2 B' D' B' D R2 B R' D2
46257132211133	868054	OK	R B' D2 B D R2 B' D R2 D' R'
36547212221222	825209	OK	R B' R2 D2 R D R B' R2 D R
14723651111312	887403	OK	R D B D' R2 D R' D B' D2 R'
34165271211131	906036	OK	R D B' D B R D' R2 D R' D2
76341251111312	897603	OK	R D B' R D R D' B2 D R' B2
16537421233112	909023	OK	R D2 R D R2 D2 R' B D2 R' D'
36145272122222	822188	OK	R B' R B' D2 R2 B D R' D R2
21357463213331	807320	OK	R B2 R' B R' B' R D' R2 D B2
37615421113322	813806	OK	R B2 R' D B' R B' D R' D2 R2
25134672313211	793736	OK	R B' R B' D' B D2 B D R D'
53126471231231	939771	OK	R D2 B R2 B' D R' B R' B' R'
41532761233133	780209	OK	R B D2 B2 D' R D2 B' R2 B D
21536742222131	799071	OK	R B2 R D2 B' D' B R' B R' D
35162742213323	747141	OK	R B R' B D R2 B2 D' R2 D B
16275341312213	810167	OK	R B2 D' R2 D' B D' B2 R2 D' R
25736141233232	941861	OK	R D2 B D2 B' R D' R D' B' R'
76145232332213	835493	OK	R B' D2 B D' R2 B D R B' R
74361253112132	938784	OK	R D2 B R' B R B2 D' B R D2
43572161111111	760623	OK	R B2 R' B' R' D R2 B D' B D'
75246131333312	843474	OK	R B' R' B D2 R' B R' D' B2 D'
25714632123131	877473	OK	R D R2 B2 D R' D B' R2 B R'
52167432131213	845099	OK	R B' D2 R B R2 B' R' D2 R' B'
14725363311113	830478	OK	R B' D R2 B' R2 B D' R B R
62174533311212	768358	OK	R B D' R2 B' R B D' R2 B2 D2
37615422211133	799975	OK	R B2 R D' R B' D R' B' D2 B2
41735622313322	745050	OK	R B R2 D2 B D2 B R D' R D
63471522323132	937340	OK	R D2 B' R B' R' B D2 B D B
67452313321232	771911	OK	R B2 R D2 R2 B R' B' R B' R
67231543323122	951656	OK	R D' R2 B D' B D' R' D' R D2
52743611111312	888046	OK	R D B D' R2 D R' D B' D2 R
16345273233323	918420	OK	R D2 R2 B' D' R B' D2 B R' B2
64275131212223	770131	OK	R B D2 R2 B' R' D B' D R2 D
62453713311122	861400	OK	R B' D B2 R' B D B' R B2 R2
45312762221111	836520	OK	R B' R' D2 R B R2 D' B2 D R2
51642371122313	814863	OK	R B2 D2 R' B' D R' B2 D2 R D
45621732212123	760855	OK	R B D2 R2 B2 R' D B' D B2 D'
36547212121313	817397	OK	R B' R D2 B' D2 B R' B D2 B'
25413763121222	740716	OK	R B R B' R B R2 D' B D B2
34721653333313	829294	OK	R B' R2 B' D B D R2 D2 R B
26573413331312	745303	OK	R B R2 B2 R' B D2 R' B2 R B
24531673123121	904239	OK	R D B R2 B' D R2 B' D2 B D'
67231541323112	979144	OK	R D' B2 R D' B R' B' D' R B2
73625141112323	712224	OK	R B R2 B' R2 D2 B D B' D R2
35162472123233	817702	OK	R B' R2 D R' D' R B D' B D2
56741231211131	888143	OK	R D B R' D2 R D' R B' D2 R
26435712311132	728498	OK	R B R B2 R2 B R B D' B2 D'
37246511112233	873433	OK	R D R' D' B D2 B D R2 D2 B'
34567212223232	872687	OK	R D R2 D' B R B2 D' R' D B
21354672311132	870137	OK	R D R2 B2 D B' R D' R2 D R'
16532471111222	765510	OK	R B2 R B2 R2 D B' R' B D' R
42516372233111	807519	OK	R B2 D' R2 D' R D' B2 R2 D' B
56347122333233	803178	OK	R B' R B D2 B' R B2 D' B2 D
12376451111222	823989	OK	R B' D R D' B D' R2 B R D2
21354671131313	814400	OK	R B' R2 D2 B R' D2 B D' R' D'
37654212311222	770074	OK	R B D' B2 R' B R D' R2 B2 D2
71426533333223	796453	OK	R B2 R' D B' D B2 D2 R2 B' D'
36147252111113	870301	OK	R D R2 D' R B R2 D' R' D R
41725363121222	780780	OK	R B D' R D' R B2 D B' R' B'
56341273131212	822547	OK	R B' R2 D2 R B D R' B2 D B
46721533123313	750793	OK	R B R2 B' R D' B R' D R B2
75346211211311	902890	OK	R D B' R D' B D2 B2 D R' D'
24715631111111	714223	OK	R B D B2 D2 B R D' B D' B'
32647152133121	921359	OK	R D2 R' D2 R' B D' B2 R2 B' R
34165273133312	896186	OK	R D B' R2 B' R' B2 R D' R2 D2
67354213131311	813096	OK	R B' R D B2 R' D2 B D B2 D'
61527431111111	785772	OK	R B' R B D2 R' D R' B D' R2
73564213321322	789757	OK	R B2 R B2 D' B' D R' B R' B
12376541112323	776053	OK	R B2 R' B' D R2 B' R' D B' D2
52174633223123	850569	OK	R B' R' B' R D' R' D2 R' D' R
46275313121222	786038	OK	R B D' B D' R B2 D B' D' R'
15273641112323	772646	OK	R B2 R' B2 D2 R' B D R' B2 R
21345763332233	771882	OK	R B D2 R2 B' D' R B' D R2 D
21354673131113	811105	OK	R B' R2 B D B2 R' D2 B R B'
45213672221123	835583	OK	R B' R B2 R' B D2 R' B2 R D2
61534272311132	777682	OK	R B2 R' B2 R D' B R' B2 R B
15724362212132	773776	OK	R B D' R' D B R' D2 B2 D R2
72534163211123	771883	OK	R B2 R D B2 D' R' B2 D B D
26175432331133	791972	OK	R B2 R D2 B' D' R B' R B' D
24715631122121	847081	OK	R B' D2 B R B2 D2 R2 B R' B'
16534271111111	801388	OK	R B' R2 D' B D B R2 B R' D
73642511113232	853753	OK	R B' D' B2 R D R2 D' R' B2 R'
63714252123131	780944	OK	R B2 R' B2 R B' R D' B2 D B
14725362211121	848477	OK	R B' D2 B D R2 B2 D2 R B' D'
12563472131213	816989	OK	R B' R2 B' R' D2 R B R2 D' B'
56347212111311	851654	OK	R B' D' B R2 B R D' B' D2 R
63752141122211	819915	OK	R B' R2 D R' B' R B R' B D2
15627431322113	899767	OK	R D2 R B R2 B2 R' D B2 R' D'
35167242132212	740212	OK	R B R2 B R D' B2 D' R' B2 D2
51623743313321	754263	OK	R B R' D B' D' R B2 R B D'
34516272312332	913420	OK	R D2 R' B2 R' B D' R2 B2 R' B
73642511113322	881898	OK	R D R' B2 D R' B' R' B2 R2 D
16725431211131	883528	OK	R D B R' D2 R D' R B' D2 R'
26435713311122	780156	OK	R B D' B2 R2 B R B D' B2 R
27614353311332	783350	OK	R B D' B R' B R' B2 D2 R' D'
27314652313211	790432	OK	R B' R B D B2 D B' D' R D'
64321572111131	936001	OK	R D2 B' R B R D2 R D' B' D
74132561321231	851534	OK	R B' D' R2 B D R2 D' R' D2 R'
17426531213123	884244	OK	R D R' B2 R' B R D B2 D2 B
41625731222231	784763	OK	R B D' B' D2 B' R' D2 B R2 B'
35126741232212	816873	OK	R B2 D2 B' R B' R2 D' B D' R2
14736521332121	884334	OK	R D R' D2 R' B R B D2 B2 D
54671232221213	749986	OK	R B R2 B D R' B2 R' B' R2 D2
12374651111222	791716	OK	R B2 D B' D' B2 R B2 R B2 R2
24367511323112	955650	OK	R D' R2 B D' R D' R' D' B R2
67412353132121	924446	OK	R D2 R' B2 R' D B' R2 D2 R' D
35462712322322	776068	OK	R B2 R2 B R2 B' D2 R B' D2 B2
63752412312323	897890	OK	R D B2 R2 D B' R B' R2 B D'
12745632212213	836673	OK	R B' D2 B R' B2 D B R D' B
35126742231233	820630	OK	R B2 D2 B' D B' R2 D' R D' R2
34561721111111	758730	OK	R B2 R' D' R' D B2 R D' R D'
36745213121111	871186	OK	R D R' B D R B' D2 B R' B2
27416533321232	829326	OK	R B' D B R' B R' B2 D R D2
12354762121112	772514	OK	R B2 R' D R2 D R B' R' D R2
75264132121232	773145	OK	R B2 R' D R' B' R D B2 D B2
65132472233321	898184	OK	R D B2 R2 D R' B R' B2 R D'
67245311133233	777760	OK	R B D' R' D2 R' D' B2 R D2 R'
54723612222212	822445	OK	R B' R2 B' D' B2 D B R2 D' R'
54712362223322	778463	OK	R B2 R2 B D2 B D2 R' B R2 B2
25714633121333	831741	OK	R B' R' B D2 B R' D' B R2 B2
25634713321232	790789	OK	R B2 D R' B' D2 R D2 R B2 R2
12364571112212	784664	OK	R B2 D2 R D2 R D' R' B' D2 B2
46375213112111	874188	OK	R D R' B D' B R2 B2 R B' D'
31275462223211	742707	OK	R B R2 B D' R2 D R2 D' B D'
36152742131321	774416	OK	R B2 R2 B D2 B' R2 D R' D2 R2
56213471111111	716445	OK	R B D' B2 D B2 R' D R D B'
54367122211121	801463	OK	R B2 D' B' R2 B D2 R' B R D2
26453172211133	832210	OK	R B' R2 B D B2 R' D R2 D' R'
62371453311311	759346	OK	R B D' B' D R B' D R2 D' R
42651733311122	822138	OK	R B' R B2 D' R D R' D B2 D2
45367122223133	829982	OK	R B' R2 B R B2 D' B D2 B' R'
76145232233213	800807	OK	R B' R2 B D' B2 R D B D' R
31275462133211	739672	OK	R B R2 B R' D2 R D2 R' B D'
76324151112323	733583	OK	R B2 R B D' R2 B2 D R2 D' B'
13275642131333	763311	OK	R B D R' B2 D' R B' D B' D'
12576343212221	788837	OK	R B2 R' B R' D R2 D2 B2 R' D'
73645121113211	761830	OK	R B D2 R' B' D2 B' D' R2 B D
62735143223213	860418	OK	R B' D2 B' R' B2 R' B D R2 B2
26135742132221	858215	OK	R B' D2 B' D' B2 D' R D B2 R2
26714531212133	738098	OK	R B R' D B' R D' R2 D R2 B'
14723653321313	903908	OK	R D B' D2 R D B2 D R2 D2 B
64275131312123	749910	OK	R B R' D R' D B2 R D' R' D'
74561233321313	870924	OK	R D R' B2 R' B' R2 B D' R2 D2
54167233232333	847955	OK	R B' D' R B2 R B D' B' R2 D
17463251323112	902495	OK	R D2 R B D2 B2 D' B D2 R' B'
14735621233112	879737	OK	R D B2 R' B R' D R B R' D2
12346751113133	775292	OK	R B2 D R' D B D' R2 B2 D R
14753261323112	902915	OK	R D2 R D B2 D2 B' D B2 R' B'
12543673233323	871531	OK	R D R' D B R B' R2 B D' B2
27415632323231	765949	OK	R B D2 R' B' R2 B' D' R2 B D
14752363232222	813164	OK	R B' R D R B' R2 B' R2 B' D2
35762142222113	819992	OK	R B2 D2 B' D R' D2 B' R D' B2
53742612323333	760940	OK	R B2 R B' R2 D' B' R' D2 R' D
52367142211121	764406	OK	R B2 R B' D2 R' B' R' B2 R' D
65321472111122	741088	OK	R B D B2 D' B R2 D' R2 D B'
54326711112212	748275	OK	R B D' B R2 D' R B' D2 R2 B
15367421211113	885361	OK	R D B' D2 B D' R B R2 D2 B2
54612372222131	750715	OK	R B D R B2 D B' D2 R2 B' R
65132743222331	911538	OK	R D B' D' B' R D2 B' R B2 R'
54716232222113	774627	OK	R B D' R B' R B' R2 D2 B' R'
14762351321231	837205	OK	R B' D' R2 B D' B' D B' R2 B'
32156471111111	726680	OK	R B D' B D' B D2 B2 D R' B'
24715633131131	833768	OK	R B' D B2 R' B2 R B' D B R
46372511221331	803697	OK	R B2 R' B D' R' B R' D2 R D2
63751423122311	762406	OK	R B D' R B' R B' D2 B D2 R'
76354121121212	766501	OK	R B2 R' B R2 B D R' B' D B2
46275311123222	735702	OK	R B R2 D2 B' D' R D' R D2 R
57264132111323	774610	OK	R B2 R2 B R2 B R2 D' R B2 R2
45621373123331	751667	OK	R B R' D' R2 D' R' B2 D B2 D'
56124371232323	859795	OK	R D R' B' R D' B D2 R2 B' R
76213543213133	800280	OK	R B2 D R2 D B R2 D' B R' D2
72541633121111	863902	OK	R D R D' R2 D B' D B' D2 R
32475163331222	742830	OK	R B R' B2 D2 B R' B2 R' B2 R2
24315761122322	823005	OK	R B' R2 B' D' B2 D' B R B2 D2
64531273123121	864748	OK	R D R B' D B' D R2 D' B2 R'
25736411133113	829876	OK	R B' D B D2 R' B2 D R B2 R'
65213741111111	714330	OK	R B D' R2 D B' R D' R2 D2 B2
45621732233333	733780	OK	R B R2 D2 B2 D' B R' D B2 D'
34172562313331	767328	OK	R B2 R B' R B' D' R2 D' R2 B2
37614522313322	825264	OK	R B' D2 R2 B' R B' R2 D R' D2
25367411211122	749226	OK	R B D2 B2 R B' R B' R D R2
74321653233323	853677	OK	R D R B' D2 B R' D B' R2 D
41673521111111	714495	OK	R B D' R2 D B' R D' B2 R2 D2
56174232323333	822396	OK	R B' D B R2 D2 B R B2 R2 D'
15642373231223	805351	OK	R B' R B R B' D2 B' D2 B' D2
63714521112323	726916	OK	R B D2 R' D' R' B R' B R' B2
26415732233321	870312	OK	R D R' B2 R' B' R' D R2 B D'
37612542221111	787091	OK	R B2 D2 R B2 R B' D' R' D2 R2
46572311223122	841727	OK	R B' D B' R2 B' R' B' D R2 B
56743212122222	774255	OK	R B2 R2 D' B R' B' D R2 B' D'
52167433331333	807629	OK	R B' R B2 D' B2 D R' B D2 B'
45327612222323	753813	OK	R B D2 R2 B2 R' B D' B' R B
51624731312123	773410	OK	R B2 R2 B R2 B' R2 D B' R2 B2
41762533123331	780534	OK	R B2 R B D' R B2 D' B R D'
47156321133311	807148	OK	R B' R D2 R D R B' D R2 D'
31462751111111	727305	OK	R B D' R2 D B' R D B2 R2 D'
16742352232313	751651	OK	R B D2 B' R2 B R' B D R' D2
34125673133333	773475	OK	R B2 R' D2 B D R2 D2 R' D' R2
23175463211222	751458	OK	R B R' D2 B2 D B' D2 B' R2 B2
54723612221222	774359	OK	R B2 R' D B' R2 B R2 D' R D'
63725141233121	741239	OK	R B R' B D' B D2 R B' D' B'
23165473233221	872486	OK	R D R' D2 R B D' B D' R B2
27534612311132	746148	OK	R B D2 B' R B2 D' R' B2 R B'
41725363121231	743200	OK	R B R2 D2 B' R' B D' B R2 B
72163453121213	775677	OK	R B2 R2 D' B D' B' D R2 B' D'
31264752313121	767272	OK	R B2 R B' D B' D' R2 D' B2 R2
12376451113133	769325	OK	R B2 D B2 D' B R' D B' D' R
13267451122211	807703	OK	R B' R2 D B2 D' B' D2 R2 B R'
51742632323333	790085	OK	R B2 D' R' D2 R D2 B' R B D2
65132471231321	837640	OK	R B' D2 R D2 R' B R' D2 R' B
34165271112212	833651	OK	R B' D2 B' R B2 D2 R D' B2 R
61453721111111	715356	OK	R B D' R2 D B' R D B2 R2 D2
54261732231233	754070	OK	R B R' D B' R D' B2 R2 D' B'
65132473111331	813605	OK	R B' R2 B R B2 D' B2 R B R'
72531463321232	807342	OK	R B' R2 D B2 D' R2 D' B' D B2
24765313222112	782407	OK	R B D' R B' D R2 D R' D R2
35614722321233	786595	OK	R B2 D2 R D2 R B' R' B' D2 B2
17425631323112	880739	OK	R D B2 R' B D' B D B R' B2
74561233233323	852208	OK	R D R B' D2 B R' D B' R2 D'
37615422313121	729241	OK	R B R B' D2 R' B R' B D' B'
12375461111222	764452	OK	R B2 R' D R2 B' R D R D' B2
13675241112323	728495	OK	R B D2 R2 B2 R' B' D' R D2 B'
76253413322312	789194	OK	R B2 R D2 R2 D B2 R D2 R2 B
12354763211123	806610	OK	R B2 D' B R' D R2 D R D' R2
74125633121111	861360	OK	R D R D' R2 D B' D B' D2 R'
52361472131312	770388	OK	R B2 R2 D' R D' B' R D2 B' D'
47156321111111	710040	OK	R B D R' B R' D B2 D2 B D'
17452633213232	768191	OK	R B D' B2 R2 B D' B2 D' B2 D2
52167432121313	773652	OK	R B2 R' D R' B2 R B2 D' R D'
56347213111211	816206	OK	R B' R' B R2 B D B' D' B2 R
12745632232211	801412	OK	R B' R2 B R' B2 D B D R' B
36417522123311	737132	OK	R B R' B2 D' R B D' B2 R2 D2
75346212323333	805107	OK	R B' R2 B R B2 D2 R2 B R' D'
14625732113321	800662	OK	R B' R D' R2 D B' D B D2 R'
43167251232212	742076	OK	R B R' B R' B D' R2 B2 D' R'
71234563231322	785409	OK	R B2 D B' R D B' R2 D2 B D
21364752311111	737329	OK	R B R2 D' B' R2 B' D' B2 R D
36745212122312	841935	OK	R B' D' B D' B' D B2 R' D2 R
64231572311132	730285	OK	R B D R2 B' R' D2 R B R2 B
74125633133312	871621	OK	R D R' D2 R' B' R2 B R' D2 R2
31276452313313	836745	OK	R B' D R' B R2 D R' B' D' B2
14567231321123	870445	OK	R D R' B' D B2 D B' R' B R
51324761111123	742407	OK	R B R' D R B2 D2 R' D2 R D
37624511232233	827217	OK	R B' R' B2 R' B' D2 B D B2 R'
25641371213132	744288	OK	R B D2 R2 B2 R' B D' B D2 B'
24715363311332	746084	OK	R B R' D' B R' D2 B2 R' B' D2
32174561232233	832691	OK	R B' R' D2 R' D' R2 D B D2 R'
65172431132333	759380	OK	R B2 R B R2 B D' R' B2 D2 R'
64357212313211	711364	OK	R B D B2 D R2 D B' R2 D2 B'
74321563311131	745028	OK	R B D2 R' D2 R D2 B' D B D'
71563243221221	783963	OK	R B D' B2 R D' R D R' B2 R'
46275312232133	756836	OK	R B D R2 D2 R B R B' D2 B'
12345761111111	700107	OK	R B R' D2 B' D R' D' B D2 B
75261432123233	803068	OK	R B' R2 D B2 D' R' B2 D2 R B'
62135473123121	855071	OK	R D R B' D B' D R2 D' B2 R
12365472321233	829862	OK	R B' D2 B' D B2 R2 D R' D2 B
24615733311122	750411	OK	R B R' D2 B2 D R D R' B2 D
75346122133133	742558	OK	R B R' D' R B R' D2 B2 D B2
25716431212223	755873	OK	R B D' B D' R2 D R B2 D' R
47156231332313	848433	OK	R B' D' R D2 R D' B' D B2 D2
37256142321233	745494	OK	R B D' R B2 D' R B' R2 D2 B
17425631322113	854279	OK	R D R2 B' R B' D R D R' D2
32756141233121	771489	OK	R B2 R2 B D2 B R2 D' B D2 B2
52743613121111	829353	OK	R B' D B R2 D' B R' B R2 B'
24351761212232	766038	OK	R B D' B' R B' D2 R2 B' D' B2
12357461111222	802043	OK	R B' R2 D B2 D' B2 D' R' D R2
56721343123331	737758	OK	R B R2 B2 R' B R2 D' B2 D B
46512371331221	764684	OK	R B D' R2 B2 R D' B2 D' B2 D2
23176453332233	755823	OK	R B D' R D' R2 D B R2 D' R
43576211123222	759177	OK	R B2 R D B2 D R' D' B2 R2 D'
15672341113232	835191	OK	R B' D' B2 R D' B' R B' R2 B'
71435262222122	736729	OK	R B R D' B2 R' B R' D R' D'
37642513122221	786251	OK	R B2 R' B D' B D2 B2 R2 D' R'
32475161232323	740979	OK	R B R2 D2 B R2 B R D' B R
52341672323222	815059	OK	R B' R' D R' B' D R B2 R2 B
47152631322131	770064	OK	R B2 R2 B' R B' R D2 R D R2
35172461232323	740352	OK	R B R2 D' B' D2 B' R' B2 D B
54716321112323	731575	OK	R B D' B2 D B' R B D2 R2 B'
76541233331333	743726	OK	R B D2 B2 D' B' R2 D B2 D' B2
16345273122323	827111	OK	R B' D B' D2 R B D2 R' B R'
14536273311311	742157	OK	R B D2 B2 R D' B' D B2 R B
67412531131133	734995	OK	R B D2 B2 R B' R' B D2 R D
12637451132111	855182	OK	R D R' D2 R B' D B R2 D2 B2
21365742312323	866395	OK	R D R' B R2 D R' B' D' B2 D'
74653213133222	770478	OK	R B D' R2 B D' R D B' R2 B'
54317621111222	725997	OK	R B D R' D2 B2 R D' R' B D2
36147251211131	824523	OK	R B' D R D2 B' D R' D R2 D'
12765433331333	740418	OK	R B D2 B2 D' B' R2 D B2 D' R2
41756233121231	763205	OK	R B2 R B D2 B R' D' R2 B2 D'
23165471111111	698514	OK	R B R' D R' B R2 B2 R D' B'
73654211111132	728238	OK	R B R2 B' R2 D2 B D B' D R
13247563212131	733526	OK	R B R' B2 D2 B' D' B D' R D'
52741362313211	708824	OK	R B D R2 D B2 D R' D2 B2 R'
76154323333112	802547	OK	R B2 D2 R' B' R D' B2 R2 D R
53721463223312	782407	OK	R B2 R B2 R2 B R2 D R2 D2 B
54621372211121	798420	OK	R B' R D R2 B2 D R B2 R2 D'
71362453113311	723906	OK	R B R' D' R D R' B R2 B' R
67345213111133	775052	OK	R B2 D2 R2 B' R D' R D2 B' R
54712361323313	802151	OK	R B2 D2 R' D' R D' B2 R2 D B
15637423211123	720377	OK	R B R2 B' D B' D R2 D' R2 D
21375463333211	813159	OK	R B' R D' R2 D' B' R' D B2 R
31247651323232	827843	OK	R B' D2 B D' B D2 R' B2 R B2
14327653121213	775160	OK	R B2 R' D2 B D B2 D2 B' R' D2
56274132331133	726399	OK	R B R D B2 R D' B2 R2 D' B
45367213111133	773368	OK	R B2 D2 R2 B D B' R2 D R' D
23147651112323	713363	OK	R B D B2 R2 D B' D' R B2 D2
12357462211112	787707	OK	R B' R B R2 B2 D2 R' D' R D2
26513471122121	759678	OK	R B2 R D' B2 R' B' R' D2 R' B
46157321331233	762493	OK	R B D' R' B R' D2 B2 R' D' R2
24763151111111	684389	OK	R B R' B2 R D' R D' B2 D2 R2
67342512222113	737316	OK	R B R' B R B' D2 R D' B R'
73645122222311	757548	OK	R B D B D R' D2 B D2 B R2
16753241221112	745994	OK	R B D' R B' D2 B R' B' R' D'
53762143222331	774788	OK	R B D' B' D B R' B2 D2 B D2
75132463233233	729508	OK	R B R2 D2 B' R D' R' B2 D2 R
15724631111111	677036	OK	R B R D2 R2 D R B' D R' B'
13267541232212	724726	OK	R B R D' B R' D B2 D R D
34125672131312	767159	OK	R B2 R' B2 D B D2 B2 D' R' D2
41725633211111	826657	OK	R B' D B' D2 B R2 D' R D B
37641252222323	778723	OK	R B2 D2 R B2 R B' D' R' D2 R'
16423572112121	745158	OK	R B D2 B2 R D' B D' R B R2
16534273211111	823683	OK	R B' D2 B' D B2 D R2 B D B2
32761452122222	769973	OK	R B2 R' B2 D B R2 B2 R' B' D2
54276132233312	776119	OK	R B2 R' B R' B2 D' B R' D2 R2
74532163123223	787238	OK	R B2 R' D R' D B2 D2 R2 B' R'
21345762313223	756732	OK	R B D2 R' B R D2 B2 R D' R'
72513641233322	794737	OK	R B' R2 B R' D B2 R' D2 R D2
17426531313131	747496	OK	R B2 R D B' R B D B2 R D2
34517622231323	775526	OK	R B2 D2 R D2 R B' R' B' D2 B'
12563473131212	763789	OK	R B2 R' B R' B2 R D2 B' R D'
52341672211112	781199	OK	R B2 D' R2 D' B D' B' D2 B R2
26135742332312	818859	OK	R B' R2 B' R' D2 R' B D B2 R2
57123461111111	687367	OK	R B R' D2 R B2 D' R D R B'
54612733322213	783434	OK	R B2 R' D R' B2 D' R B' D2 B2
64275133312211	763507	OK	R B D2 R' B D B2 R2 D R' B'
23157461231333	733288	OK	R B R' D2 B' R D R' B2 D2 R2
54376211113133	766196	OK	R B2 D B2 D' B R' D B' D' R'
63741522123131	708675	OK	R B R D2 R B R2 B' R' D2 B
36521472113321	730124	OK	R B D2 R B2 D' B' R' D2 R' B'
25163741112323	706517	OK	R B R2 B2 D2 R' B' D R' B R2
51426731111111	703880	OK	R B D R2 D R' B' D R' B2 R2
23164573213133	719728	OK	R B R B2 R D' R D' R B R
17324561211323	890018	OK	R D2 R B' D B R2 D' R B R2
34175263321232	762345	OK	R B2 R' B D2 R' B D B D' R2
17426531121212	749638	OK	R B2 R D B2 R' B2 D R D B'
76543211212112	821682	OK	R B' D B2 R B2 R' B D' B2 D2
14735621323112	852171	OK	R D R2 B' R D' B R D R' B2
47126532133133	761118	OK	R B D' R2 B2 R' B' D B' D B'
34275162213221	810275	OK	R B' R B' R2 B' R' D' R D2 B
65241371111111	716771	OK	R B2 R B' D R D2 B' R D R2
72163453133333	769036	OK	R B2 R2 D' R B' R' D R2 B' R'
37614522113321	802623	OK	R B' R2 D2 B' D B' D2 R B' D2
25736411331113	794096	OK	R B' R B D2 R' D2 B R D2 R'
67341252222323	738150	OK	R B D2 R2 B' R B R' B R2 D
35426713111313	748228	OK	R B2 R B2 R2 D B' R B2 R D2
71463523331222	753970	OK	R B D2 R2 B' R B' D' B2 R2 D
26543171111111	683311	OK	R B R' B2 R D' R D R2 B2 D2
74561232221111	803672	OK	R B' R2 B' R D2 B2 R B' D2 R
32465173233221	853938	OK	R D R D' R D' B' R2 D2 B' R
76354123313333	766959	OK	R B2 R2 D B' D B' R2 B D2 R2
54371261113331	705042	OK	R B R2 B2 D B' D2 R D R2 B2
64321572311132	782384	OK	R B' R2 B D R2 B2 D R B R2
32751643321232	731411	OK	R B D B' R2 D2 B R' D' R D2
57364212313211	681241	OK	R B R D2 R B2 R B' R2 D2 B'
63471522123131	801026	OK	R B' R' B' R D2 R' D2 R' D R
52341671122211	784548	OK	R B2 D' R2 D' R D' B' R2 B R2
47165322232133	730208	OK	R B R D2 R2 D B R B' R2 B'
65132471323121	848828	OK	R B' D' B D2 B R' B' R D2 R2
41723562313211	707772	OK	R B R' B R2 D R' D' B' D2 B'
67321453113311	760698	OK	R B2 R' D' R' D B2 D B2 D' R2
36527412211322	782441	OK	R B2 D' B' R D' R B2 D' B R'
65271432231233	720844	OK	R B R B' D R' D R2 D B D
42613572313211	707118	OK	R B R' B2 R' D' B' R D2 B R'
16745232121313	747463	OK	R B2 R B' D B2 D' B2 R D' B'
45367211211122	770989	OK	R B2 D2 R2 B D' B R2 D' B D'
23174652123131	712509	OK	R B R2 B' R D2 B' R' D2 R B'
27456133132223	727311	OK	R B R' B' D B R2 D2 B2 D' B
71462532121112	744092	OK	R B2 R B R2 D' B2 R D B R'
75416323232213	717285	OK	R B R2 B' D2 B D' B R B' D2
47156233233113	825278	OK	R B' R' D R2 D R' B' D B2 D2
76345122311111	774231	OK	R B2 D2 R2 D R D B' R D' R2
63742511232221	726269	OK	R B R2 D2 B' D B' R' D2 B2 R
14325673311131	781419	OK	R B2 D' R' D B2 D B D2 R2 D
74132562121121	779300	OK	R B2 D B2 D R B D R2 D B'
47632153212311	828297	OK	R B' D2 B' R B2 R B2 D B R2
76354212313322	791451	OK	R B' R B2 D' B' D B' R2 B D'
31257643311122	749521	OK	R B D2 B' D B' R B2 R' D2 R
76143253131212	751227	OK	R B2 R D' R B2 R' D2 B D' B'
35462173131311	753015	OK	R B2 R D2 R2 B D' B R2 B D2
36547213331333	766198	OK	R B2 R' B D' R2 D B2 R' D R'
45673213211222	755567	OK	R B D2 R2 B' D B' D' B2 R2 D
54612732112223	777204	OK	R B2 R' B D' R2 B' D B' D2 B2
72146352232223	714888	OK	R B R2 B' R2 B R' D R B' D2
73652413211312	730865	OK	R B R' B R' B D' B2 D B2 R'
21354672311123	834403	OK	R B' D2 R D2 R' D B' D2 B' D
14725361111111	677099	OK	R B R B' D R' D B2 D2 B D'
51724362122222	749905	OK	R B D' B2 D B R2 B R' B' D
47652132231323	718653	OK	R B R2 D2 B2 D' R D' R' D B
75241632222323	745451	OK	R B D2 B2 R B' R2 D B D2 R2
31265471122133	760473	OK	R B2 D R' B D R2 B' R D' R'
53642171111111	693975	OK	R B R' B2 R D' R D R2 B2 D'
16723451122133	713123	OK	R B R' D2 B2 R' D B' D' R B2
35476122221111	720292	OK	R B R' D B2 R' B R' B2 D2 R
12347651122112	812096	OK	R B' D R2 B R2 B' D B' D2 B2
56432713122122	780697	OK	R B2 R' D B' R2 D' R B' R2 B2
26153471122121	790277	OK	R B2 D' R' B2 R D2 B' D R B2
36527412131222	808093	OK	R B' R' D R' B' R D2 B' D2 B
76354121313131	710097	OK	R B D R B D' R' B D2 R' D
51324763113332	739354	OK	R B R' B' D B D' B2 R2 B R2
56347212123233	781505	OK	R B2 D' R B2 R' B' R B' D2 B2
34167252213323	720229	OK	R B R' D' R B D2 R2 B2 D R
52376413222223	732352	OK	R B R' D' R B D2 R2 B2 R' B
16574231113133	712722	OK	R B R2 D2 B2 D' B R' D' R D
67354121111111	671656	OK	R B R B2 R B R2 B R B R'
37614523232213	791942	OK	R B' R D' B R D' B R B' D'
12376542121232	744056	OK	R B2 R B D2 R' B2 D B R B'
53476121323322	846599	OK	R D R2 D2 B' R B2 R' D B2 D'
76345122211121	752668	OK	R B2 R2 B' R' D B2 R' D B D2
41563273113311	713011	OK	R B R2 B2 D R' D' B D2 R B
76312453311311	754677	OK	R B2 R' B' R' D R2 D R2 D' R2
46123571111111	681604	OK	R B R' B2 R D' R D' R2 B2 D2
65174232323312	761694	OK	R B2 R' B D2 R' B' D' B2 R D
73645211231111	811405	OK	R B' D R2 D' R D' B R2 D2 B2
76341253221212	807638	OK	R B' R' B D' R' B D2 R' B2 R
41657321222312	743535	OK	R B R' B R' D B2 D R' D B2
34516271111111	701277	OK	R B D B' D2 B' D' R' B R2 D'
36745212123323	778509	OK	R B2 D' R' D B' R B2 D' R B'
32561471113133	786616	OK	R B' R B' D2 R D R2 B' R B'
72541631111312	786819	OK	R B' R B R2 D' R D' B D2 B'
17426531132312	798828	OK	R B2 D' B R2 B2 R' B D2 R' B2
16543721111111	693513	OK	R B D R2 D R' B' D R' B2 D
13254763323122	857759	OK	R D R' B' D' B' R2 D R' D2 R
76213543311332	758290	OK	R B D' B R' B R' D2 R B2 D'
14726532232313	762759	OK	R B2 D B D2 R2 B D' B D2 B'
63472512123332	700888	OK	R B R B2 R' D B2 R' B2 R B'
76143252221222	745273	OK	R B2 R B' R B2 R' D2 B D' R'
12357461113331	770001	OK	R B2 D2 R D2 R D' R' B' D2 B'
36714523132223	751363	OK	R B2 R B' D2 R B D2 R' B' D
35461271111231	823954	OK	R B' D2 B R' D R2 B' D2 B R2
16523741112212	703147	OK	R B R D2 R2 B' R D2 R' D2 R2
13245671321111	855696	OK	R D R' B D2 R D' R' B' D2 B'
63142571111111	687183	OK	R B R' D' B R2 B R B' R2 B2
13246572321332	770861	OK	R B2 D R2 D R D B R2 B R'
14573261333111	730555	OK	R B D2 R D' B R2 B2 D' R' B
25741632222323	768572	OK	R B2 D B2 D' R D' R B' R' D'
67354212111221	762190	OK	R B2 R' B R2 D' B' R' D2 B D
31264572122213	742433	OK	R B D' R2 D' B D B R2 B2 R
24615732213311	738984	OK	R B R2 D' B R D2 B2 R B' R'
36145272131312	735745	OK	R B D2 R' D B R B2 R2 D' B
17364251231231	806010	OK	R B2 D' B2 D R D2 B2 R' B' R2
71462533221113	801538	OK	R B2 D' B D2 B2 D' R D2 B' R2
65174233323212	768037	OK	R B2 R' D B2 R' B' D' R2 B D
76354123211123	755499	OK	R B2 R D B2 D' R' B2 D B D'
12765432121313	739654	OK	R B D2 B2 D' B' D2 R B2 R' D2
47321651311133	695999	OK	R B R B R2 D' B2 D R2 B' D'
47156233211132	816195	OK	R B' R2 D R2 D' R B' D2 B' R
13462571111111	699323	OK	R B D R2 D R' B' D' B2 D2 R
15426371111111	698766	OK	R B D R2 D R' B' D R' D2 B2
14523672121313	738459	OK	R B D2 B2 D' B' D2 R B2 R' B2
27134561131133	711523	OK	R B R' B' D R D' R D2 R' B
72165432211112	753771	OK	R B2 R' D2 R D' R' D B2 R D2
14762351221331	852956	OK	R D R2 D' R' B2 D B' R B D'
45612371133221	857621	OK	R D R' B2 R B R' B D' B D2
45321671212211	730967	OK	R B D' B' D' R D2 B' D R2 D'
54362171113133	692539	OK	R B R B D' B2 D R' B R' D'
37624513131323	717760	OK	R B D R B2 D2 R2 D B2 D' B2
34172562132332	765034	OK	R B2 R D' B D' B' R2 B' R2 D2
47265312131312	729445	OK	R B D B2 D' B' R2 D B' R' D'
46523711331332	730020	OK	R B R2 B' D B' D R' B D B2
45321671221121	786132	OK	R B' R B R2 D2 B R D2 R2 B'
72345613333331	833754	OK	R B' D' R D' B' R B2 D' B2 D
36147251131211	770878	OK	R B2 D2 R' B R B2 R2 D B D
24516732233111	722139	OK	R B D R2 D R' B' D R' B2 R'
52314761322122	762345	OK	R B2 R2 B D2 B' D2 R D' R2 D2
63741252222323	774874	OK	R B2 D B2 D' R D' R B' R' D
65271341332331	735826	OK	R B R2 D2 B R' B D' B R' B'
74561233111112	781902	OK	R B2 D' R' B2 D B D2 B2 D' R'
16524731112233	802404	OK	R B' R' B2 D B' D' R D' R2 D'
73125463133132	737992	OK	R B R' B2 D B' R B D' B2 D'
32164572232223	786377	OK	R B' R B' D R D' B D B' D'
15624732133313	730361	OK	R B D2 R2 B R' B D R' B2 R'
14765231111312	791260	OK	R B' R D R' B2 D B2 D B' R
12375641113112	850991	OK	R D R' B2 R' D' R' D B2 R D'
74325613133333	733350	OK	R B D2 R' D R B R2 B2 D' B
26135742213323	714448	OK	R B R' B D R2 B' D R B2 R'
31264752132122	765642	OK	R B2 R D' R B' R' B2 R' B2 D2
76514321112323	707286	OK	R B D B2 D B' D' R D' R2 D2
35462171212121	720317	OK	R B D B2 R' B2 D B R2 B R'
14625731131121	831373	OK	R B' D' B' D R2 B' R2 B R' D
51724363121213	746489	OK	R B D' R2 D B R2 B D' B' D
45673212212132	734541	OK	R B R' D2 B2 D' R' D B' R B'
76341251112131	785507	OK	R B2 D' B' R2 D B D2 B2 D' R'
26715433231322	736421	OK	R B D' R B D2 B2 D' B' D2 R
25714632223331	815249	OK	R B' R2 D R2 D' B R' D2 R' D
32156742313223	798147	OK	R B2 D' B D' R D2 R D R' D2
32164572232313	790302	OK	R B' R D' R B2 D' R' B D2 B'
24536713231232	726459	OK	R B R D2 B D2 B2 D R' B2 D2
75264311223122	766777	OK	R B2 R2 B R2 B D2 R' D B2 D2
31456722111221	724500	OK	R B D R B' D2 R2 D' B2 R' B
76345123311113	750425	OK	R B2 R2 B' R D' R2 B R' B' D2
71432561232323	780019	OK	R B' R B2 R' D2 B R' D' B' R
32546713323212	728707	OK	R B D B D' R2 B2 R' B2 D' B
67354211212121	704176	OK	R B R' B2 R D' B2 R D B D2
36721452121322	786022	OK	R B2 D' B R D' B R' D2 R' B
43675211221331	737565	OK	R B D R B D' R2 B R2 B D2
13527461211113	821023	OK	R B' D' B D2 R' B D R D' R2
36721452122213	776480	OK	R B2 D2 B R B2 R D R2 D' R
34725611212211	775464	OK	R B2 D2 B D2 B R' D R2 D' R
52147631131211	765815	OK	R B2 D B' D B' R2 B D' B' R
12354763131131	745084	OK	R B2 R B2 R2 D R' D R2 D R2
46375213123121	825089	OK	R B' D2 R D' R' D B D' R B2
64271533221212	789136	OK	R B2 D' R2 B D' R' B D' R D'
21364753212212	725773	OK	R B R D B D' B2 R B2 R B2
36125473232222	788592	OK	R B2 D' B' R D2 R B R2 D2 R
46125731333123	743061	OK	R B D R' D B D2 R' D R B2
41725631211122	755929	OK	R B2 R' D R' D2 B2 R' D' R2 B'
71532463221332	725445	OK	R B R D2 R D' R B' D B D
25463713212332	736947	OK	R B R' B' D2 B' D' B2 R B2 R'
74163251121122	774004	OK	R B2 D2 B D2 B D' B D2 B' R
31264573222223	756583	OK	R B2 R D' B2 R B R2 D' B' D
76325412231212	771910	OK	R B2 D2 B D B2 D B R2 B' R
14527632212111	774515	OK	R B2 D2 B R2 B R' D B2 D' R
34725612231212	773022	OK	R B2 D2 B R D2 R D R2 D' B
74163252131111	770578	OK	R B2 D2 R2 D' B' R B' R2 B D
75213642223133	750040	OK	R B D2 B' R B' R D2 R' B2 R
13254761322233	805764	OK	R B' R' D2 B D' R' B D' R2 D'
76143252131312	727359	OK	R B D2 B2 D R B D' R2 D' B
32745612313322	703502	OK	R B R2 D B2 R' D' B' D2 B' R'
21654372231323	760232	OK	R B2 D R2 D' R D' B D' B' D'
73625143333313	717560	OK	R B R' B D2 B R2 D' B R' D'
73456123231322	703874	OK	R B R D B' D2 B R' B R' B'
32761453133333	730065	OK	R B D2 B2 D R D R' B2 R' B
36714522122213	749451	OK	R B D' B2 D' B R D R2 D2 R
54123673233323	791578	OK	R B' R D R2 B' D R' B R2 B'
12347561112212	733059	OK	R B D' R D R2 D2 B' R' B D2
12753462231323	710578	OK	R B R2 B2 D R' D2 B R D2 B2
12745633131131	786505	OK	R B2 D' B' D B2 D R B2 D2 B
35472163231322	748592	OK	R B2 R' B D2 R' B D B D' R'
74125633332323	784911	OK	R B2 D' B' D2 R B R2 B2 R' D'
76325411331311	810318	OK	R B' D R' B2 D B R2 D' R D'
34725612121322	780118	OK	R B2 D' R D R' D B' D2 B' R
25716433223213	772755	OK	R B2 R2 B' D B' R B2 R B D2
16524731113133	731391	OK	R B2 R B' D2 R2 D' B R D2 R
72365413331333	750435	OK	R B2 R D' B D2 B' D2 R D' B'
32456173212332	743032	OK	R B D B D2 R B' D2 R2 B' D
54376211111132	739602	OK	R B2 R2 D2 B' R B D' B D' R2
71462532111212	713997	OK	R B D R' D2 B D' B2 R2 D R'
14752631112311	785040	OK	R B' R B' D2 B D2 R' D R B
64275311112332	753266	OK	R B2 R2 B R' B2 D R2 D B2 D2
13576241321321	738150	OK	R B R' D B R' B2 D R' B D'
52163471112122	755918	OK	R B2 R' D' R2 B2 D R B R' B2
43615272113321	707804	OK	R B R2 B' D2 R2 B R B' R D2
27634511131133	757678	OK	R B2 R' D' B' R D2 R B2 R' B2
71432563232213	759470	OK	R B2 D B R2 D2 B D' R B2 R'
27516341111111	668242	OK	R B R B2 R B2 R B R B2 D2
25734162221111	705272	OK	R B R2 B2 R B2 D R2 D2 B R'
31572461122133	709723	OK	R B R2 D2 B R2 B R D' B R2
12347652123233	751995	OK	R B2 R' D2 R B' R' D R2 B D2
71345262132131	860746	OK	R D B2 R' D2 R' D B' D2 R2 D
17643251122112	713383	OK	R B R' B R' D2 R B' D' B' D'
12365741113331	737786	OK	R B D' B R D2 R2 D' R' B2 D
36714523132322	746978	OK	R B2 R B D' R B R B2 D B2
43512671313332	713131	OK	R B R' D R' D2 R B R2 D' B
61543271112311	786491	OK	R B' R2 B' D B2 D B2 R D B2
76312542321212	717930	OK	R B D B' R2 D B' D2 R2 B R'
76325412333233	767143	OK	R B2 D2 B R2 B D' R B2 R' B
76342511111321	808678	OK	R B' D B2 D' B2 R B' D' R' D
23167541233322	785447	OK	R B2 D' B2 R D' B' D R' D R'
71426353312211	760027	OK	R B2 R D R2 D' R' B2 D B R
61234572231323	761545	OK	R B2 D R2 D' R D' B D' B' D
62531472321233	738189	OK	R B D' B D R2 D2 B' D' R D2
16725432211121	752922	OK	R B2 R' D R' D R2 B' D' R D'
41726352313322	708488	OK	R B R2 D2 B R' B' R' D2 R2 B'
36752143133222	819239	OK	R B' R' B' R2 D B D R' D' B
47132562311111	736252	OK	R B2 R B2 R' B2 R B2 D2 R2 D'
13546271321321	812360	OK	R B' R' B2 R D' R2 B D2 B' D2
21354761133311	746181	OK	R B2 R2 B' R B' R2 D B' R' D2
71423563213232	733206	OK	R B R' D2 R' D R2 B' D2 B R'
23164752131312	724996	OK	R B D R2 B2 D B' D B' R D'
43572612312323	776858	OK	R B2 R' D2 R D' B D' B2 D R
74163253121111	796546	OK	R B' R D R2 B' R' B D2 B' R'
27536412332312	763043	OK	R B2 R2 B' D R' D R2 D B D2
12347653111133	739826	OK	R B2 R2 D B D2 B D' R' D2 B
31256471231222	717641	OK	R B R B2 D B2 D2 B R' B2 D2
76341252323333	750710	OK	R B2 R' D B' D R2 B' R' B D'
16527341111111	696535	OK	R B D R2 D B2 D R B R2 D2
26437512122312	788377	OK	R B2 D' R2 B D' B' R D' R D'
35462172213311	791995	OK	R B2 D' R B' D R2 D R B' D2
53476121323112	846528	OK	R D R2 D2 B' D B2 D' B R2 B'
34165271121311	781368	OK	R B2 D' R' D2 B D B2 D2 B' R'
54367122311111	754368	OK	R B2 R' B2 D2 R' D2 R' D' R2 D2
27534161111111	670486	OK	R B R B2 R D' B' R B' R2 D
23176452132221	765475	OK	R B2 R2 B' R D' R D2 R B D2
12364751113133	751967	OK	R B2 R' D R2 B' R D R D' B'
74265312333233	727133	OK	R B D2 B' D2 R D' R2 D B D'
15463271313113	707121	OK	R B R2 D R' D R2 D2 B' R' B
35426713312211	794876	OK	R B2 D' R D' R D2 R B R' D2
23165472111122	741903	OK	R B2 R2 B' D2 B D B' R2 D B'
47132652233321	777011	OK	R B2 R' D2 R B' D B' D2 B R
14652733321331	718156	OK	R B R B D2 R D' B2 R2 D' R
54367121113211	725574	OK	R B D' B2 R2 D' R' B R' B R
76354122112121	735648	OK	R B D' R B R2 B R' D2 B D2
65174322313211	674850	OK	R B R B2 R B2 R B' D2 R2 B'
72541631113121	770834	OK	R B2 D2 R' D B R2 B2 D R B
12365471211122	761893	OK	R B2 D B' D2 R' D R D' R D
14527631211131	788075	OK	R B' R B R2 D' B' D B2 D' R'
24315762213323	716949	OK	R B R' D R B2 D' R D R2 D'
35462173221221	826285	OK	R B' R' D' B2 R B R B' D' B
67321451311133	727170	OK	R B D' B' R D' R B2 D' R' D2
74312652333332	704459	OK	R B R2 B2 D B' D B' D R B2
17246351111111	670662	OK	R B R B2 R D' B' R B' D2 R2
14625732233111	737260	OK	R B2 R D' B R D2 B' D R B
51742632323231	751437	OK	R B2 R' B2 D2 R' B2 R' D' B2 D2
72165433233323	786749	OK	R B' R B R' B2 D R2 D R' D
62135743222331	738387	OK	R B R' B' R D' R2 B2 D' B' R2
56741232111113	772135	OK	R B2 D2 R' D R B2 R2 D R D
54367123311113	723139	OK	R B D2 B2 R B' R B' R D R
26453711333333	756910	OK	R B2 R2 B R' D2 B R2 B D2 B2
42573612323231	735578	OK	R B2 R B2 R' B2 D2 R' B2 R2 D'
15724632323231	769912	OK	R B2 D2 R2 D R B R' B D' B2
24153672321233	695310	OK	R B R B2 R2 D' B R2 B' D2 B2
56247132333233	721408	OK	R B D' R' D' R D2 B' D B2 D'
54362711323112	854125	OK	R D R' D' R D' B R2 D2 B' R
13725642332132	858059	OK	R D B2 R' D2 R' B R' D2 B2 D
14726531232122	796682	OK	R B' R2 D2 B' R D' B2 R D' R2
56423172112121	772231	OK	R B2 D2 R2 B R' D B2 R' D B'
67345211211122	747996	OK	R B2 R2 D2 R' D R D2 R2 B2 R'
32561471122211	750170	OK	R B2 R' B2 R D' R' B D2 R D2
21354761113211	770724	OK	R B2 D2 R2 D B R B' R D' B2
16374521112323	704416	OK	R B D B2 D B' D' R D' B2 R2
65423713321322	725816	OK	R B R2 D2 B2 D' R D' R B2 R'
12357641113331	691625	OK	R B R2 B2 D B' D2 R D B2 R2
21374653333121	753397	OK	R B2 R D R2 D R' B' R2 D2 B'
37624513231313	700724	OK	R B R2 B' D B2 D' B R D2 B'
24561372111131	814740	OK	R B' D2 B R' B R B2 D' B R
14527632122213	776370	OK	R B2 D2 B D R2 D R D2 R' B
14726531223122	815436	OK	R B' D2 R2 B' D B' R2 D B' R2
17642531111111	668931	OK	R B R B2 R D' B' R' D2 R2 B
15734622331223	713224	OK	R B R B D B' D2 R B2 R B2
23167542131222	789455	OK	R B2 D' B2 R D' R' B R' B D'
14327652131213	722952	OK	R B D2 R' D' B2 D R D2 R D'
45613271331221	728348	OK	R B R' B2 R' B D2 R' D2 R B'
35246171111111	668808	OK	R B R B2 R D' B' R B' R2 B2
24651731113223	739426	OK	R B D' B D' B D2 B2 D R D
25436712123332	742434	OK	R B2 R2 B' R2 B D R' B2 D B'
54721631122121	782349	OK	R B2 D' R D2 R' D' B R' B2 R2
32741652111113	767345	OK	R B2 D B' R D' R2 D R' B' R
17462352213311	755886	OK	R B2 R B D2 B' R' B2 D R B
32615473332122	831107	OK	R D R2 B' D2 B' D R' B2 D2 B
32765413231223	783981	OK	R B2 D' R' B D2 B D B2 R2 B
32741653111112	747161	OK	R B2 R2 D2 B D' B R' D2 R D'
56132472333332	767001	OK	R B2 D2 R2 B D' R B2 D' B R'
37452162323312	700866	OK	R B R D B' D2 R2 D' R2 B' R
73625412222323	731582	OK	R B D2 B2 R B' R2 D B R2 D2
46321752111131	814427	OK	R B' D2 B D' R B R2 D' B R
56347212232223	734612	OK	R B2 R D B2 D' R2 D B' R' D2
32145671221112	789523	OK	R B' R D2 B R2 B' R B' D2 B2
56712343211123	750895	OK	R B2 R' B R2 B' D R2 B' R' B
16345271222111	783364	OK	R B' R B2 D R2 D' B D' B2 D2
32761452121313	706593	OK	R B R' B2 D R2 D' B D' R2 D'
34275161312213	694229	OK	R B R B2 R D' B' R B' R2 B'
14356721112323	703831	OK	R B D B2 D B' D' R' B2 R2 D
23156471222132	754485	OK	R B2 R' D R2 B' R' D' R2 B R
32164572233321	813926	OK	R B' D2 R B D2 B R2 B D' B2
54312672212111	701435	OK	R B R' D' R' D R2 B' D B2 D'
35162473332122	786739	OK	R B' R B2 R D R D' R D2 R'
76342512232223	753597	OK	R B2 D R D2 B2 R D' R D2 R'
15724632323333	745990	OK	R B2 R2 B' D' R B2 D' B R D2
65134721233232	798173	OK	R B2 D' R2 D R B2 D2 R' B' R2
36752142122132	760680	OK	R B2 R2 D R' B D' R2 D B2 R2
34125672221222	701771	OK	R B R2 D2 R' D' B' D B2 R' D
31257462312311	755544	OK	R B2 R2 D2 B' D' R D' R2 D B'
27435612122222	701774	OK	R B R D2 B2 R D' B D' B D'
23456173233122	810212	OK	R B' D R D2 B2 R B D2 B2 R'
72365413131212	701727	OK	R B R2 D2 R' B' D' B D2 R' D
61274532231323	704419	OK	R B R2 D2 B' R D B' R B2 D
71542633132322	711951	OK	R B R2 D' R2 D R2 B' D B R'
76541233121213	710868	OK	R B R2 D' R D B R2 B2 D' B
56423173133111	768026	OK	R B2 D2 R2 B R D' R2 B R' B
35426712131132	758957	OK	R B2 R2 D B' R D' R2 D R2 B2
32761452222212	727818	OK	R B D2 R' D' R2 D B D2 B D'
25736411231321	763306	OK	R B2 R' D' B R2 D' B' R' D B2
16537421113331	718255	OK	R B D2 B D R' B2 D R D B'
14763521113211	733431	OK	R B2 R B2 D2 R B2 R' B2 R2 D'
31564273113311	716468	OK	R B D B' R B R2 B2 D' B' R
56741233111112	746127	OK	R B2 R2 D2 B D' B R' D2 R D
14736523112222	746786	OK	R B2 R D' R2 B R D2 B' D' R
32145671123333	741248	OK	R B2 R' B R2 D' R' D' B R' B'
67321542232133	732650	OK	R B D B2 R' B' R2 B D R2 D
76215341231231	717492	OK	R B R D' R B2 D' R2 D B R2
31264573132313	688900	OK	R B R B' D2 B R' D' B2 D2 R'
76315241112113	784892	OK	R B' R D2 R' D R' B R2 D2 B2
14527631311121	770465	OK	R B2 D2 R2 D' R' D R' B2 R B
32145671333333	773955	OK	R B2 D' B D R' B R' D2 R' D
13647521111111	660956	OK	R B R D B2 D R' B' R' B2 R2
62543711211113	767455	OK	R B2 D' B' R' D2 B D' R2 D' R2
76321543311131	711965	OK	R B D B2 D' B R2 D' R2 D B2
12645371131121	816503	OK	R B' D2 R' B R B D2 B R' B'
14752633223231	839614	OK	R D R B' D R' B' D2 R2 B' D
23165472132332	782110	OK	R B' R B' R2 B R' D R B2 D'
36721453113113	791024	OK	R B' R D' B2 R D R2 B' R D'
37652143231322	736888	OK	R B2 R D' B2 R2 B' R D R2 D
45367211111132	749066	OK	R B2 R' D' B2 R D' R2 D B' D2
25436712132122	785954	OK	R B' R D2 B' D' B D' R2 D R'
71453262222221	770269	OK	R B2 R' D B D R' D2 B D' B'
62135471122121	750736	OK	R B2 R2 B' D' B R2 D' B D B2
35617423131332	758954	OK	R B2 R2 D2 B' R' B D' B2 D B'
23756143222331	830872	OK	R B' D B D2 B' R D2 B' D2 B
32567412122222	706351	OK	R B R2 D' R B R B2 R2 D' R
67345211311133	731148	OK	R B2 R B' R2 B' R2 D B2 D' B
57246131112233	741219	OK	R B D2 B2 R' D R' D' R B2 D'
62135473131131	749409	OK	R B2 R2 B' D B' R2 D R' D' B2
14736521221313	789035	OK	R B2 D' R D2 R2 D' B D2 R' D2
53126471321321	806538	OK	R B' R' B2 R D R2 B' R2 B D2
54721633313321	733091	OK	R B2 R D' R D' B' R B' R D2
41325671212211	727487	OK	R B D2 B' R2 D R' D2 R B D'
54721632212222	746647	OK	R B2 R2 D R D' R2 D' B' R2 B
63452711311313	767764	OK	R B2 D2 R2 B R B' R2 D B' R
57164322131312	710179	OK	R B R' B2 R D R2 D R' B' D
72516342313223	751410	OK	R B2 R B R2 B' D' B2 R B R
32765411112221	749669	OK	R B2 R' B R' B2 D2 B D' B R2
72356141112323	696866	OK	R B R' D2 R B' R B R2 D2 B'
14736521132222	741008	OK	R B2 R D R' B R D B2 R B2
54376121322233	739997	OK	R B D2 B2 R' B R' D' B R2 D'
65174323223123	787710	OK	R B2 D' B' D2 B R2 D' R D R2
36125473323233	752275	OK	R B2 R' D B' R2 D2 R D' R B2
54361272223232	771372	OK	R B2 D2 R' B D R2 D2 B R D
54167232133313	746181	OK	R B2 R2 D B D' R2 D' R' D2 R
14752363233131	743554	OK	R B2 R D2 R2 B R' B R2 B R2
67145323133312	754313	OK	R B2 R2 B D' B2 R B2 R B2 R2
74132563132112	786399	OK	R B2 D' R B2 R2 B' R D2 B' D2
12536741112323	676102	OK	R B R D2 R D' B' D' B2 D2 R
75613243133213	760939	OK	R B2 R' B R D R' D2 B D' R'
52341672232313	730841	OK	R B2 R D R2 D' R2 D R' B' D2
47265312122222	694454	OK	R B R B2 R' D' B2 R D' R' D'
63752143223123	793431	OK	R B' R2 B D B2 R2 D2 B D' R'
13246573321223	738500	OK	R B2 R B' R2 D B D2 R' D' R
32465173133111	768138	OK	R B2 D2 R2 B' D R' D R2 B' R
56127433332323	745548	OK	R B2 R2 D2 B D' R B' D2 B R
21376541131133	705696	OK	R B D R' D R B2 R2 D' R' B
21375462312233	696020	OK	R B R D2 R D' B' D R' D2 R'
31475261322233	760717	OK	R B2 R' D2 B2 R' B D B' D2 B
76341251221121	795451	OK	R B' R2 B' D B2 R2 D B' D2 R
23164753333313	697923	OK	R B R D2 R2 B' R B' R2 D2 B'
14765231111213	767768	OK	R B2 D2 R2 D' R' B R' B2 R D
41735621233232	708709	OK	R B R B' R B2 D' B2 D R B2
16573241123123	782948	OK	R B' R D R2 D2 B2 R' B' R B2
76354212312233	733962	OK	R B2 R D' R D R2 B' R B R
72563411113121	751421	OK	R B2 R' D B R B' D R' B2 D
71456322111221	757916	OK	R B2 R' D' B' R' D2 B D2 B' R2
17526431231321	737256	OK	R B2 R B2 D2 R D2 R' D2 R2 B'
45312761113211	750513	OK	R B2 R' B2 R D2 B2 R' D' B2 D2
52761431113121	761340	OK	R B2 D R' D B' R2 B R' B' R
32465172112121	746144	OK	R B2 R2 D2 R' B R D2 R2 B2 R'
65432173232321	798800	OK	R B' R2 D' B R B R2 B D' B'
32741651131211	751621	OK	R B2 R' D R B R' D R' D2 B
74132562122111	724946	OK	R B D2 R' B' D' B2 R D' B2 D
34521672223232	761898	OK	R B2 D R' B D' R2 D B' R' B
65174233331213	721153	OK	R B D R' B2 D' R D R B2 R2
72546313323212	749080	OK	R B2 R' B' R' D' R2 B R2 B' R2
65132471212112	726438	OK	R B D' R D' R' B R2 D' B' R'
45721363321313	757853	OK	R B2 R2 B D' R2 B R2 B R2 B2
36147251121311	747557	OK	R B2 R2 D2 B R' D B' D2 B D
54167233331213	744965	OK	R B2 R2 D R B' D2 B' R' B2 R
12356471113133	699803	OK	R B R2 D2 B' D B D' B D2 R
67354212311132	723047	OK	R B D2 R2 B R' B R' D2 R B'
61534721112311	753375	OK	R B2 R' D2 R' D B' D2 R2 D' B
31475262333221	751791	OK	R B2 R2 D2 B' D' B D' R2 D R'
14275633323122	831337	OK	R D R2 B' D2 B' R D' B2 R2 B
36241753212311	789970	OK	R B' R2 B' R D2 R D2 B R B2
72143651131112	730120	OK	R B D' B' D2 B' D2 B D' B' R'
12734561112323	673064	OK	R B R D2 R D' B' D R' B2 D2
32174562231212	714230	OK	R B R' D2 R' B D R B2 R2 B
35462171131313	688735	OK	R B R D2 B2 D' B' R2 B' D2 B2
73651241113322	759800	OK	R B2 R' D2 B2 R' D R D' B2 D
13275461112233	751758	OK	R B2 R' B2 D2 R' D B R' B2 R
15724631322233	769647	OK	R B2 D2 R' B' D R' D2 B R' B2
15672342323312	753489	OK	R B2 R' D' R' D' B2 R B2 R' B2
72165433121333	746655	OK	R B2 R2 D2 R D' B2 R B D2 R2
45376211333123	801282	OK	R B' R2 D2 B D' R2 B D' B' R'
14736251111132	728410	OK	R B2 R D R2 B2 R' D' B2 D R'
52147631121311	746606	OK	R B2 R2 D2 B R' D B' D2 B D'
56423171231321	742241	OK	R B2 R2 D2 B' R D B' D B' R2
45167323322231	734902	OK	R B D' R D' B R2 B2 R B D
54621371133311	721671	OK	R B D' B D2 B' D B' D R D2
16745232122222	697169	OK	R B R2 B2 R B D B' D2 B' R
76345123311131	711424	OK	R B D B2 D' B' R2 D B2 D' B2
14725361322332	771475	OK	R B2 D2 R' D' R D' R2 B R' D2
34165271311133	724982	OK	R B2 R B2 R2 D' B D R' D2 R
13675242331313	760871	OK	R B2 R' D R D R' B2 D B' R'
16547233332323	744278	OK	R B2 R2 D2 B D' R B' D2 B R'
14736521133131	713597	OK	R B D B D2 R2 B2 R B2 R' D2
73625143121213	698809	OK	R B R B2 D2 R D' B R' B D'
41765231233232	775137	OK	R B2 D B' R' D2 B R2 B D2 B2
75246313212311	734860	OK	R B D' R D2 B' D' B D' R2 D2
67354213313333	719165	OK	R B D R2 D B2 D B' R' B R2
17463251321231	734576	OK	R B2 R D' R2 B D R D2 B' R2
32157642231323	716068	OK	R B D2 B R B' D2 R B D B'
63712542221111	706391	OK	R B R' B D B2 D2 R' B' R D2
25436711311313	765039	OK	R B2 D2 R2 B' D B' R B2 D' B
61472532123332	704220	OK	R B D R' D R' B D2 B' D2 R'
43651722323132	778118	OK	R B' R2 B R' B D R2 B' D R
32567413131212	696568	OK	R B R2 B2 R' D' B2 R D2 R' D2
65274131312213	728248	OK	R B2 R B' R D R2 B' R D R
62135473322321	776875	OK	R B2 D2 R' D' B R' D2 B D' R2
32576142313223	745693	OK	R B2 R' D R2 D' R D2 B' D' B
25436713232321	802109	OK	R B' R' B' D R2 B' R2 B D' R
15642373221323	716847	OK	R B D B D R' D' B R2 D' B
56132473213211	734567	OK	R B2 R D B' D2 B D B2 D2 R'
35246172213311	744231	OK	R B2 R' D B2 D' R D2 B' D' R
56132473211111	729285	OK	R B D' B' D' R2 B2 D' R D' B
41625373121213	703096	OK	R B R D2 R' D' R2 B D' R' D'
76143253331333	708820	OK	R B R' D2 B R2 B' D R' D2 R'
14625732112121	749005	OK	R B2 R' B D' B2 R2 D' R' B2 D'
52147632111113	747056	OK	R B2 R' B R B D' R D' R2 B
67345211111132	739819	OK	R B2 R2 D2 B D' B' D R' D R2
72541631112131	743928	OK	R B2 R2 D2 B R' B R' D2 R B
52761431112131	745388	OK	R B2 R2 D2 B R' B R' D2 R B'
21354761112233	768112	OK	R B2 D2 R' B' R D' R2 B R' B2
67354212212222	718828	OK	R B D R2 D B D B' R2 D' R2
76315243323323	758267	OK	R B2 D R' D B R2 D' B R' D'
12364753311131	711771	OK	R B D2 R' B R B2 R D' B' R
54327612223232	747960	OK	R B2 R' B D R B' R B' D2 R
67354213211132	765934	OK	R B2 R' D' R D2 B' D' R' B R2
41236753232321	791817	OK	R B' R' B R' D2 B' D R D B2
62135473132121	773559	OK	R B2 D2 R2 D B D B' R B' R2
53741621332112	797187	OK	R B' D2 R D' B D' B' D' R D2
13275463213211	755636	OK	R B2 R2 D2 B' R' D R' D2 R B'
16257431132111	784689	OK	R B' R' B D2 R' D R B D' R2
67321451112311	715541	OK	R B D' R B2 R' B R' D' B R2
32145673311113	731036	OK	R B2 R D B' R D2 R' B2 D R2
32175462233111	716896	OK	R B D2 R' B2 R B R2 B' D2 B
76541232221222	698015	OK	R B R2 B2 R' D' R2 B D2 B' D2
23165471311133	726755	OK	R B2 R B2 R2 D B D R' D2 R'
34725613111112	743906	OK	R B2 R2 D2 B' D R' D R2 D' B
17426532121211	686365	OK	R B R B' R2 D R' B2 D2 R B'
14723652331232	756901	OK	R B2 D B' R2 D' R B D' B R
16345272322232	766167	OK	R B2 D2 R2 D' B' D R' D2 R D
27453161132111	767621	OK	R B2 D' B' D' B2 R D' B2 D' B2
13246573221233	735753	OK	R B2 R B R' B R B D2 R B2
32157641232323	727437	OK	R B2 R B' D2 R D B D2 R' D2
52341673232213	726503	OK	R B2 R B D2 B' R2 B R' B' D2
52134761232113	722307	OK	R B D' R' D R2 D B D2 B2 R'
37624512231212	708928	OK	R B R' B2 R' D B D B2 D2 B
43561271111111	670397	OK	R B R D' B2 D' R' B' R B2 D'
73615423333331	759505	OK	R B2 R' B D B R' D2 B R' D'
16745233121213	699140	OK	R B R2 B2 R B R D' B2 D' B
41725633111133	704107	OK	R B D R' D B2 D' B2 R B' R
32164572312323	787702	OK	R B' R2 D B R2 B R2 B D' R2
72345612122111	754713	OK	R B2 D R' B2 D' R B R' D B
47632153232321	791503	OK	R B' R2 D' B R B R2 B D' B
15624732333332	705671	OK	R B R' D B R2 B D' B2 R D2
21376541111123	705144	OK	R B D B' R B2 R' B D' R B2
25471362323132	778038	OK	R B' R2 B D' B D B2 R' D R
65714323223123	756330	OK	R B2 R D' R2 B' R' D' R2 D' R
17453262211133	710876	OK	R B R2 B' R D' B R2 B' R2 B
43176252311132	722130	OK	R B D' B2 R B D R2 B' R D2
15642372231332	731616	OK	R B D' B R B2 R B' D2 R B2
32167451213333	772475	OK	R B2 D' R' B D' R B2 D' B D'
52374161112323	674621	OK	R B R D2 R D' B' D R' D2 R2
25743611233232	753995	OK	R B2 R D2 R2 B D' B' R D' B
76354212333332	741045	OK	R B2 R' B R' D2 B2 R' B' R2 D'
34275162112322	731189	OK	R B D2 B' R B2 D2 R B' R D2
76523413223231	768525	OK	R B2 D R' D R D2 B' R B R2
71562433123232	711607	OK	R B D B' D2 B' D R2 B R' B
51324671211122	696294	OK	R B R' B' D B' R B2 D2 R' D'
76354122212222	704256	OK	R B R2 D2 B R' B R B' D2 B'
52471631323112	800670	OK	R B' D2 R D' R B' R' D' R B2
75264133331213	704875	OK	R B R2 D2 B D' B R B' R2 B'
14352672212111	698153	OK	R B R2 B' D2 R B' D2 B R D'
32146751232323	728966	OK	R B2 R D B2 D2 B' D R2 B' R'
36147253111112	718439	OK	R B D2 B' R B R2 D' R' B R
12467351131121	804998	OK	R B' D2 R' B R B D2 B R' B
51426733312211	743252	OK	R B2 R' B D2 B' R D2 B' R' B
64257131113223	718477	OK	R B D B2 R2 D' B R' B' D2 R2
12376542123212	688110	OK	R B R D' R2 B D' R2 B2 D B'
14765231112131	743577	OK	R B2 R2 D2 B' R B' R D2 R' D
12364751112212	711423	OK	R B D2 B D' R D' R' D2 B R'
14527633312133	720125	OK	R B D' B2 R2 D R' B' R B' D
72365412222212	693039	OK	R B R2 B R D2 R' D' R2 B D'
12463751231231	751698	OK	R B2 R B2 R2 D R' D' R D' R
35426713131113	685015	OK	R B R B2 D' R B R' B D' B'
67312452233321	737845	OK	R B D2 B' D B2 R' B' R2 B R'
54761233322321	739493	OK	R B D' B2 R2 D' B D' B' D R2
15367423211123	711652	OK	R B D' B R B' D R' B2 R2 D
74325613131212	695829	OK	R B R2 B2 R' D' B2 R D2 R' B2
76354212213323	714552	OK	R B D2 B D R2 B D2 B D2 B
17426532331331	765508	OK	R B2 D R2 D R' B R2 B R B
32156472333332	736639	OK	R B2 R2 D2 R' D B D2 B2 R2 B'
14527631121311	745942	OK	R B2 R2 D2 B' R D' R D2 R' B
14736521213333	742283	OK	R B2 R D R2 B' R2 D R B D'
34125672131213	692631	OK	R B R2 B D R2 D' R' D2 B D'
76325411113121	734168	OK	R B2 R2 B D B' D' B R' B' R
72165433331213	726311	OK	R B D' B2 R2 D' R D R B2 D2
74325612221222	697415	OK	R B R2 B2 R' D' R2 B D2 B' R2
34725612322232	738389	OK	R B2 R2 B R' D R B' R D B
45312672223331	758778	OK	R B2 R' B' D R2 B' R' D' R D2
54163271133221	760574	OK	R B2 D R' B R D2 B' D R D2
76325411111213	734562	OK	R B2 R2 B D' R D B' R B R
36125471111333	720151	OK	R B D' B D' B2 D' B D R B2
13276542323312	748477	OK	R B2 R' D' R' D B2 R' D2 R B2
71432562111221	751714	OK	R B2 R' D' B' R D2 B' R2 B R2
36721452122321	749853	OK	R B2 R' D R2 B' D' R' D B' R'
12543671211212	752720	OK	R B2 D R' D2 B' R B D' R B
42751632323231	719069	OK	R B D' R2 B2 D' R' B D' R B
62471532232133	698199	OK	R B R B2 R B D2 B' R' B2 D
13276541321123	805052	OK	R B' D2 R B R2 B D2 B R' D2
56347213131332	738663	OK	R B2 R2 D B R' D2 R' D' R2 D
24615371112332	724637	OK	R B D2 B R' B' R B' D2 R D'
12745632111122	712137	OK	R B D2 B R2 B' R2 B R' D' R2
12347651133311	723624	OK	R B2 R B R' B D2 B' R2 D R2
32741651311121	723164	OK	R B D' R2 D' B2 R B' D' B R'
41752632311123	758486	OK	R B2 R' B' R D2 B' R' B' R D2
32561471311121	736169	OK	R B2 R2 B R' B D R' B D R
12347653332323	739398	OK	R B2 R2 D2 B' D B' R B2 R' B
74523611131112	727153	OK	R B D' B' D2 B' D2 B D' B' R
54721631311133	712575	OK	R B D2 B' R D2 B' R2 B R D2
74365211313113	745915	OK	R B2 R' D B D' R2 B2 R B2 R
37516422333311	716857	OK	R B D R2 D2 R D' B R' D B
27634512233321	724698	OK	R B2 R B R2 D2 R' B' D2 B D'
74561232111113	733791	OK	R B2 R D' R D R2 B2 R B D2
32167452211121	712677	OK	R B D2 R2 D R2 D' B D R2 B'
15634722321233	713744	OK	R B D2 B R' B D' B' R2 D R'
76342513323212	742575	OK	R B2 R' B' R' D R2 B' D2 B R2
32547611121113	716988	OK	R B D2 B2 D B' D B2 D2 B R'
16245371231231	769769	OK	R B2 D R' D' B2 R D2 R D2 R2
41735263123223	735554	OK	R B D' R2 B D' R' D' B D2 B'
71423653213232	800837	OK	R B' R' D' R B2 D' B R2 B' D
12745633313333	719848	OK	R B D' R' B R' D' B D2 R' D2
76312542322121	769063	OK	R B2 D B2 D R' D B2 D B R
65132471222111	699157	OK	R B R' B D' B' D B2 R' D' R'
32167453313333	718071	OK	R B D2 B' D' B2 R B' R' B2 D2
76543211333333	769393	OK	R B2 D' R B D' B D' B2 D' B
13276541133122	779486	OK	R B' R2 D B D2 B R2 B R' B2
26153473131131	716422	OK	R B D2 B2 R D' B D' R B R
32145672212222	722499	OK	R B D' R2 B2 D' R D B R2 D2
34127651312111	726403	OK	R B D' R' D2 R' B2 R B' D' R'
16275343122221	742069	OK	R B D' B2 R D' R' D' R B2 R'
75264133121333	695486	OK	R B R D2 R B D' R B2 D B2
16357421223113	739154	OK	R B D' R' D' B D2 B' R D' B'
74365211333111	740740	OK	R B2 R' B D B' R2 D2 R D2 R
45721363322231	714819	OK	R B D R2 B2 D' R D' R' D2 B2
63721541233322	723140	OK	R B D' R2 D' R' D' B D2 R' D
46273512122312	731764	OK	R B D' B2 D' R' D' R B2 D' R
12347652223232	734281	OK	R B2 R2 B D R' B' D B' R' B
63125743133312	727295	OK	R B D2 B D' R' B D' R2 B R'
14537622231323	695384	OK	R B R2 B2 D R' D2 B R B2 D2
47135622132332	730950	OK	R B D2 B' D B2 R2 D B' D R2
76543212132323	718706	OK	R B D' R D' B2 R2 D R B D'
75246313332332	752912	OK	R B2 R2 D R' D B' R2 B R2 D2
76354121311313	686800	OK	R B R D2 B' R B D' B D' R'
34627512232313	703881	OK	R B D B2 R D2 R B' R B2 D2
16537421113322	731591	OK	R B2 R D' B2 R D B R2 D' R2
76514321232113	719845	OK	R B D' R' D R2 D B' R B2 R2
35462171332331	752035	OK	R B2 R' B R' B' R B D2 B D2
74163252112211	712970	OK	R B D2 R' B D' B2 R D R2 D2
34165271131211	727895	OK	R B2 R B' D R D2 B2 D B D2
36752143211132	738404	OK	R B D' B D2 R' B' D R' B2 R2
14752633222223	736304	OK	R B2 R D' B2 D' R2 B D2 B' R
75246313312211	744778	OK	R B2 R D R2 D' R' B2 D B R'
76351423321232	684784	OK	R B R2 B' D' B2 R B' R D R'
76354213222223	735942	OK	R B2 R D2 R2 B D R D' R2 D'
46215372121223	732235	OK	R B D' B R2 D' R2 D' R B' R'
32547611312111	722472	OK	R B D' R' D2 R' B2 R B' D' R
76231451123111	764325	OK	R B2 D' B R' D' R D2 R D B'
65123472312311	723061	OK	R B2 R B R' D2 R B D2 B2 R'
52761432131111	727714	OK	R B D' B2 D' B2 R D' R' B R'
36721452131111	738906	OK	R B2 R2 B D' B D B' R D R
76325411122121	746183	OK	R B2 R' B2 R B' D' B D2 R B2
76312453211111	687061	OK	R B R' B R2 B' D B' D' B R2
21354671221112	691836	OK	R B R2 D B2 D R' B D2 B D
75634123323122	735162	OK	R B D2 B' D2 B R' B R B' R2
75243611113232	723299	OK	R B2 R B' R2 D R B D2 R' B2
76341251311313	722489	OK	R B2 R B2 R2 D' R D R' B2 R
32465172332321	746741	OK	R B2 R' D R2 D' R D2 B' D' B2
34725613132223	741432	OK	R B2 R2 D R D2 R B' D' R2 B
34725612331322	744599	OK	R B2 R' D B2 R' D' R' D R' B'
16427531231321	729042	OK	R B2 R D B2 R2 B' D' B2 D R'
12376451221211	709443	OK	R B D2 R' D R' B2 R' B2 D' R2
31462751113322	720954	OK	R B D' B' D R2 D B R2 B2 D'
72543163211111	744049	OK	R B2 R' B2 R' D R' B2 D2 B' R
45312762311111	696908	OK	R B R' D2 B2 R' B' R B' D B
63754213122122	716431	OK	R B R' B D' B2 D B D2 R' D
74156322313223	737151	OK	R B2 R B R2 B' D' B2 R B R'
56723411121113	705711	OK	R B D B' R2 B' D' B D B2 R'
73516243332131	720229	OK	R B D B2 R2 D R' D R' B R'
72165432111113	735352	OK	R B2 R2 B R B' D' B D' B' R
65174232123131	701262	OK	R B R2 D2 B R' B D' B2 D B'
64351272132131	726069	OK	R B D2 R' D2 R B2 D' B D B'
63471522332132	788103	OK	R B' R' D' B R2 B' D2 B' D R
47162351322122	718774	OK	R B D B2 D2 B R' D R' B D
16342571331221	765570	OK	R B2 D B' D B D' B2 R2 D R
17425631122112	722497	OK	R B D' B' R B' R' B R' D R'
34725613311113	698116	OK	R B D R B2 D2 R2 D B2 D' B
76341251113121	728391	OK	R B2 R B' R D R2 B2 R D B2
74156322122321	712638	OK	R B D R2 B' R2 D B D2 B D'
17426531112233	729343	OK	R B D' R2 B D' B' D' R2 D2 B
15643271331221	790371	OK	R B' R' B' D B2 R' B D2 B' D
71456321322323	728946	OK	R B2 R D R' B2 D2 R D2 R' B'
23156473323332	698784	OK	R B R' B2 D' R2 D R' D2 B R'
64275313312211	723072	OK	R B D2 B2 R2 D' B' R B' R D2
71543623111121	732605	OK	R B2 R' B R2 B R2 B2 D' R D'
74523611213111	716278	OK	R B D2 B2 D B' R D2 R2 D R'
32561471131211	732878	OK	R B2 R2 B R D' B' D B' D' R
45312761133311	682822	OK	R B R2 B2 D B' D B' D R B
76543213113131	737750	OK	R B2 R2 D B R2 B D' B' R2 D
75321461311112	756275	OK	R B2 D' B R D R2 D R' D' B'
45612373132223	728376	OK	R B2 R B' D2 B' R2 D R2 D' R
35462173123211	728697	OK	R B D2 B R2 B R' D' R D2 R
53426171112233	700602	OK	R B R2 B2 D' R B' D' R D2 B'
64321572132131	774235	OK	R B' R2 B R D2 B2 R B D R2
34725613111133	680943	OK	R B R2 B' D B2 D' B R D2 B2
67245131313323	713351	OK	R B D R2 D' R' D2 B D' B' R'
65274132123332	699918	OK	R B D R' D R' B D2 B' D2 R
53741621323112	777165	OK	R B' R2 D R' D B' R' B' R B2
52471631223113	774815	OK	R B' R2 D R' B D' R' B' R D2
76325413222223	740868	OK	R B2 R2 D R B2 R D' B' D2 R
67321452111122	678477	OK	R B R D' R D' B D2 B' D2 R'
14736523113131	690884	OK	R B R2 B' R D2 R' D R B2 D'
36745213133111	731639	OK	R B2 R D2 R2 B' R B R' D2 R
36527412322232	723262	OK	R B D' B D R D' R2 D B' R2
74561231111222	710891	OK	R B D2 B D' R D2 B' R D R'
16537421111222	683368	OK	R B R2 B' R' D2 B R' B R B'
54376211111222	671090	OK	R B R B2 R' D' B2 D' B2 D B2
54167231221211	752547	OK	R B2 R' D' B2 R2 D B D R' D2
36751243222322	704651	OK	R B D B2 D B' D' R' D2 B D
32145672113333	709301	OK	R B D2 B' D R2 B' D' B R2 B2
64572131122223	712302	OK	R B R' D2 B D' B' R' D B2 D'
36527413111112	713823	OK	R B D2 B' R B R2 D' R' B R'
37612453122233	708491	OK	R B R' B2 D B' R' B' D R2 D'
36752142123221	730005	OK	R B D2 B D2 B D' B' R B2 R
34621572132131	720991	OK	R B D R2 D' R D2 B' R2 B D'
41765323122212	728290	OK	R B D' R B2 D' R2 D' B D' B'
15642372213311	737966	OK	R B2 R B D2 B' R' B2 D R B'
32167453321232	708661	OK	R B D2 B R' B D2 R' B R B'
32765411133113	738759	OK	R B2 R' B R D' R2 B2 R B2 R
32476513232231	775448	OK	R B' R D' B R2 B2 D2 B' R D
14736521211212	687463	OK	R B R2 B R' D B2 D B2 R D
27534162311111	702436	OK	R B D B' R2 D B' R' B D' B2
65174232133313	688889	OK	R B R B' D2 R' B D R B2 R2
12376541322233	731553	OK	R B D' B2 R D' B' R' D2 R2 B
13246572331232	685206	OK	R B R2 B D' R B2 R D2 B D
32765411331113	743619	OK	R B2 R' D R D' R2 B2 R D2 R
67345211112233	734454	OK	R B2 R2 B' R B D' B2 R2 D' B
17526431131121	712019	OK	R B D2 R' D' B' D R' D B' D2
36125473111211	717189	OK	R B D2 B2 D' B' D2 R D B2 R'
12365472223232	731206	OK	R B2 R D' B R D2 B2 D R D2
14632571321132	766255	OK	R B' R B' R' D B R2 D' B' D
76145231131112	710920	OK	R B D2 B2 D' B D2 R' B' D2 R
67254313311113	693970	OK	R B R' D R2 D' B D' R B D2
76543212323213	708327	OK	R B D2 R' B R' D2 B D B2 D2
52743611111213	705398	OK	R B D B' R2 B D' B D' B2 R
32145671132222	742481	OK	R B2 R' D B' R2 D2 R' B' D2 B'
63452712333221	722497	OK	R B2 R B D' B2 D B D2 B2 R'
65274133132223	724057	OK	R B2 R B2 R2 D R B D' R2 D'
67312541121221	704946	OK	R B D R' B2 R' B R2 D R' B
72541631111213	713976	OK	R B D2 B' D B2 D B2 D2 R' B
52743611112131	716610	OK	R B D2 B' D B R2 D' B' D R
42573613322231	688054	OK	R B R2 D' R' D' B R' B D' R2
52761431111312	705261	OK	R B D B' D2 R D' B D' B D2
52367412322232	715416	OK	R B D2 B' R B2 R D2 R2 B' R
25741632312323	738627	OK	R B2 R2 D2 B' D B D' R B' D2
76341251111213	713493	OK	R B D' R D R B' R2 B R' B2
54167232112112	746121	OK	R B2 R' B' D2 R2 B R D R' D2
47156322132311	717425	OK	R B D2 R' D' B R D2 B2 R2 D'
72165433221233	740664	OK	R B2 R' B R' B2 D2 B' R' B2 R'
32165741111132	709228	OK	R B D2 B D' B' D R' D' R2 D
21376541112311	709664	OK	R B D B' D2 R2 D B' R' B2 R2
73645213333112	752603	OK	R B2 D B' D B R2 D' B D' R'
14527633132322	728940	OK	R B2 R D R' B D2 B' D2 R D2
32561471121311	713751	OK	R B D2 B' R B R D' B R' D2
37614522111221	725237	OK	R B2 R B' R D' B' D R2 D' B
41725633121123	731639	OK	R B2 R B' D R D2 B' R B D
62374513112321	778772	OK	R B' R2 B' R' D' R D2 B D' B2
21654372233321	738295	OK	R B2 R2 D2 B' D R B' D B' D2
54231671123111	756400	OK	R B2 D' R B D R2 D R' B' D
23147652312323	726227	OK	R B2 R B D2 R2 D' R' B2 R D'
74125632121121	744213	OK	R B2 R' B D' B R2 D' B' D B'
17463251122112	707272	OK	R B D2 R D' B R2 B2 D' R' B2
31265472312233	686939	OK	R B R2 D' B2 D R D2 R' D2 R
47256133212311	717543	OK	R B D' R' D' R2 B2 D' R B' R
31265471312213	685823	OK	R B R2 D' B2 D B D2 B' R2 B
24731562311231	745671	OK	R B2 D R B2 D2 R' D2 R D' B2
62147353123121	760785	OK	R B2 D' R' B' D2 R B' D2 B' R2
21354671122112	681366	OK	R B R D2 R B' R D2 R B2 D
52641733232321	729321	OK	R B2 R D R' D2 R B R2 B2 D'
52714633223123	760660	OK	R B2 D2 R2 B D R' D2 B R' B
74523612111311	696142	OK	R B R' D2 B' D B' R' D2 B R
12354763133111	680368	OK	R B R B2 D2 B' D' R2 D' R2 D2
76354121122121	684261	OK	R B R B2 D' R2 B D R2 D R'
54721632133232	742287	OK	R B2 R' B' R2 D2 B R D B' D2
74163253332323	713673	OK	R B D2 B' D B R D' R D' R2
27154632311132	688655	OK	R B R' D R2 D R D B R2 D2
52714633213223	747176	OK	R B2 R' B' D2 R D' R2 D R' B2
52736141322233	702466	OK	R B R2 B2 D' B D' R' D R2 B'
71452363213232	762475	OK	R B2 D R' B D B' R2 D2 B R
56723411113313	699745	OK	R B D R' D2 B2 D B R2 B R2
52761431111213	715919	OK	R B D2 B' D B2 D B2 D2 R' B'
74561233311233	684427	OK	R B R' B2 R' D2 R B2 R D R2
32167451222222	722943	OK	R B D' B2 R D B2 D B2 D2 R
61572432312323	705757	OK	R B R2 B' D B2 R' B' D2 B R'
47123651233232	778599	OK	R B' R D R' B D' B2 R B R2
72643513212311	718281	OK	R B D' B R2 B' R B' D' B D2
14625731322233	734039	OK	R B2 R2 B' D R B' D2 R2 B' R
26153473132121	748815	OK	R B2 R' B2 R B2 D2 R' B' R2 B2
47156323223123	736736	OK	R B2 R2 B' R' B R2 D' R B R2
76315241323313	752712	OK	R B2 D B' R D R2 B' D B' R'
32156472332321	742154	OK	R B2 R' D B2 D' R D2 B' D' R2
76123453233323	701549	OK	R B D R' B2 D R' B R' B R2
53126471231321	690291	OK	R B R' B2 D2 R' D' R D' B R
61534721113211	708316	OK	R B D2 B R' B R' B D2 R' B
14367252322232	715870	OK	R B D2 B' R B2 R D2 R2 B' R'
64531273311311	680376	OK	R B R D' R D B2 D2 R' D' R
23165472311111	712743	OK	R B D' R D2 R' D B R2 D2 B2
32765412323222	714435	OK	R B D2 B2 D' B' R2 D R D2 B'
74561233131233	716320	OK	R B D' R2 B D B2 D R2 D2 B
27416532133232	703130	OK	R B D2 R' D B' R2 B' R2 D' R2
34651271123111	754317	OK	R B2 D' R B D R2 D R' B' D'
37561241311112	752487	OK	R B2 D' R B' D' R D2 R B D'
16723451322311	725841	OK	R B D' R2 B2 D' B R' D' R D2
37614522323312	722617	OK	R B2 R B' D R' B' D R2 D' R
14325672231323	713226	OK	R B D' R D' B2 D' B R D B2
12543672321332	737593	OK	R B2 R' B R' D B2 R' D' B R'
74365211121221	742460	OK	R B2 R' B D' R2 B2 R B' D R2
36527412231122	678994	OK	R B R2 D' R2 D R D2 B' R2 D'
13276543323122	770599	OK	R B' R B' R B2 D' B' D B2 D'
71432563323122	741428	OK	R B2 D R B2 D2 R B' D B2 D'
76324151112233	701208	OK	R B D B' D2 R B2 R' D R' D'
76145233133213	714764	OK	R B D2 B' D' B2 D' R D B2 R2
14527631131211	708601	OK	R B D2 R' D' B R' D2 B R B
25436713332122	740765	OK	R B2 R' D B' D2 R2 B' D' B2 R'
35462172223331	711855	OK	R B D R B2 D' R B' D' R2 D2
76341252232313	704066	OK	R B D B' R B2 R' B2 D B' D
57321642311132	671470	OK	R B R' B D B D2 R2 D B2 R2
14723651112131	714845	OK	R B D2 B' D B R2 D' B' D R'
36745212122333	671761	OK	R B R D' R2 B D' B2 D B2 D2
52163473111211	705072	OK	R B D B2 R' B D' R' B2 D B
12367541331131	681440	OK	R B R2 D2 B' D R' D B D' B'
56347211222132	722909	OK	R B2 R B' D R' B' D R' B R2
54721633231322	703492	OK	R B D B' R2 D2 R B D2 B D2
14325673123232	741340	OK	R B2 R' D R' B2 D2 B R' D B2
57642311113322	710288	OK	R B D' R D2 R2 D B D2 B R'
72143651121113	697323	OK	R B R' D' R2 D' B2 D R' B' R'
16725431211122	691674	OK	R B R' D2 B2 D' B' D2 B R2 D'
14267351321321	727849	OK	R B D2 R2 B2 R' D B' D' R B
74523611121113	697630	OK	R B R' D' R2 D' B2 D R' B' R
21354761113322	729538	OK	R B2 R D2 B2 R' D R' B2 D2 R2
41325762313223	721984	OK	R B D2 B2 R2 D' R' B R' B D2
31276452133322	694591	OK	R B R2 B' R D2 B2 R D' B D2
32167451312222	686169	OK	R B R' D2 R' B2 R D2 R D B2
21367451311331	694314	OK	R B D R2 B D2 B R' D B2 R2
62475131322323	701801	OK	R B R' D B2 R' B2 R' D B' D'
42367153211123	671552	OK	R B R2 B' D B' R2 D R2 D' R2
74365213111211	713954	OK	R B D2 B2 R B R' B D2 B R2
35472163222313	708592	OK	R B D2 R' B D R2 D R' B' D
12763452322232	703583	OK	R B D R' D2 R D' B D' R2 B
32547612111311	696797	OK	R B R' D' B R2 B' R B D B2
57321641311112	750711	OK	R B2 D' R B' D' R D2 R B D
47256133321232	674477	OK	R B R B' R B2 R' D R2 B' D'
41736522332231	711037	OK	R B D2 R2 B' R D' B D R' D'
72563411111213	692724	OK	R B R' D2 R' B2 D R' B' D R'
24157361313212	742584	OK	R B2 D B R2 B R2 D2 B D' R2
74156322122123	696447	OK	R B R' B R B2 R D' R2 B R2
16243571231231	772442	OK	R B' R B R' B D' R2 B R B2
36125471312111	712903	OK	R B D2 B2 D' B R2 D' B' D2 R
15642373212311	700241	OK	R B R' B D2 R' D' R D' B2 D2
16345271133131	717906	OK	R B2 R B D' R D2 R' D2 B R2
76245311121131	716156	OK	R B D' B D2 B' R D R2 B2 D2
74156323133123	718568	OK	R B D2 R2 B D' R D B' R2 B'
35461272222323	680089	OK	R B R2 B R B' R2 D B D R'
13267451311133	675120	OK	R B R D2 R D' B' D' R2 B R
12537461332112	719991	OK	R B D2 R D' R D2 R2 B' R' D
32175461333111	699968	OK	R B D R' B2 R D' B2 R B' R
12354762311123	712498	OK	R B D B D2 R' D B' R' B2 R2
73615421113322	710796	OK	R B D2 R2 B2 R' D' B' R D2 B'
36714252232223	673199	OK	R B R B2 D B2 D R' B R2 D2
14625732213323	678820	OK	R B R2 B D R' D2 R' D2 R' B2
14752633223123	756680	OK	R B2 D2 R2 B' R B' R D2 B' D
21654373332122	756526	OK	R B2 D2 R2 B R' B R2 D' R B'
17425631313113	695329	OK	R B D R2 D R2 D' B2 R D R2
32741651211131	698184	OK	R B R' D' B D2 R' D2 R' B R'
12473561132123	766380	OK	R B' R D R' D2 R' D' B' D B'
36745212223232	710879	OK	R B D2 R' D' R D' R2 B D R'
72143563222331	739773	OK	R B D' R' D R D' B R2 B' D
65274133312223	675303	OK	R B R D' R2 B R D' R D2 R
76521433232333	694421	OK	R B R' B2 D' B R' D' R2 B D
43615271333312	704045	OK	R B R' D R2 D R2 B' D B' R'
36721452223232	711082	OK	R B D2 R' D' R D' R2 B D R
62173543232132	742572	OK	R B2 D R B2 R B2 D2 R B' D2
54312671131331	681977	OK	R B R' B D2 B' D R' B R B2
14723651111213	703128	OK	R B D B' R2 B D' B D' B2 R'
75234161322233	697211	OK	R B D R' B2 D B2 D' B R' D'
12543673221323	725353	OK	R B2 R D2 R2 B' D R D' R2 D
12745632222221	717112	OK	R B D2 B' R' B2 R' B D R2 B2
24715631122133	676093	OK	R B R D2 B2 D' R' B' R B2 R2
31265471122112	703403	OK	R B D2 R D' B R2 B2 D' R D2
32165743311131	670948	OK	R B R B2 D2 R2 B R' B2 R B'
13546271213213	708243	OK	R B D2 R2 B' D R' B D B' D'
72356141232113	690096	OK	R B R' B' D R2 D R D2 R2 B'
62435711222222	707534	OK	R B R' D R' B R2 B2 R D R
32164573323212	723750	OK	R B2 R B' D B2 D2 R B R2 B'
53726143333121	704877	OK	R B R' D2 R B R2 B R' D' R
36527412221312	712598	OK	R B D2 B' R' B2 D R' D' B2 R2
14736253222223	703102	OK	R B R' D' B D' B D2 R' D' B2
61234573232213	676616	OK	R B R D2 B D2 B R' B R2 D2
47352612311132	695015	OK	R B D R' D' R D2 R D2 B' D2
56741231121311	683196	OK	R B R2 B' D B D2 R' B' D R
15267431223113	702168	OK	R B R2 D R' B R2 B2 D' R' D
74561233321133	673526	OK	R B R2 B D2 B' D2 B' R D R2
74563211232332	717890	OK	R B D2 R B2 D' B' D' B2 D' B'
62135473232231	735214	OK	R B2 R D2 B2 R' B D' R2 B2 D2
16725431131211	709841	OK	R B D2 R' D' B R' D2 B R B'
16725433113311	695471	OK	R B D R B2 D R2 D B' D2 R2
56712341232113	691179	OK	R B R' B' D R2 D R' B R2 B2
31564272213311	703845	OK	R B D R' D R2 D' B R' D R2
52641733212311	692566	OK	R B R' B' D' R2 B2 D' B D' B
76324153323122	740553	OK	R B2 R' B' D' R' D2 B R2 B' D2
14723653313111	683096	OK	R B R2 D2 B' R2 B R' D' R B2
53147262123131	674331	OK	R B R2 D' R2 D' B D R' B2 D2
72513641232323	679816	OK	R B R2 B' D2 R2 B R' B' R2 B'
34165272323333	679088	OK	R B R2 D2 R D2 R' B D B2 R'
14725361111123	694448	OK	R B D R2 D2 R D B' D R' D'
72165432323312	709840	OK	R B D2 B' R B' R2 D2 B' R' B2
14263751131121	767197	OK	R B' R D B2 R' D B' D B' R2
32465173132121	739309	OK	R B2 R2 D2 B R' B' D R' B R2
54763212322232	691168	OK	R B R' B2 R' D2 B D' B' D B'
12546371221331	765207	OK	R B2 D2 R B2 R D' R' D' B2 D2
52163473111331	723195	OK	R B2 R B R2 B' D2 B D' B' R2
63174522332132	699652	OK	R B R2 D' R2 D B2 R' D R B'
14763521113223	681268	OK	R B R2 D' R' B' D R' B D' B2
67345212111122	675929	OK	R B R D' R D' B D2 B' D2 R
42137653122131	743639	OK	R B2 R' D2 R' B R' D2 B2 D' R
15243671331221	752971	OK	R B2 R' D B2 R' B D R B' D2
61257343232123	710767	OK	R B D' B2 D B' R B' R2 B2 D2
12456733223321	774716	OK	R B' R D' R' D R D2 B' D' B
65123471112311	691699	OK	R B R' D' R' D2 B2 R' B R' B
65132473323311	692503	OK	R B R2 D B2 D B' R D2 R B
56723412323222	697348	OK	R B D R2 B' R B' R' B2 D R
75346213332122	733161	OK	R B2 R2 B' D R' D2 B R' B' R2
21654373332221	748175	OK	R B2 R' D' R2 B D' B2 D R' B2
56423173132121	746465	OK	R B2 R' B' R2 D R' D2 R D' B2
73654122221111	682561	OK	R B R2 B R' B R' D' B2 R B'
34127651213111	693896	OK	R B R' B' D2 B' R2 B R' D' R'
15426371112233	698866	OK	R B D2 R' D2 B D' B' R D' R2
37645122312221	691183	OK	R B R D2 R2 D R' B R' D R
23576412233321	697764	OK	R B D B' R' B D2 B D2 R' B2
76543212222221	744031	OK	R B2 R2 D2 R D' R2 B R B2 D2
45376213333322	712294	OK	R B D R' B2 R' D R D B2 D2
15724632313223	716363	OK	R B D' R' B2 D' B' R D2 B' D'
32754163211123	681566	OK	R B R2 D B' R2 B' R' B R2 D'
52761433121111	695728	OK	R B R' B' R B2 D' B2 D' B R'
14625733133111	699869	OK	R B D B' R D2 R' B2 D B' R
74163253133213	740559	OK	R B2 R2 D2 R B' D2 R B R2 D2
32714652332132	689986	OK	R B R D2 R' D R2 B' R2 B D'
67345211113322	718847	OK	R B D' B' D R2 D B' D R2 D'
12567433232333	693108	OK	R B R' B' R D2 R' B D R B2
52341673133111	709146	OK	R B D2 B' D R2 B' R2 B R B2
72165431113331	685315	OK	R B R' B D' R2 B2 D R B R'
13627451332112	705404	OK	R B R' B' D' B D2 B' D R' B'
72136541322233	700808	OK	R B D2 R' D2 B D' R' B D' R2
21354761112311	704502	OK	R B D B' D2 R2 D B' R B2 R2
27615433313213	685115	OK	R B R B2 R2 B D' R B' R B
14765233323332	709538	OK	R B D2 B' D B' R2 D2 B' D' B2
34526713232312	685044	OK	R B R2 D' R' B' R B2 R B D
25436712123122	710240	OK	R B D2 B R B2 D B2 D B2 D
21354763312211	715997	OK	R B D' R B' D' R2 B' R2 B' D'
43176252123131	688692	OK	R B R' B2 D R B R2 D' R D2
14765232211211	686415	OK	R B R2 D' B R' D2 B D R2 D2
25436712323231	686852	OK	R B R' D R2 D' R B R2 D2 B2
26371453112111	738308	OK	R B2 R' B' D' R D2 B D' R B'
24157362323111	747393	OK	R B2 D B R2 D2 B' R2 B D' B2
34562171321111	718260	OK	R B2 R B R' B2 D2 R D2 R' D'
63574212123131	684540	OK	R B R2 D2 R B' D' R2 D' R D'
14735621221112	695431	OK	R B R' D' B R' B' D B' D R'
24651731333333	690962	OK	R B R2 B D' B' D B' R2 D B'
31247651113232	679428	OK	R B R2 D2 B D2 B R' D' B2 D'
46375212132221	718949	OK	R B D' B R2 D' R' B D' B2 R'
65417321232113	685229	OK	R B D R2 B2 D R D2 B2 R' B'
76145232123332	674499	OK	R B R2 B R2 B' D2 B R' D' B2
32561472133313	692160	OK	R B R' D2 B2 R' B D R B2 D2
21367452112112	681665	OK	R B R2 D' R B' R2 B' R2 D' R2
74365212222323	691278	OK	R B R' D R' B2 R' D B D R2
12456731233223	763546	OK	R B' R B' D R2 D2 B2 D' B D
12745633323311	723471	OK	R B2 R D B2 D2 R B' D R2 D'
65417323232123	711543	OK	R B D' B2 D B' R B D2 R2 B2
13764252323231	703934	OK	R B D2 B D' R B' R B2 D' B
32547611213111	691265	OK	R B R' B' D2 B' R2 B R' D' R
17463251313113	688549	OK	R B R' B' D' R' B2 D R' B2 R
46375212113111	706362	OK	R B D2 B R' D' R D' B' D2 B
14736251112332	671321	OK	R B R D2 B2 R B' D' B D2 R2
72345611331332	765444	OK	R B2 D' B' D B' R D2 B' R B'
32547613111211	677446	OK	R B R D' B2 D R2 D R B' R'
56347211213111	698067	OK	R B D R' B D R' D R2 D2 R
72563411111312	686160	OK	R B R' B2 R' B D B2 R' B R
63752412322112	712504	OK	R B D B' D2 B' R D R D2 R2
14752631323223	728339	OK	R B2 R2 B' R D B' D2 R2 B' R
47163522131222	698531	OK	R B R' B2 R' B' D' R D2 B' R
14725363223213	714823	OK	R B D' R B2 D' R' B R' D2 B'
46273513221212	706055	OK	R B R' D2 R' D' R' B D2 R' B
14325672323222	708034	OK	R B D2 B2 R D B' R D2 R B2
67321451111123	684413	OK	R B R' B R' D' B2 R2 D' B R
36527411131133	681324	OK	R B R2 D2 B' D2 B D' B' R D2
67234513332122	700007	OK	R B R2 B2 D R' D B' D B D2
23165471312132	696533	OK	R B D R' D2 B R D' B R2 B
71326451211311	743402	OK	R B2 R' D' B' R D2 B R' D B'
51423671221331	723689	OK	R B D2 B2 R D' B2 R B R2 D2
65723143321313	693649	OK	R B R2 B R' B' D B' D2 R B'
35162473323131	695322	OK	R B R' D B2 R' B' R D' R2 B'
75346211133122	721532	OK	R B2 R B2 D2 R' D B' D2 R2 B2
25134672233321	706562	OK	R B D' R2 B R D R2 B' D B2
14765232331313	737865	OK	R B2 R2 D2 R B' R2 D B R2 D2
32561472213122	673240	OK	R B R2 B' D R2 B' D' R B2 R2
67345211111123	683566	OK	R B R' B R' D' B2 R2 D' B R'
35162472122231	696787	OK	R B R' D2 R' B D2 B2 D' B2 R
63745123122212	696617	OK	R B R2 D' B R2 B' D' R2 B2 D
76321543211111	676029	OK	R B R D' B2 R2 B D' B' R2 B2
23417563232123	710831	OK	R B D' B2 D B' R B' D2 R2 B2
14753261333111	683573	OK	R B R2 D' R' D' R' B R' D2 R
43216573132223	689678	OK	R B R' B' R B' D B2 R' D' B2
14765232232322	691387	OK	R B R' D R' B2 D2 R D R D'
15642372331322	680336	OK	R B R D2 B' R2 D R B2 R D'
34127653111211	679710	OK	R B R D' B2 D R2 D R B' R
16743252323222	677296	OK	R B R2 B D R' D B D R2 B'
34165273311131	673743	OK	R B R D2 B' D' R B' D R2 B
52147631311121	683255	OK	R B R2 B' D B2 D R2 D2 B' D'
36147251311121	684049	OK	R B R2 B' D B2 D R2 D2 B' D
14753261221112	679042	OK	R B R2 D R' D R2 D2 B' R' B2
57236141113232	710491	OK	R B D' B2 D' R2 D B' R' D' R
46572312132122	692511	OK	R B R2 B' D B2 R2 D R' D R2
74365213121333	682785	OK	R B R2 B' D' B2 D' B R B2 D2
32765411121113	677625	OK	R B R2 B' R D R2 D2 B D' R2
45312672233321	712632	OK	R B D2 R2 B D' R B' D2 B R'
32417652132131	728891	OK	R B2 R' D B2 D B2 D2 R' D B'
12543672322232	697726	OK	R B D R' D2 R D' B D' R2 B'
14726531233313	703253	OK	R B D2 R' B D2 R D' B' D' B
32165741233223	721129	OK	R B2 R B2 D2 R' B D' B2 R2 D2
76354123211132	702255	OK	R B R' D R2 B' D' B R' D2 R2
36745213232213	674985	OK	R B R D' R D2 R' B2 D R' D
75641323232111	733926	OK	R B2 R' D2 R' B R2 D B2 D R2
16374523211123	686708	OK	R B R' B' R2 D' R' D R2 B' R2
34725612231332	707074	OK	R B D2 B' R D2 B' D' B D2 B2
76351421113322	673314	OK	R B R2 B' R2 D2 B D' B' D2 B'
63125743131233	700269	OK	R B R' B D' R B2 R2 B R B
34127651121113	681520	OK	R B R2 B' R D' B R2 D2 B2 D
21734652123131	671922	OK	R B R D R D2 R D' B R2 D2
14736521322233	702287	OK	R B R' D2 B D' R' B' R2 B2 D
46157233333232	670253	OK	R B R D' B D' B2 R' D B2 R'
72143652111311	676201	OK	R B R D2 B' R D' B' D2 R B'
35462172312131	701236	OK	R B R' B2 D' B R D R2 D2 R
36721451131331	715630	OK	R B D' B D' B2 R2 D B D R'
74523611312111	678777	OK	R B R2 B2 R D' B D2 B2 D R'
12543672121121	701762	OK	R B D2 R2 D B2 D' B R B2 D'
72563412131111	680240	OK	R B R2 B' R D2 R B2 R2 D' B'
36521472331121	703534	OK	R B D R2 B' D' R2 D' B R B2
73246153312211	693245	OK	R B D R2 D2 B2 D' R' D B' R
41725632322331	738638	OK	R B2 R' B D2 B' R D2 B' R' B2
45612373112231	731794	OK	R B2 R2 B' D B D' R2 B2 D' R
45637123132121	761318	OK	R B2 D' R' D' B2 R B' R2 B' D2
14325672112121	707666	OK	R B D2 B D2 B' D2 B R' B' R2
56321473233323	691086	OK	R B R' D2 R' D R B2 D' B D
72143651213111	682876	OK	R B R2 B' D B' D R2 B2 D2 B
34127652111311	687795	OK	R B R2 D2 R' D2 R' B D2 B' D'
12745633313312	715120	OK	R B2 R B R2 B2 D B' D B2 D'
26415731322323	679083	OK	R B R B' D2 R B D2 B' D' B'
76245312132131	725743	OK	R B2 R2 B' R2 B R D' B2 R D'
25763411332322	707645	OK	R B D' R D2 R' B D' B D R2
14527631133311	662984	OK	R B R B D2 R2 B2 R B2 R' B
35271461322233	692878	OK	R B R2 D2 B2 D' B' R' B R2 D'
16327453232333	686910	OK	R B R2 D2 R' B2 R' B D2 B' R'
72541632131111	674985	OK	R B R D' R2 D R' B D' B2 R
34761252323222	670853	OK	R B R B' D2 B R2 B D R' B
35162473332131	708737	OK	R B D2 R' D' R D R2 B2 D2 R'
13257641112233	686409	OK	R B R2 D2 B2 D' R' D' R B2 D'
74523613111211	677540	OK	R B R D' B2 D B' R' B D' B2
47156233223312	725587	OK	R B D' B D' R' B D2 R' B' D'
26741351232113	658741	OK	R B R B2 D2 R B D2 R2 B' R'
16725432232223	670025	OK	R B R B' R D2 R' D2 B R' D
74125631313311	675875	OK	R B R2 B D2 R2 B R' B' R B2
42651372213311	687830	OK	R B R2 B2 D2 R' D' R D' B D2
72143653111211	679071	OK	R B R2 B R D' R B D B2 R'
32167451333111	695616	OK	R B D B2 R' B2 R B2 R2 D' B
32765412221312	722556	OK	R B D' B' R B' D' B R2 D' R2
35416721113112	719743	OK	R B2 R D B' R2 D2 B R2 B' D'
52743612131111	682057	OK	R B R2 B' R D2 R B2 R2 D' B
74125632131111	673212	OK	R B R D' R2 D R' B D' B2 R'
74156323132331	703856	OK	R B R' D2 B' D B R D2 R2 D
36527412111113	684027	OK	R B R2 D' R' D R' D2 B D B'
34165271311121	690259	OK	R B R' D R D B' R2 B R' D2
32175461221112	680066	OK	R B R2 D R' D R2 D2 B' R D2
65132473313312	676386	OK	R B R B2 R B' D B2 D R2 B
41765322221312	696874	OK	R B R' B R2 D' B2 D' B D' R'
76354213312223	672937	OK	R B R B' R2 D B D' R B2 R
26415732121223	697800	OK	R B R2 D' B D2 B' D' R2 B2 D
51264731113322	688061	OK	R B R' D' R D2 R B D2 B2 R'
54321761211221	671152	OK	R B R B' D B' D2 R' D R2 B'
14752633213223	734646	OK	R B2 R2 D2 B R' D' R D' B D2
14765231133131	694662	OK	R B D B D2 R2 B2 R B2 R' D
17425631323223	704657	OK	R B D2 R' D R' D B D2 R D'
63752141123213	689341	OK	R B R' B2 R' D B2 D2 B' D2 R
21365742221312	686505	OK	R B R D' B2 R B R2 B' D' B'
16573241312312	691759	OK	R B D R2 D R' B' D' R2 B R
76345123211111	675564	OK	R B R D' B2 R2 B D' B R2 B2
54716322313223	696078	OK	R B D B2 D2 R2 D' B' R B' R
15643271221331	753341	OK	R B2 D2 R B2 R D' R' D' B2 D'
72165433111112	679191	OK	R B R2 B' D B D R' D R' D2
25736413123112	711091	OK	R B D B2 D R2 D R' B' D B2
65132741223323	692772	OK	R B R' D' R B' D B2 R2 D' B'
47352612123131	671582	OK	R B R D' R' D R2 D R2 B' D2
45612373332221	733956	OK	R B2 R2 D2 B D' R' D R' B D2
14725363211213	685125	OK	R B R2 D' R' D R D2 B2 R2 D'
32465173123121	725955	OK	R B2 R D' R2 D' B2 R B2 R' D
16725431121311	680205	OK	R B R2 B' D B D2 R' B' D R'
12643571321321	715069	OK	R B D2 R2 B' D B R' B D2 R
16523473332323	677363	OK	R B R2 B' R D B2 R' D' B D
46375212332222	683125	OK	R B R2 D' R' B R D2 B2 R2 D'
35162473122221	703048	OK	R B D B2 R2 B' D' B' D R2 D2
34127651131112	669145	OK	R B R B' R D' R2 B2 D R' B
65742311212313	727965	OK	R B2 R' B2 R' B R2 D B2 D B2
34562171321231	669013	OK	R B R B' D2 R D2 R' B R' B'
73516243323113	681768	OK	R B R B2 R2 D' B D' R2 B2 D'
14723651113121	682286	OK	R B R2 D' R' B R' D2 B R D'
32547611131112	676631	OK	R B R2 B2 R D' R B2 R2 B R'
73542613132322	670086	OK	R B R B2 R' D B2 R' B2 R B2
56423171321321	746087	OK	R B2 D R2 D' B D' B R' D' R'
34651272332132	723017	OK	R B2 R' D R2 D B2 D2 R' D R'
35461271321231	679386	OK	R B R2 D2 B R2 B R' D' R2 D'
54261373123121	687900	OK	R B R D R2 B' R2 B R2 D' B'
13246571112233	693460	OK	R B R' B2 D B' D' R' B2 R2 D
64275311222222	687214	OK	R B R D2 B2 R' B D' B' R2 D2
35426712311312	688598	OK	R B R2 B D2 B D' R' B R2 B
76342513323122	732446	OK	R B2 R' B' D' R D2 B' D2 B D2
36541272323222	669609	OK	R B R B' D2 B R2 B D R' B'
43216573212311	690535	OK	R B R' D B2 D' R B' D' R D2
34725612111113	684273	OK	R B R2 D' R' D R' D2 B D B
56327411211332	694004	OK	R B R' B' D B R2 D2 B2 R D
72563413121111	680209	OK	R B R D' B2 R B' D R' B D2
61453721311112	696166	OK	R B D2 B' D B' D2 R D2 R' B2
16345272333212	677503	OK	R B R2 D' B D' R2 B D B2 D2
41325763131233	680046	OK	R B R B2 D2 R' B D' R' B2 D2
32156471113211	679029	OK	R B R' B D2 B' R B R2 D2 B2
56741231311121	672892	OK	R B R B' R2 B D' R D' B2 R
16243571321321	745627	OK	R B2 D R2 D' B D' B R' D' R
71326453132121	738849	OK	R B2 R' B2 R' B R' B2 D2 B' D
52147631211131	673501	OK	R B R B' D2 R B' R B' D B2
37652141113232	668108	OK	R B R D' B2 R D2 R' D R' B'
72361453232333	671670	OK	R B R B2 D' R D' B' R2 D B'
72546311323112	723794	OK	R B2 R D R2 D2 R' B R2 D' R'
74213652323132	671701	OK	R B R' D B R' D B' D2 B2 R
45612373332122	728051	OK	R B2 R2 D2 R' B D B2 D2 R2 D'
54167231131112	669650	OK	R B R D2 B2 D B D' R2 B2 D'
14723653232222	692713	OK	R B D R2 B' D' R D' R D2 B
72143651312111	669725	OK	R B R B2 D2 B D B' R2 D2 B
14765231113121	681916	OK	R B R2 D' R' B R' D2 B R D
36527413311311	666952	OK	R B R B D2 R B2 R B' D2 R2
76315241322122	699566	OK	R B D2 R' B2 R D B2 D' R2 D
75264132223331	679627	OK	R B R B D2 R' B R' B' R2 B2
74365212111311	676342	OK	R B R2 B2 D B D' B R2 B R2
76145233232333	678599	OK	R B R2 B2 D R D' B D2 B D2
56723413331111	668646	OK	R B R B' R2 D2 R B R2 B R2
47512632312323	674905	OK	R B R2 D2 R D' R' D2 R' D B'
73645213112231	705658	OK	R B D2 R' D R D2 B R B' D'
67412353332221	709817	OK	R B D' B2 R2 B D2 B R2 D R
72145633232231	701377	OK	R B R' D' R D2 R B' D' B D
14726533323122	713890	OK	R B2 R B' R B2 R2 D B D2 B'
56723413221212	706723	OK	R B D2 R2 D B R2 B R B2 R'
14735621333111	666543	OK	R B R B2 R D2 R' D2 B D R2
13254761323322	714796	OK	R B2 R B R2 B2 R' D R2 B' D'
12543671331113	687082	OK	R B D R2 B' R2 B D2 B2 R' D
17423653213232	745669	OK	R B2 R' B R2 D' B R D R' D2
72356143211123	670348	OK	R B R D2 R2 B2 R' B' D B' D
14563272323222	668415	OK	R B R B' D2 B D' R' B D' R2
12543673231223	694235	OK	R B D B2 R' D' B R' B D2 R
41752632312323	692062	OK	R B R2 D2 B D' B D' R2 D R'
32745611223332	688186	OK	R B R2 D B2 R' D' R' B2 R' D'
76245313123121	723270	OK	R B2 R D2 R2 B R D R' D2 R'
74512362313223	662566	OK	R B R B' D2 B' R' B D2 R' D2
56324171221331	700059	OK	R B R' B R2 D' B D' R2 B2 D
72145631233223	694394	OK	R B R' B' D R2 D R' D' B D
52163471213111	678837	OK	R B R2 B' D B' D R2 B2 D2 B'
76245311213312	710034	OK	R B D' R' D R2 D B' R B2 R'
36125471213111	676001	OK	R B R2 B2 R' D R2 B' D' B2 R
17426531331332	711121	OK	R B D2 R' B' R' B2 D B' D2 B
12543673111331	693812	OK	R B D R' D R2 D' B2 R B' R
76325411112131	676402	OK	R B R2 B' R D B D' B R' B2
35246171113322	673704	OK	R B R' B D2 B2 D B R2 B D'
16453272111131	696507	OK	R B D' R B R' D R' D2 R2 B
16542371331221	738657	OK	R B2 R' D B2 R' B D R B' D'
36745212131111	684956	OK	R B R' B D B D' R2 D R' B2
14752632332132	722070	OK	R B2 R2 B' D2 B R D' R2 B D'
12564733323122	685121	OK	R B R B D' B2 R2 B' D2 R' B
23576412312323	663033	OK	R B R B' R' D B2 D B2 R' B2
57236141322233	677355	OK	R B R' B2 R' B2 R D' R' D' R
74365211213111	677233	OK	R B R2 B' D B R2 B2 D B' R2
45612372331121	730869	OK	R B2 R' B R2 B' D R2 B' R' B2
54721633333331	679158	OK	R B R2 D2 R B R2 B D R2 D'
52163472111311	672938	OK	R B R D2 B' R D' B' D2 R B
61453723111121	688891	OK	R B D B2 R2 D B R2 D2 B' D'
54326171321231	701112	OK	R B D' R2 D' R2 D R' B' D' R
56327413213112	692804	OK	R B R' B2 D2 R' B R' B' R D2
76145232331313	674900	OK	R B R2 B' R' D2 R' B D B2 R2
32156742333131	677717	OK	R B R B2 R B R' D B2 R D2
36745212121223	679242	OK	R B R2 B' R' D2 B R' D' R2 B2
76345122213311	683577	OK	R B R' B R' D' B2 R' D2 R' D'
36125472111311	677613	OK	R B R2 B2 R' D' B2 R B D2 R'
41752631222123	679452	OK	R B R B2 R B2 R D' B' R D2
65314272311132	663729	OK	R B R B' R2 B' D' R B2 R2 D'
46513272332111	682912	OK	R B R2 D2 B' R B' R B R' D'
15724631211311	696796	OK	R B D B' D R' B D2 B2 D B'
71432563332113	680637	OK	R B R2 D' B R2 D B' D' B' R
54167231333213	676123	OK	R B R' B D R B2 D' R D2 R'
76245313122122	700131	OK	R B D B' R2 D R B' D B2 D
75642132213311	678092	OK	R B R' B R' D' B2 R' D2 R' D2
17362451231321	687272	OK	R B D R' D2 B D' R' D B' R2
52673413232123	669905	OK	R B R2 D' R2 D' R D R' D2 B2
54167231121113	677539	OK	R B R2 B' R D' B R2 D2 B2 D'
72165433321223	687193	OK	R B R' D2 B2 R B' R' B D' B
14325673232333	672958	OK	R B R2 B2 R' D' R2 B R B2 D'
12347653132223	668823	OK	R B R D' B2 D R' D' R2 D2 B2
17425631332112	703389	OK	R B D' R' B R' B' R B' D R'
32156742311123	682788	OK	R B R D B2 R' B R' D' B2 D2
12734561322233	674845	OK	R B R2 D' R2 B D' R' D B' R2
31624751112233	677001	OK	R B R2 D' R2 B D' B' D B' R2
56723411131112	671495	OK	R B R D' R2 D' R' D B D2 R'
74125632321332	676053	OK	R B R2 D2 R B2 R' D B R2 D'
25134672312323	682321	OK	R B R' D2 B R D B2 R' D B2
74163253133231	734338	OK	R B2 R' B D' R2 B2 R' D' B2 D'
76145231121113	675630	OK	R B R2 B2 R' D B2 R' D' B2 R
32561473323212	673778	OK	R B R2 B' D B' D2 R2 B' R' B2
23165472111332	670857	OK	R B R2 B R B2 D B2 D R2 D
54721632212231	685864	OK	R B R' D R B R2 D' B D2 B'
31265471313113	664169	OK	R B R B' D2 B D' B2 R D' R
75314623113122	726001	OK	R B2 R' D2 R' D B2 R B2 R D2
46513273113221	672586	OK	R B R D' B2 D' R B2 D B' R
65274131311313	667001	OK	R B R D' R B2 R' D2 B R' B
73542613132121	703166	OK	R B D R' B2 D2 B R' B' D2 B2
32164571232323	675436	OK	R B R2 D' B R' B R B D' R2
54167232333113	676388	OK	R B R' B R2 B' R2 D B R D'
16453271211113	690124	OK	R B D2 B R B2 D' R2 B R B2
32165742331112	671212	OK	R B R2 B R' D R' B' R' B R2
56723413222112	726329	OK	R B2 R D' B R' B' D B' D R2
52341673232333	664933	OK	R B R B2 D' R D' B' R2 D B
16725433122212	678977	OK	R B R2 B' D' B2 R B' D' B2 R2
14752363222121	686669	OK	R B R2 B R2 B D' B' D R2 D
54126371331221	700180	OK	R B R' B' D R D' R D2 R' D
74125632122111	684715	OK	R B R' B2 D2 B' R' D2 R D2 B'
63752411223212	680041	OK	R B R D' B2 D' B D R D2 R2
52163471312111	666388	OK	R B R B2 D2 B D B' R2 D2 B'
74365211312111	665243	OK	R B R B2 D2 B D B' D2 B' R2
76543211223221	738547	OK	R B2 R' D R' B2 D2 B' D' B2 D'
47156322313232	667481	OK	R B R2 B R' D' B R' B' R2 B
71432563323113	697195	OK	R B D2 R' B R2 D R' D' B' D
64531273312211	668280	OK	R B R B' R D2 R' D R' D R2
64531272132131	696432	OK	R B D R2 D' R D2 B' R2 B D2
74365212333332	667356	OK	R B R2 B D2 B' D2 B D' R' B2
34261573123121	709161	OK	R B D' R' B D' R B2 D' R' B2
32175461113112	699771	OK	R B D2 B R' B R B2 D' B R'
76543211332331	734046	OK	R B2 R' B D2 R' D' B' D R' D'
72643513212332	735415	OK	R B2 R' B' D' R D2 R D2 R' D2
12347652111221	672916	OK	R B R2 B' R D' B2 R2 D' B' R2
14725363213121	667797	OK	R B R B2 D2 B' R' B' R D2 R2
13462572213311	670747	OK	R B R2 D B' D2 B' D' R D2 B'
17642533312211	665730	OK	R B R D' B2 D' R' B D2 R' D2
75346213132322	664398	OK	R B R B2 R' D' B2 R D2 R' B2
63752143123223	692841	OK	R B D R2 B2 R' B' R' D R2 D2
45312671222312	691644	OK	R B R' D2 R B' D2 R D R B2
16725431311121	668146	OK	R B R B' R2 B D' R D' B2 R'
43527612312323	682985	OK	R B D R2 B' R D' R D' R2 B
36127451333222	669701	OK	R B R B D' B2 R' D B D B
32765411131112	669760	OK	R B R D2 B2 D B D' B2 D' R2
26543171123111	663677	OK	R B R2 B' R D' R2 B R2 B' R2
32174652332132	689870	OK	R B D B' R B' R D2 R' D2 B'
51632741323232	698161	OK	R B D' R2 B D R' D R2 D' R
62135472132131	691610	OK	R B D R2 D' R' D2 B D2 B' D2
16427531211311	689032	OK	R B D R2 B2 D R' B' D B2 R2
52713461232323	665927	OK	R B R2 B' D2 R2 B R' B' R2 B
54326171112233	674159	OK	R B R' D2 R' D2 R D' B' D' R
65132472131231	675881	OK	R B R B' D2 B' D B R D2 R2
47156233322312	695690	OK	R B R' D R' D' B R2 D' R' D'
36745213131131	664974	OK	R B R B2 D' B' R B' R B2 D
52163472131222	703509	OK	R B D2 R2 D R B2 R B R2 B'
32156472312332	703576	OK	R B D' R B' D' R2 B2 D' R B'
52341671311313	669869	OK	R B R2 B' R B2 D' R2 D R B2
63247511123132	698514	OK	R B D' B D' B' D' R B2 D B'
45671233112132	722661	OK	R B2 R' B2 R' D R2 B R2 B R2
56347211312111	666456	OK	R B R B' R2 B' D' R D B2 R'
47632152233321	662653	OK	R B R D2 B' R B' D R' D2 B
52163473221323	675750	OK	R B R2 B' D R2 B' R2 B D B2
45732612233321	667517	OK	R B R D' R2 D' R' D R2 D2 B'
15763242323132	676981	OK	R B D R2 B2 R' B' R2 B' D2 B
12365473332323	672410	OK	R B R2 B' R D B2 R' D' B D'
45312673222112	695255	OK	R B R' D2 B' R2 B R' B2 D B'
15672341323112	715649	OK	R B2 R B D2 B2 D' B R2 D' B'
32745612322331	673621	OK	R B R B2 R D B' D2 B' R' D2
61352472233321	676034	OK	R B R' B D2 B R B R D2 B2
36721452122123	673860	OK	R B R2 B' R B2 D' B' R D2 R2
32561473222223	670230	OK	R B R B' D2 B R' D' B2 D2 R2
45612373132121	712816	OK	R B D' B R' D' R2 B2 D' R D'
16243571132132	674181	OK	R B R2 D' R D' B2 D' R2 B' R2
75236143213232	696298	OK	R B R' B R2 B' D R B R' B'
76315241113112	699494	OK	R B D2 B D' R B R2 D' B R'
51367241211113	695366	OK	R B D' R2 D B2 R' B D B D'
32765413122212	693211	OK	R B R' D' B R' D' R B2 D' R2
74163253131332	684395	OK	R B R' B2 D2 R' D B D B2 R2
75321463132121	728440	OK	R B2 R' B D2 B D2 B2 R' D R'
72543162311111	662197	OK	R B R2 B D' B D' B R2 D' R
25736411321312	678274	OK	R B R D2 R B2 R D' R' D B2
12365473232312	691171	OK	R B D B D2 R D2 R B' R2 D2
16543721113211	655844	OK	R B R D' R2 B D' B' R D' R2
32147562313223	667064	OK	R B R D' R D2 R' B R' D B2
75346213132121	696095	OK	R B D R' B2 D2 B R' B D2 B2
14765233113131	673272	OK	R B R2 B' R D2 R' D R B2 D2
12543672331232	665604	OK	R B R2 B D' R B2 R D2 B D2
75346211311211	667767	OK	R B R2 B D' R' B R' B' D2 B
72345611133113	659509	OK	R B R B2 D' R2 D R2 D2 B' D
54371621113322	659495	OK	R B R2 B' R2 D2 B D' B' D2 B
53621471331221	686550	OK	R B R D' R2 B2 D B' R' D B2
31624753312211	665419	OK	R B R D R D2 B R' B D2 R2
13762451321321	690286	OK	R B R2 B2 R B2 D R2 D2 B D'
21354762213311	688987	OK	R B R' D2 R B R' D R' D B2
32145673112222	680003	OK	R B R' B2 D2 R D' R' D B' R
76315241332112	690037	OK	R B D B' D2 B R' B2 D B' R
17452363322132	680087	OK	R B R2 D' R' D' R B2 R B R
23156471333132	667274	OK	R B R B2 R B R D' B2 R' B2
17543261132111	659189	OK	R B R2 B D B2 R' B2 D R B2
56723411222312	718656	OK	R B2 R B' R D' B' D R' D R2
74125633131233	688441	OK	R B R' D2 R' B' D2 B R' D2 R2
13645271221331	709922	OK	R B D2 B2 R D' B2 R B D2 R2
12347653132322	664348	OK	R B R D B2 R2 D2 R D2 R' B
16534271111132	650653	OK	R B R B2 D' R B' R B' R2 D
74361253211231	674679	OK	R B R B' D' B D' R' D R2 D
45713623223132	699179	OK	R B D' B2 R' D R D' B R2 D2
17425631223113	690733	OK	R B D B2 D B2 D' B2 R B R2
14762351331221	715546	OK	R B2 R B' R2 D2 R' B R D2 R
35462171221223	674935	OK	R B R D B D' B' D B2 R' B
36241573212332	693157	OK	R B R2 B2 D B' D' B R2 D B
71543622111131	654984	OK	R B R D2 B2 D' R' B2 R' D2 R
73645211332112	690127	OK	R B D2 R D' R D2 R2 B' R B2
32465172133121	683006	OK	R B R' D B' D' R2 B2 D' B R'
32765413223312	719551	OK	R B2 R D R2 D2 B D' R D2 R'
24367513111121	676402	OK	R B R' D2 R B' R B' R2 D2 B2
64531273122131	669703	OK	R B R B' D2 R2 D R' D' R2 D2
16572433213223	700369	OK	R B D' R2 B2 R D2 R D2 B R
27543611111132	670063	OK	R B R' B2 D2 B R2 B D2 R B
17452363213232	731139	OK	R B2 R' B R2 D' B R D R' D'
14723651211212	669572	OK	R B R2 B R' D B2 D B2 R D2
15627431332112	689679	OK	R B D2 R D' R D2 R2 B' R' D2
65274133232321	703073	OK	R B D' R D' B R2 B2 R B' R'
76145231311331	679104	OK	R B R' B D' R2 D' R B R D2
32156472332132	685994	OK	R B D B' R B' R D2 R' D2 B
74123563323221	664943	OK	R B R B' D2 B' R B2 D R' B
34261572133121	680450	OK	R B R' B' R2 D2 B' D B R' D
15724633132322	665574	OK	R B R B2 R' D B2 R' B2 R' D2
47156322332312	678622	OK	R B R' B R2 D' B' D B' D2 R'
32174652312332	671098	OK	R B R2 B2 D' R D' R2 D' B2 D'
63752143212323	663045	OK	R B R B2 R2 B D R' D B' R'
46527133111121	679768	OK	R B R' D2 R B' R B' D2 B2 R2
12376543133132	674414	OK	R B R D' B2 D R' D' R2 D2 B'
47621533231121	707998	OK	R B2 R B' R D R2 B' R B D2
32164571111231	687794	OK	R B D B' D2 R D2 R' B R' B
24173652323231	653635	OK	R B R B' R2 D R' D' R D' B2
62543711311112	654769	OK	R B R D2 B' R B' R D' R' B2
16537421332112	674365	OK	R B R2 D' R' B' R' B R' B2 R
76341253233131	667220	OK	R B R2 B R2 B' D2 B' D B R2
74163253133132	704166	OK	R B D' R2 B2 D R' D' B D' B
42367153111121	677413	OK	R B R' D2 R B' R B R2 D2 B2
51264732213311	659330	OK	R B R B2 R2 D2 R' D' R D' B
72345611222222	684262	OK	R B R' B2 R' D' B2 D B' D2 B2
73146522113231	683215	OK	R B D B D2 B D B2 D2 R' D'
13276541323322	693492	OK	R B D2 R' B D' R D B R' D2
47152361233232	690063	OK	R B R' D B D2 B2 D' R' D2 B
15346271321321	693129	OK	R B R' D R D2 R2 B' R' D B2
14735621223113	678077	OK	R B R' B' R D' B' D R' D R'
12365471313113	661439	OK	R B R D2 B' R2 B D2 B2 R' B
17436521323232	673862	OK	R B R' B D2 R D' B' D' B2 D'
12376543133231	672032	OK	R B R D B2 R2 D2 R D2 R' B2
32765413322312	714779	OK	R B2 R B D2 B2 R B' R B2 R'
14726531333312	671573	OK	R B R2 D' B D2 R B' D' B' D
63172452312323	660038	OK	R B R B R D2 R B' R D2 B2
76342511323112	693535	OK	R B D2 R' B R' B D R B' R2
36752143132232	668985	OK	R B R B D B' D' B D2 R' B
15672343213232	719496	OK	R B2 R D' R2 B2 R' D R B2 R
76345123312211	665379	OK	R B R B' R B' D' B2 R2 D' R
15643273223111	663490	OK	R B R B2 R D' B' R' B2 D R
36125472121223	685578	OK	R B R' B' R D' R' B R2 D' B2
12467351231321	683965	OK	R B D B2 R' B R' B D' R2 B
46375213333121	665870	OK	R B R2 B D' R D' B' R' D R2
17426531223221	669028	OK	R B R B D2 R2 B2 R B2 R' B2
36745211211221	670651	OK	R B R2 B D' B R2 D' R B R'
63714522332132	663360	OK	R B R D2 R' D R2 B' R2 B D2
17463251331221	698993	OK	R B D2 B' R' B2 D R' B R D'
15647233213232	682187	OK	R B R B' R2 D2 B D' B' D R2
76315241223113	667653	OK	R B R2 D R' B R2 B2 D' R B2
56723412122312	679933	OK	R B R2 D2 R D B2 D R D2 R'
56347211331131	663384	OK	R B R D' R2 B2 R D R2 D R2
62154733321121	699944	OK	R B D' R' D B2 D R2 B' R2 B
65417323223123	696657	OK	R B D2 B' R B' D2 R B2 R' D2
12734562313223	653703	OK	R B R B R D2 B D' B D2 R2
15367421223113	687732	OK	R B D2 B D R2 B' R2 D R D2
62135473122131	665394	OK	R B R B' D2 R2 D R' D R2 D2
16537421223113	673203	OK	R B R2 D R' B R2 B2 D' R' D2
15627431223113	680768	OK	R B R' D' R' D' R2 B R' D2 R
24715632313223	667185	OK	R B R D' R B' R' D2 B2 R' B
54637211132111	666779	OK	R B R' B2 R D2 B' D B R D'
76245311131121	675177	OK	R B R' B D' R B2 R2 B R' D'
61472533112111	662620	OK	R B R B2 D2 R B' R' D R2 B2
54362711111231	700190	OK	R B D' B2 R D R' B D2 B' R
27453161123111	662325	OK	R B R2 D B2 D R2 D2 B' D R
57364213332122	672058	OK	R B R2 B2 D R' D B' D B D
45612373322111	681803	OK	R B R' B' D R2 D R' B R2 B'
23674153232321	681853	OK	R B D R' B2 R' B' R' D R2 B'
35267141223233	685410	OK	R B D B' R' B' D R D' R D2
75243613213232	699723	OK	R B D2 B' D' B2 R B' D R D'
51647231113232	665344	OK	R B R2 D2 B D2 B R' D' B2 D
46375211211332	677358	OK	R B R' B' R2 D' R' D R2 B' R'
57214361323232	673290	OK	R B R' D2 B D B' D R2 D' R
37614521323232	680446	OK	R B D R' B2 D R2 D' R D' B
46375212132131	660235	OK	R B R D2 B2 R2 D B' R2 B D'
14735621332112	658853	OK	R B R D2 R D2 R' B2 D B R2
31527643332122	665055	OK	R B R' B R B' R D' B2 D2 R
16257433223123	682007	OK	R B D B2 R2 B' D' B2 D' B2 D
32167453222313	666911	OK	R B R D B2 R B2 R B' R2 D2
14735621333222	665120	OK	R B R2 B D2 R B D' B D' B'
63752142332132	658593	OK	R B R D2 R' D' R2 B D2 B' D2
34165273222322	670941	OK	R B R2 B R2 D2 B R' B' D B2
46352171211233	691044	OK	R B D' R D R B' R2 D B D'
54317261113112	690149	OK	R B D2 B' R D' R' B2 D B' R
16725433333232	666812	OK	R B R2 B R' B R2 D' B D B'
13542671231231	680299	OK	R B R' B R D2 R2 D' R' D2 B
31452672322331	696150	OK	R B D' B' D B2 D B2 R' B2 R
42315673112111	677981	OK	R B R' B2 D' B D' R' D R2 D
67435123123121	688386	OK	R B D2 R' D2 R' D R' D2 B2 D
56173421113112	690316	OK	R B D2 B' D R' D' B2 R D' R
52731641233112	675398	OK	R B R' D' B D' B D2 R2 B' D
23456713212332	681074	OK	R B R2 B' R2 D B' R2 B R B'
31265471321111	663492	OK	R B R2 B D' B D B2 R' D R'
24715633112111	664537	OK	R B R D' B R' D R2 D2 R B'
74125633133222	696584	OK	R B D2 B D2 B' D2 B' D R D2
54231673123121	671099	OK	R B R' D R D B2 R2 B D2 R2
72345613221221	696961	OK	R B D2 B R2 B' R2 B' D B D2
75346213112132	676001	OK	R B R' B2 R D R' B D' R D2
67435121332112	682410	OK	R B D2 R' D2 R' B D' B2 R2 B
53421671321231	665146	OK	R B R2 D2 B R2 B R' D' R2 D
73645211223113	662739	OK	R B R D' B2 D B' D2 R D' R
31452671332232	690038	OK	R B D' B D R D' R2 B R D'
73645211321111	665763	OK	R B R2 B R' B D R2 B' D R'
15236473231121	671531	OK	R B R' D2 B' D R D' R D2 B2
42561733323122	653179	OK	R B R D2 B2 R B R2 D2 B' R'
36217543213112	689723	OK	R B D' R2 B' D R B' D R2 B2
76253141123132	677295	OK	R B D R' B2 R D' B R D2 B2
45623712332123	689334	OK	R B D' R D' B' R' D B2 R D'
32156471232332	677863	OK	R B R' D' R D2 R B' R D2 R'
12637451332112	651235	OK	R B R2 B R B2 D' R2 B R D2
62317453112111	682607	OK	R B D B2 D B' D' R D' R2 B
56124371111231	666125	OK	R B R' B2 D B R' B R2 B' R
32465172132131	656850	OK	R B R B' R D' B R2 B' D2 R
64713253112111	679997	OK	R B D R' B2 D' R B' D' R B2
76315243211231	667796	OK	R B R2 B R2 D B D' R B' R'
47156322332132	657178	OK	R B R D2 R' D R2 B' R2 B' R2
47621532232331	673025	OK	R B R' D R' B' R' B D2 R D'
25137461211323	661639	OK	R B R2 B' R D R2 D2 R B R'
43216573132121	673125	OK	R B R2 B2 D' B R' D2 R' D2 R'
15746321323211	672441	OK	R B D R B2 R D R2 D2 B' D'
13276541323112	670690	OK	R B R2 D' B D' B R B R' B2
56423171231231	675780	OK	R B R' B' D B' R2 D2 B' R' D
71432561323232	661068	OK	R B R D' B2 R B2 R' D B' D
12346571111231	668940	OK	R B R' B2 R' B' D' R D2 B D'
34261572132131	656657	OK	R B R B' R D' B R2 B' D2 R'
23751463112321	668148	OK	R B R' D R D B' R2 D R B'
52163471333123	673258	OK	R B R' D B2 D' B2 R D R B'
45671231132231	674487	OK	R B D R' D' R' D B D' B D2
62374511322311	663228	OK	R B R' B2 D' B D R' D B2 R2
32451762331121	664846	OK	R B R' B' D B2 D R2 B' R2 B
76253141211332	663965	OK	R B R' B D B D' R2 B D B'
57241631322113	658036	OK	R B R2 B2 D' B R2 B' D R2 D'
41357622313112	676796	OK	R B D B' D2 B R' B R B2 D2
52731641323112	669428	OK	R B R' B' R B' D B2 R2 D' B
65123471233232	667891	OK	R B R' B D R2 D R' D' B' D2
16542371221331	664008	OK	R B R2 B D' B R' D' R2 B R'
32156473223123	655028	OK	R B R B' R B2 R' D2 B R' D
76342511111231	655104	OK	R B R B' D2 R B2 R' D R' D
62147353132121	651661	OK	R B R B2 D' R B' D B' R' D2
17463251221331	663424	OK	R B R2 B D B' R2 D R B D'
23751461132123	668165	OK	R B R' D' R B2 R B2 D' R2 D
32647153132121	674556	OK	R B R' D2 B2 D B2 D B2 R D
75412631223332	649173	OK	R B R D2 B R' D R2 D R' B2
17356241212313	666078	OK	R B R' B' R D2 R B R' D2 R2
14723652322121	670495	OK	R B R2 D' R2 D B R2 D' R2 B'
15342671211311	653876	OK	R B R B' D2 R' B R' B' R D2
13764251211311	649313	OK	R B R B' D2 R' B R' B' R B2
45637123332122	654711	OK	R B R2 D B2 D B2 D2 R' B R
32417653132121	650128	OK	R B R B2 D2 B' R' B2 R' B2 R
23456173212332	677943	OK	R B R' B' D' R B2 D' B D2 B'
25364173223231	651567	OK	R B R D' R' D' R B D' R B2
17362451211311	650499	OK	R B R D2 R D' B' D R' D2 B
51623471321111	655936	OK	R B R2 B' R B' D' B2 R B' R
53467211321111	657246	OK	R B R2 B' D R' B' D2 R D' R
72345611221223	658180	OK	R B R D2 B' R B2 R' D R2 D2
45623713322321	662675	OK	R B R' B D' R' B' R B2 D R'
17324561232332	646090	OK	R B R D B2 D B R2 B2 D' B'
36217541223311	653914	OK	R B R2 B' D B R2 B2 R B D'
74125633132232	652669	OK	R B R B2 D' R B2 R' D B2 D2
26345711223113	655354	OK	R B R2 D' R2 D' R D' R2 B2 R
75314621133221	642164	OK	R B R B' R' D' B R D' R B2
14763523222331	658744	OK	R B R B' R D B2 D2 R' B' D
42137653132121	658017	OK	R B R2 B R' B D' R D2 B' R
57241631323112	656008	OK	R B R2 B2 D' R D2 R' B R2 B'
31452671323211	649188	OK	R B R D' B2 D B' D R B2 D2
47653213232111	647643	OK	R B R B D2 B R' B' R' D2 R2
72345612331331	651678	OK	R B R B' R2 D R' D2 R B2 R2
42165373223123	656228	OK	R B R2 D' R2 D' B D' R2 B2 R
76421351131121	646809	OK	R B R B' D2 B' R' B' R D2 B'
15746322313112	639928	OK	R B R B D2 B D R2 D2 B' D'
46352172113231	645418	OK	R B R B' D2 B D' B R B2 D2
62374513312112	643390	OK	R B R B2 D R' D B2 D B' D2
