14325671111111	1933281	OK	B2 R' B R D B2 D R' B' R D'
52341671111111	1634377	OK	B R' B2 R' D' B' R D2 B R' D
12745631111111	1625247	OK	B R' B R B' D2 B' R' B' R D2
54721631111111	1939773	OK	B2 R' B R' D' B R2 B R B D'
21354672313211	1856827	OK	B2 R B' D R D2 B' R D R2 D'
41752632313211	1857533	OK	B2 R B' R D R2 B' R B D2 B'
25714632313211	1599609	OK	B R2 B' D' B D2 R' B' D R' B2
75246311111111	1095078	OK	R2 D R' D B D2 R' D R B2 R'
15642371111111	1088882	OK	R2 D R' B D B2 R' D B D2 B'
41625372313211	1412171	OK	R' D R' B D B2 R' D B D2 B'
47265312313211	1417946	OK	R' D R' D B D2 R' D R B2 R'
45312672313211	1591039	OK	B R2 B' R' D R2 B' D' B R' D2
45176233131113	1069514	OK	R2 B D' R B' R B R2 D2 B2 R
25314673111313	1088975	OK	R2 B D' B R' B R B2 D2 R2 B
56147231222132	1074959	OK	R2 B D' B R2 B2 D' R D' R' D
25314673131311	1064267	OK	R2 B R' D B' R D B2 R2 D2 B
54321673313321	1051445	OK	R2 B R' D B2 D2 R' D B' R' B
53162743312223	1240617	OK	R' B R' B D R2 B' D R B2 R'
25314673111331	1048635	OK	R2 B R2 D2 B2 R B D' R D' B
45176231131313	1034266	OK	R2 B R' B R' B D R2 B2 D2 R
45176231133113	1048794	OK	R2 B D2 R2 B2 D R B' R B' R
51342763312223	1240594	OK	R' B R' D R B2 D' R D R2 D'
54321673323311	1084650	OK	R2 B D' R' D B' R2 D2 R D' B
76543211111111	1141994	OK	R2 D' R B R B2 R D' B' R B'
45176231331113	1023856	OK	R2 B R2 D2 B2 R B R' B D' R
24751362321113	1130825	OK	R2 D B2 R2 D' R' D R' B R2 B
26154372332213	1110511	OK	R2 B' D2 B R' D R' B2 R' B R'
54321673313312	1044594	OK	R2 B R' B' D B' D2 R2 D R' B
54217362233213	1082668	OK	R2 B' R2 B R' D B' R2 B' R B'
16345271111111	1141643	OK	R2 D' R B' R' D R2 D B D B'
74256313111232	1103132	OK	R2 D R2 B2 D' B' D B' R D2 R
52763413223312	1063888	OK	R2 B D' R B2 R2 D' R D' B' R
64157321133212	1099214	OK	R2 D R2 B2 D' R' D B' R B2 R
13754262123323	1117865	OK	R2 B' D' R B' D R2 D R' D R2
32456711233133	1134983	OK	R2 D B2 R2 D' B' R B' R B2 R
52763413222112	1070723	OK	R2 B D' B' D B' R2 D2 R B' R
65732411333123	1039785	OK	R2 B D2 R2 B2 D R D' B D' R
23671452122333	1082814	OK	R2 B' R' B R' D B2 D R' D B2
52763411222312	1037283	OK	R2 B R' D' R B' R2 D2 R D' R
52763413322312	1028858	OK	R2 B R' B R2 B2 D' R B' D' R
64325713121222	1010155	OK	R2 B D' B R' D' R D2 R B R'
41765322313211	1092451	OK	R2 D2 R B' R B R2 D' B D B2
36725413131311	842930	OK	R B' D2 B' D' B D' B R' D2 R2
12345673132313	875160	OK	R B' D2 B' R' B D' R D' R2 D2
52314673311311	1099162	OK	R2 D B' R' D' B D2 R' B D2 B'
46257313312211	1093194	OK	R2 D R' D B R2 B R2 D2 B D
34162752132212	983531	OK	R2 B D R' B D' R D' R D2 B
35721642221213	1007358	OK	R2 B D' R B' D' R D2 R D R'
25731642232211	973949	OK	R2 B R' B D R' B2 R' D2 R D
12345673231313	843531	OK	R B' R2 B' R' D B' R D' R2 D2
54217632132212	973410	OK	R2 B R' B R' D' B R2 B D R'
24615372213311	1089132	OK	R2 D R' B D R2 D B2 R2 D B
45176321131133	1071614	OK	R2 D R' D' B' D R2 B' R D2 R'
25341673113311	1077028	OK	R2 D R' B' D' B R2 D' B R2 B'
72561433311233	904085	OK	R D2 R2 D R' D R' B R' D B2
47165321322131	1024915	OK	R2 B2 D2 B' R D' R2 B' R B' R2
57214632212213	967818	OK	R2 B R' D R B' R2 B' R2 B R
27546312231122	1006817	OK	R2 B2 R D2 R2 D B2 R' D2 R2 B
25631741212121	971317	OK	R2 B R' D B' D' R B2 R B D'
75243162211322	1002913	OK	R2 B2 R B2 R2 B R2 D' R2 D2 B
34561272212213	884212	OK	R D B2 R2 D2 B R D' B R' D'
74513263121222	962587	OK	R2 B R D' B D' B R' D R2 B
32147652233213	879116	OK	R D B2 R2 D2 B R B' D R' D'
23165743331312	1029798	OK	R2 B2 D2 B' R B' R2 D' B D' R2
12367451312222	913049	OK	R D2 R2 D B' D R' D B' D R2
24615733113323	980615	OK	R2 B D2 R2 B2 R' D B' D B2 D'
53672142221213	964031	OK	R2 B R B' D B' D R' D B2 R
76254133311323	977846	OK	R2 B D2 R2 B' R' D B' D R2 D
41532672313211	981244	OK	R2 B' R D R' D2 R' D' B' D B2
36725413111313	807254	OK	R B' R2 B' D' B R' B R' D2 R2
23165742131333	1031195	OK	R2 B2 D2 B' D B' R2 D' R D' R2
63725143123313	1033584	OK	R2 B2 D2 B' D R' D2 B' R D' B2
42351763231133	983444	OK	R2 B D2 R2 B' D' R B' D R2 D
32145671111111	980252	OK	R2 B' R B' D' B D2 B D R D'
47352612313211	988417	OK	R2 B' R2 B' R' D' R D2 B D' B
71625433213133	976235	OK	R2 B D B' D B' R B' R B2 D
35267141321132	1185471	OK	R' B D R' B2 R D' B R D2 B2
24615731132333	954604	OK	R2 B R2 D2 B2 D' B R' D B2 D'
45321673113311	1016730	OK	R2 B' D R B2 R' B R2 D' B2 D
63172452313211	981570	OK	R2 B' R B R' D2 R' D' R' B D2
54367212211322	862781	OK	R D R2 D2 R B R2 B2 R' D2 B
54367211213333	883520	OK	R D B2 D2 B D R2 D2 R' D2 B
34561272232211	857623	OK	R D R2 B2 D2 R D R' D B' D'
54312673311311	997496	OK	R2 B' R D B2 D' R B2 D' R2 D
61352472313211	986879	OK	R2 B' R2 B' D' B' D R2 B R' D
12347651111111	976340	OK	R2 B' R B D B2 D B' D' R D'
32147652332213	846859	OK	R D R2 B2 D2 R D B' D B' D'
52741632123323	858366	OK	R D R2 D2 R B D2 B2 D' B2 R
62135743312223	937154	OK	R2 B R2 B2 D2 R' B' D R' B R2
16527431312222	855345	OK	R D R' B' D R D2 R2 B2 R B'
74123653132232	900334	OK	R D2 R2 D B' R B' R B' R B2
76321453311233	855408	OK	R D R' B R' B R2 D2 B2 R B'
74256311321222	944527	OK	R2 B R2 D2 B' D' R D' R D2 R
63125741112323	934206	OK	R2 B R' B D R2 B2 D' R2 D B
75314621313212	1180722	OK	R' B D B' D2 B R' B R B2 D2
42615371313332	957234	OK	R2 B D2 R2 B2 R' B D' B D2 B'
16543271221223	915672	OK	R D2 R2 D R' B R' B R' B R2
24751362221231	953335	OK	R2 B R2 D2 B' R' B D' B R2 B
41635721212121	869272	OK	R D2 R' D' R D' B R2 B D' B
74165233111313	745185	OK	R B2 R2 B' R D' R D' R' D2 R'
45376121131133	985460	OK	R2 B' R B D2 B' R B2 D' B2 D
25413672323111	1163361	OK	R' B R D' B2 D B' D R B2 D2
16254733312223	801599	OK	R D R2 B' D' R2 D' B R B2 R
24563713121222	876603	OK	R D2 R' B' R D' B D2 B D' R
26317451212211	967600	OK	R2 B2 R' D' R' D B2 D B2 D' R2
46215372313211	930434	OK	R2 B2 R B' D R D2 B' R D R2
35624712321212	796998	OK	R B' D R2 D2 B' D B' R' D B
25364172311231	1158580	OK	R' B R B' D2 B D' B R B2 D2
74165233231313	753454	OK	R B2 R2 B' R' B2 R' B' D B' R
26435712222122	954655	OK	R2 B R2 D2 B2 D' R D' R B2 R'
74165233132313	750886	OK	R B2 R2 B' R' D2 R' D' R D' R
14367523311113	887954	OK	R D' R' B' R B' R' D2 R' D' B
17326452212111	963069	OK	R2 B2 R' B' R' D R2 D R2 D' R2
36725412111212	733809	OK	R B2 R D R' B R' B R2 B2 R'
34561273313321	809771	OK	R B' R' D2 B' R D' B2 R2 B' R
76312452212111	946627	OK	R2 B D' B' D R B' D R2 D' R
12374562111212	808224	OK	R B' D B2 D2 R' D R' B' R B
63725141112323	784305	OK	R D R2 B' R B R2 D2 B R' D'
36754123232222	808386	OK	R B' D B2 D' B R' B D R' B2
56123471331332	872211	OK	R D B2 D2 B D B2 D2 B' R2 D
74165233131311	745963	OK	R B2 R2 B' R B' R D' R' B2 R'
52741633321223	821341	OK	R B' D B' R2 B R2 B' D2 B D'
71264533231223	803199	OK	R B' D R2 D' R D' R D R' B2
12345672321212	757130	OK	R B D' R2 B' R B2 R B' R' D2
54367213112222	819473	OK	R B' D R' D2 R B2 R' D2 R D'
32156741112323	917544	OK	R2 B R' B D R2 B' D R B2 R'
36725412123212	735937	OK	R B2 R D B' R B' R B2 R2 B'
76321452123323	812875	OK	R B' D R B2 R B' D2 R2 B R'
12367452113333	821494	OK	R B' D B2 D2 R' D R' B' R B2
76321453323311	834072	OK	R B' D' R2 D B2 D' B D2 B R'
12345672121232	751056	OK	R B D2 B R D' B D' B' R2 B2
61235741313131	797411	OK	R B' D' B D R D2 R2 B' R B
72543613132232	853041	OK	R D R' D R' B R2 D2 B2 R B'
74165231121212	715394	OK	R B D2 B D B' D B' R' B2 R2
32647512333233	965251	OK	R2 B2 R' D' B' R D2 R B2 R' B2
34527612231332	810685	OK	R B' D R2 D2 B' D B' R' D B2
24731561111111	901107	OK	R2 B R' B R2 D R' D' B' D2 B'
21347562312323	1075991	OK	R2 D2 R B' D B R2 D' R B R2
75462132123212	772268	OK	R B' R D2 R2 B' D B' D' B R
14763251221223	862109	OK	R D R' D' B R D2 R2 B2 R D'
24315673311311	938327	OK	R2 B D' B' D' R D2 B' D R2 D'
74165232111212	723562	OK	R B D' B2 R' B R2 B R' B' D2
14632571111111	898231	OK	R2 B R' B2 R' D' B' R D2 B R'
36125743222331	1092132	OK	R2 D B' D' B' R D2 B' R B2 R'
54367213312133	788751	OK	R B' R B' R2 B R2 B' R2 B R'
12354761112323	918071	OK	R2 B R' D R B2 D' R D R2 D'
76541232131213	898931	OK	R D' B2 D' R B D R2 D2 R B
36725412321212	731528	OK	R B2 R B R' B R' D B2 D2 B'
76321453313312	803749	OK	R B' R' D2 R B2 R' D R2 D R'
63541271212211	931572	OK	R2 B D B' R B R2 B2 D' B' R
31564272212111	933471	OK	R2 B D2 B2 R D' B' D B2 R B
72361542333233	918970	OK	R2 B D R' D R B2 R2 D' R' B
16527432211322	786724	OK	R B' R B R' B D2 R2 B' D R2
74165231313131	703189	OK	R B D2 R B' R2 B' D R' B R2
67321451212211	918800	OK	R2 B R' D' R D R' B R2 B' R
67132541133311	872062	OK	R D' R2 B2 R' B2 D B2 D2 B D'
36725413131113	714525	OK	R B D2 R B' D2 B' D R' D R2
56274312313211	777675	OK	R D R' D B D2 R' D R B2 R'
36712542121211	768665	OK	R B' R B2 R2 D' R B' R' D R
72561432213122	783595	OK	R B' R D2 R2 B' D B' D' B R2
12765432222212	904713	OK	R D' B2 D' B D R D2 R2 D R
45276131131133	925048	OK	R2 B D' R' D' R D2 B' D B2 D'
16527431222132	791447	OK	R B' R D' R B' R D2 R2 D' B2
73624513121132	879342	OK	R D2 B' D2 R D' B R' B R' D
12345673131323	722793	OK	R B R2 D B' D2 B' R B' R D2
73615241112323	734012	OK	R B' R B2 D2 R2 B R' B R' D
52614372313211	773126	OK	R D R' B D B2 R' D B D2 B'
15324673113311	910191	OK	R2 B R' D' R' D R2 B' D B2 D'
76254313211111	950890	OK	R2 B D2 B2 R2 D' B' R B' R D2
45312673132313	936976	OK	R2 B2 R D R2 D' R2 D R' B' D2
16427532333233	924022	OK	R2 B D2 B2 R B' R' B D2 R D
45376213131323	940815	OK	R2 B2 R D B2 D' R2 D B' R' D2
36725412121211	732267	OK	R B2 R B D' R B' D R2 D2 R'
46127353131323	779492	OK	R B' R' D R D B2 D2 R' B R
72543613322312	830035	OK	R B' D' B2 D B2 D' R D2 R D'
12345672123212	728688	OK	R B R' B2 D' R B2 R D' R' D2
64531271212211	908219	OK	R2 B R2 B2 D R' D' B D2 R B
76512343213313	871920	OK	R D2 B' R2 D R' B R' B D' B
17265433111313	829612	OK	R D2 R B R' D R' B2 R' B R'
76512343332311	870433	OK	R D2 B' R2 D R' D R' B D' R
74165232121211	699993	OK	R B R' D2 B' R D2 R D' B' D2
32147651213333	777158	OK	R B' R D R' B D2 R2 B' R D2
36725411313131	673255	OK	R B R2 B2 R' D' R2 D' B' R B'
36741252122123	782919	OK	R B' R B2 R2 D' R B' R' D R2
43675122222122	800701	OK	R B' D' R D R B2 R2 D' B D
24351761111123	944200	OK	R2 B D2 B2 R2 D' R' B R' B D2
74165233131323	698773	OK	R B R' B D' R' B2 R' D' B2 D2
74165231212121	685694	OK	R B R2 B D R' D B' R' B2 R2
32517463131311	840556	OK	R D2 R D R' D B' D2 B' D R'
45312673231313	934443	OK	R2 B2 R B D2 B' R2 B R' B' D2
32147562333233	903697	OK	R2 B R' B' D R D' R D2 R' B
12456731132321	1032871	OK	R2 D R' B2 R' B' R' D R2 B D'
74165233131113	686940	OK	R B R2 B2 R' D' B2 D' R' B D'
36725412121232	683828	OK	R B R2 B R B2 R2 B' D' R B'
26435712322322	872249	OK	R D2 B' D2 B R2 D' B R2 B2 R'
36725411212121	683063	OK	R B R2 B D R' D B' R' D2 R2
24615732111323	877566	OK	R D2 B' D2 B D2 R' B D2 B2 D'
32416753121222	804026	OK	R D R2 B' D' B2 D' B D R2 D
36725411131313	686388	OK	R B R2 D B' R2 B' D B' D R2
36145272131213	871187	OK	R D' R2 D' B R B R2 B2 R B
25341762313223	924656	OK	R2 B R' D R B2 D2 R' D2 R D
36725412121112	683245	OK	R B R2 B R D' R B' R' D2 R2
74165232121112	680918	OK	R B R2 B R D' R B' R' B2 R2
67254311131133	922947	OK	R2 B D2 B' D2 R D' R2 D B D'
36725411121212	682588	OK	R B R2 B D B2 D2 B' R' D R'
74165231131313	695883	OK	R B R' D R' B' R2 B' R' B2 R2
54612371112311	917760	OK	R2 B R2 B2 D2 R' D' R D' B D2
32567412222212	871910	OK	R D' R2 D' R B R B2 R2 B R
56347212111221	948192	OK	R2 B2 R' B R2 D' B' R' D2 B D
36514272212111	903108	OK	R2 B R D' R D B2 D2 R' D' R
54367212333113	743840	OK	R B2 R' B D' R' B R D' B R'
16527431123333	736105	OK	R B2 R2 B' D' R B' D R' D B2
76145231122112	946452	OK	R2 B2 R' B D2 R' B' D' B2 R D
21345762223322	872768	OK	R D2 B' R2 B R2 D' R D2 R2 D'
76145231221112	952305	OK	R2 B2 R' D B2 R' B' D' R2 B D
12367451123333	737363	OK	R B2 R2 B R D' R D' R D' R2
23165742131321	868859	OK	R D2 B' R2 B D2 R' D R2 D2 R'
67354211313113	948376	OK	R2 B2 R' D B D' R2 B2 R B2 R
62351743112123	1031569	OK	R2 D R' B R2 D R' B' D' B2 D'
52741632212231	747589	OK	R B2 R' B R' B' R D R' D B'
34527612211322	738382	OK	R B2 R2 B' D R' B R' D B R2
24351673311311	924131	OK	R2 B D2 B' R2 D R' D2 R B D'
72543613223312	799139	OK	R B' R' B2 R D2 R' B D2 B D'
43765212222122	828241	OK	R D B2 D2 B' R D2 B' D2 B R
54367211333213	745782	OK	R B2 R' D B' R' B R B' D R'
67354211333111	944058	OK	R2 B2 R' B D B' R2 D2 R D2 R
72561433321133	733228	OK	R B2 R2 B D' R B' D R' D B2
63725142123131	805038	OK	R D B D2 B2 D B R D' R2 D'
51267342312233	761089	OK	R B' D B2 D B' R D' R' B2 D2
34561273321133	737510	OK	R B2 R2 B D2 R' B R2 B2 R' B'
64125371131313	775261	OK	R B' D2 B R' D R' B2 R' B R'
34527613312133	736463	OK	R B2 R2 B' D2 R' D B2 D2 B' R'
75231463211123	813799	OK	R D B2 D' R B' D B2 D' R2 D
32147651123333	722192	OK	R B2 R D R D2 B D' R2 D' R
13275641112323	690160	OK	R B2 R' B R' B R' B D' R2 D2
56123473133132	784046	OK	R B' R D' R2 D B2 D' B2 D R'
36741252123323	735777	OK	R B2 R2 B' R D' B R' D R B2
41263751312222	834237	OK	R D2 R2 D B2 D2 R2 D R2 D2 B'
13265741112323	764022	OK	R D R2 D' B2 R2 D R B' D B2
27643513311233	843513	OK	R D2 R2 D R2 D2 B2 D B2 D2 R'
76321453233131	733560	OK	R B2 R2 B R2 D' B R2 B2 R' D'
14763251222312	799995	OK	R B' R' B2 D' R B' R2 D2 R' D
51324673113311	899927	OK	R2 B R2 B' D2 R B' D2 B R D'
72543611331332	798369	OK	R B' D B R' B R2 D2 B' R B2
47216352131333	825387	OK	R D B2 D2 B' R B2 D' B2 D R
63542713121333	741523	OK	R B' R B2 R D' R B' R' D2 B2
52163473323332	942297	OK	R2 B2 R' D R2 B' R' D' R2 B R
71264533231313	706245	OK	R B D2 B' D2 B D' R2 D' R D2
63574212313211	827850	OK	R D' R B R B2 R D' B' R B'
72561433321223	738142	OK	R B2 R2 B' D2 R' D R2 D2 R' D'
46153273131131	868532	OK	R D' R2 B2 R' D2 B D2 B2 D B'
62435172311132	792958	OK	R D B R2 B2 R D R D' B2 D'
67154233323332	712107	OK	R B D' B R2 B2 D' R D' R' D
36741253233131	732059	OK	R B2 R2 B R' D B' D R' B D2
32417562113321	738784	OK	R B' R D' B' D B2 D R D' B
34527612231122	711663	OK	R B D2 B2 D' R B2 D R2 D2 R'
52741633313321	713981	OK	R B D' R D' R' B R B' R B2
63752411333213	938027	OK	R2 B2 R' B R D' R2 B2 R B2 R
25471631312213	751108	OK	R B' D R2 D R' D R' B' R2 D2
12367451213333	737797	OK	R B2 R2 B' R B' D R' D B D2
32165741111111	779469	OK	R D B' D B' D B2 D2 B R' B'
34527612331322	729984	OK	R B2 R2 B D R' D R' D R' D2
54321672212213	734936	OK	R B D' B R' B R B2 D2 R2 B
63752412333113	943469	OK	R2 B2 R' D R D' R2 B2 R D2 R
34561272122321	743846	OK	R B2 R2 B' D' B R' D R' B R2
12367453112222	746080	OK	R B2 R2 B' R2 D' R B2 R2 B' D'
54367212231122	715625	OK	R B D2 B2 D B D2 B2 D' R2 B
14763253222112	785535	OK	R B' R B' R B' D B2 D2 B' D2
65314272313211	829602	OK	R D' R B' R' D R2 D B D B'
72435163333313	876033	OK	R D' B D' R2 D' B' D' B R2 D
53714622233111	734941	OK	R B' R D2 R D' R D' B' R2 D2
56147232332213	713708	OK	R B D' R B' R B R2 D2 B2 R
12367541113331	819776	OK	R D2 B D2 B' D R' D R' B' R
32147652331322	732566	OK	R B2 R2 B' R' B R' D B' R B2
46127352131333	767233	OK	R B' R' B D B D2 B2 R' B D
63142571132321	989462	OK	R2 B' D2 R B D2 B R2 B D' B2
41725361321213	803422	OK	R D B2 R2 D' R' D R' B R2 B
16527432331322	722572	OK	R B2 R B R D2 B R' D2 R' D
52741632212213	709026	OK	R B D2 R D' R' D2 R' D2 B D'
34561272213122	704025	OK	R B D B' D2 R2 D R B R' D2
31654272313322	727993	OK	R B' R B2 R D' R B' D2 B R2
52763143222331	1013780	OK	R2 B' D B D2 B' R D2 B' D2 B
34216572213122	825037	OK	R D2 R2 D R2 D2 B2 D' R2 D2 B
32674152113333	826814	OK	R D2 R2 D B2 D2 R2 D' B2 D2 R
47251363131113	746316	OK	R B' R2 B R' D B' R2 B' R B'
41352671222111	721129	OK	R B D' R' D B' R2 D2 R D' B
54367212332213	708667	OK	R B D2 R D' B' R2 B' D2 R D'
36741252122321	734262	OK	R B2 R2 B R B' R D' R B' D2
34561273311233	704483	OK	R B D B' R2 D2 R' D' R B2 D'
54321672232211	709447	OK	R B R' D B' R D B2 R2 D2 B
41352671212121	688337	OK	R B R' D B2 D2 R' D B' R' B
36712542121112	677633	OK	R B R' D2 B2 D B R D' R' B
72145633312223	820964	OK	R D2 B R' D B R2 D' R D B2
65132472212231	929937	OK	R2 B2 R B R2 B' D2 B D' B' R2
52741633323311	712930	OK	R B D' R D R2 D B' R2 D2 B
52341672323312	887260	OK	R2 B R2 D B2 D R' B D2 B D
52714361232113	796468	OK	R D B2 D2 R' B R' B' R D2 B'
16527432231122	698066	OK	R B R' D' B D2 R' B R' D' B
76321452122321	728487	OK	R B2 R B D B2 R B' R2 B' D
35624712121232	662747	OK	R B R2 B D2 R' D B D2 B R2
32147651312222	692100	OK	R B D R' D2 B2 D' R' B R2 D'
42163751121212	735991	OK	R B' R2 D' R' B R D' B2 D R
76321452213122	703406	OK	R B D B' D2 R2 D R B R' B2
36712542122111	700436	OK	R B D' R B' R2 D R' D R D2
73624513332131	866678	OK	R D2 B' D2 R D' R D' B D' B
63142573112123	968182	OK	R2 B' R2 D B R2 B R2 B D' R2
16745233333313	867611	OK	R D' B2 R B R2 B' D' B2 D' B'
65243712121322	686921	OK	R B2 R D2 R2 D B2 R D2 R2 B2
76321453321133	696491	OK	R B R' D' R B D2 B2 R2 B R'
47165322133112	775065	OK	R D R2 B2 D' R' D B' R B2 R
16527432333113	702963	OK	R B D2 R2 B2 D R B' R B' R'
15762342122213	679611	OK	R B D' R B' D R2 D R' D R'
56147232233213	684269	OK	R B R' B R' B D R2 B2 D2 R
54367211222132	688342	OK	R B R' B D' B' D B R' B D2
54367121113331	814021	OK	R D2 B D2 B' D R' D R' B' R'
26534713333313	842304	OK	R D' R B' R B2 D R' B' R' B2
32761453121312	865708	OK	R D' B2 R B D2 B' R' B2 R' B'
56147232333113	699304	OK	R B D2 R2 B2 D R B' R B' R
26547313131323	727634	OK	R B2 D2 B' D R' D R2 D' R2 D
71264533131323	669785	OK	R B R2 B R2 B' R D2 B' D2 B
16534723211123	806579	OK	R D2 R B D2 B' D' B2 R B D
37426513132313	672742	OK	R B R2 B' R2 B D' R2 D' B D2
12356743113131	705443	OK	R B D2 B' R2 B D' B2 D' B R2
67345122223133	814153	OK	R D B' R2 D2 R D B R' B2 D
26743512121232	734616	OK	R B' R2 D' R' D R D' B2 D B
54367212233213	683737	OK	R B R2 D R' D' R2 D' R2 B D'
52741632232211	686052	OK	R B R2 D R' B' R2 B' D2 R D'
34561273321223	702145	OK	R B D R2 D2 B' R B' R D R2
16273541122133	737549	OK	R B' R2 D2 R D R2 D R B' R
31524673332122	880103	OK	R D' R' D' R B' D' B2 D' R' B
35624712331232	673984	OK	R B R' D B' R2 D B' R B D2
67245311112311	790490	OK	R D R' D B R2 B R2 D2 B D
56123471333123	737567	OK	R B2 R' D R' B' R B R' D R'
12374561121212	667975	OK	R B R2 B R2 D' R B D2 B R2
46275312112232	775944	OK	R D R2 B2 D' B' D B' R D2 R
45736121122211	787075	OK	R D B D2 B' D R2 B' D2 B R'
14763251332331	729551	OK	R B2 R2 B' R' D B' D R' B D2
12356741313131	672872	OK	R B R2 D B' D2 R2 D R' B' R2
52341673323212	878729	OK	R2 B R D2 R B' R D2 R B2 D
71263542323123	981736	OK	R2 B' D2 R B R2 B D2 B R' D2
71523463231313	711430	OK	R B2 R2 D' B D' B' D R B' D
72561433221233	699370	OK	R B D R2 B2 R' D B' D' R2 B
76321452122333	681577	OK	R B R2 B2 R' B D2 R D2 R2 D
76321452122123	701209	OK	R B D R' B2 D2 B D B R' B2
24376512222122	737611	OK	R B' R D2 R D' R D' R2 D B2
45621373211111	787741	OK	R D R' B D R2 D B2 R2 D B
34561272122123	701084	OK	R B D R' B2 D2 B D B R' D2
23657142121112	725289	OK	R B' R D R2 B2 D R' D2 R D2
32147653112222	698382	OK	R B D B2 D2 R' B D' R D B2
56271433132313	706319	OK	R B2 R2 D' R D' B' R D B' D
64275132211133	820692	OK	R D B' D2 R2 D B R B' R2 D
35624712321332	671219	OK	R B R' B R2 D R' B2 R' B R'
26435713333133	810281	OK	R D B2 R2 D' B' R B' R B2 R
36741252122333	677410	OK	R B R2 B2 R' B R2 D B2 D2 B'
25734613113323	803237	OK	R D2 R B D2 B D' B' D2 R2 B'
47165322313211	649602	OK	R B D2 B R2 B2 D2 B R2 B' D'
24617532233321	922843	OK	R2 B2 R B' R D R2 B' R B D2
36125471222111	891427	OK	R2 B R2 D B2 D B' R D2 R B
41756231321213	800132	OK	R D2 R D R2 D B' D' R2 B2 D'
34675212222122	760770	OK	R B' D R' B2 D B' D B D2 B
41352671212112	683262	OK	R B R' B' D B' D2 R2 D R' B
71263541333222	955396	OK	R2 B' R2 D B D2 B R2 B R' B2
27415633321322	794675	OK	R D R' D R D' B2 R D' R B'
52741632122333	679322	OK	R B R2 B2 R D B2 D2 B' D2 R
16527433312133	669998	OK	R B R B2 R2 D' B R' B R B2
71264533221323	676486	OK	R B R2 D B' R2 D2 R B' R' D2
34561273221233	697034	OK	R B R' D R' D2 B2 D R D R2
23517462131333	734313	OK	R B' R B' D' B D2 B R D' B
54367211132222	698992	OK	R B D B2 R2 B' R B' D' B2 R'
52741633221233	700509	OK	R B D R2 B2 R' B' R2 D' R' D
42615372313211	645842	OK	R B D2 B D2 B2 R2 B D2 B' D'
32147652113333	664534	OK	R B R B' D2 R2 D B D B' D2
36542712121322	685062	OK	R B2 R D2 R2 D' B2 R B2 R2 D'
13246571113232	870018	OK	R D' B' D2 R D R2 D' B' R2 B'
12367451132222	704869	OK	R B D B2 R2 B' R B' D' B2 R
17435623211123	722129	OK	R B2 D' R B D R2 D2 B' D B
72365413121312	841859	OK	R D' R2 B R B2 R' D' B2 D' B'
12374561211212	675569	OK	R B R' B R' B2 D R' D B D2
76143253333313	841121	OK	R D' R2 B R D2 R' D' R2 D' B'
13642573221221	785224	OK	R B' R D2 R' D R' D R D' B2
23416752121211	725550	OK	R B' R B' D' B D2 B R D' B2
74152363133222	756421	OK	R B' R B2 R' D B' R B D' B2
56743213121213	790646	OK	R D B2 R' D R D B2 D2 R' B
41237561313131	710779	OK	R B2 D2 B' D B' R B2 R' D2 R
74123653133132	724248	OK	R B2 R2 B' R2 D' R D2 R2 D' R'
54321672212231	695408	OK	R B R2 D2 B2 R B D' R D' B
32716452123212	725432	OK	R B' R D' B' D B2 D R D' B2
16527432113333	668952	OK	R B R B' D2 R2 D B D B' R2
62435172211133	789485	OK	R D R' D2 B2 D R B D' R2 B
34561273233131	691135	OK	R B R' B' D B R2 B2 D2 B R'
47632513212332	946970	OK	R2 B2 R' B' D' R D2 R D2 R' D2
56174321232113	769899	OK	R D R2 D2 B' D R' D' B D2 R'
16543271332331	732988	OK	R B2 R2 B D B' R B' D B' R2
47132563222331	932026	OK	R2 B D' R' D R D' B R2 B' D
71453623311122	805082	OK	R D B2 D' B D' R B2 R' D2 R
14763253133222	727697	OK	R B2 R2 B R2 D' B D2 B2 D' B'
12376541232233	875624	OK	R D' B' R2 B' D' R2 D B R2 D'
41673252212222	664263	OK	R B D2 B' R2 B' R B D' R D2
71643523331213	668336	OK	R B D2 B' D2 B' R D R' B D2
52741633313312	679998	OK	R B R' B D B2 D B' D2 R2 B
43576212112232	797528	OK	R D2 R D B2 D B' D' B2 R2 D'
36125471212112	876739	OK	R2 B R B2 R B' D B2 D R2 B
32147651132222	678239	OK	R B R' B D' B2 R2 B R D B2
63752141111111	753137	OK	R D R' D B' D R2 D2 R D' R'
34715262221123	785088	OK	R B' D' R B' D R2 D R' D R2
35174262213131	748140	OK	R B' D B2 D' R D2 B' R2 B R2
34625172111212	716379	OK	R B' R B2 R D' R B' D2 B R'
72543613221221	733791	OK	R B2 R2 B D2 R' B D2 B2 D' R'
67345122232133	776010	OK	R D R D2 R2 D R D B' R2 B'
16527432231332	676118	OK	R B R D' B2 R2 B R D B' R2
15746321111111	765160	OK	R D2 R B' R B R2 D' B D B2
42615372213311	801070	OK	R D B2 R' B D R2 B2 D B' R'
74123653133222	724088	OK	R B2 R2 B R' B R' D B' R B2
56271433111313	685256	OK	R B2 R B2 R2 B' R2 D' R2 D2 B
27365412321212	725565	OK	R B' R D2 R D' R D' R2 D B'
63725142223133	789458	OK	R D R' B2 D2 B R B R' D2 B
27534161111123	831913	OK	R D' R2 D' R B2 R D2 B D R2
36172452133133	786061	OK	R D R2 D2 R' D B2 R' B2 R B
23165741112323	627736	OK	R B R2 D' B D R2 B2 D R' D'
14736521321231	851435	OK	R D' R' D2 R' D' B2 D R D2 B'
56147231333213	673397	OK	R B R2 D2 B2 R B R' B D' R
16543271331332	731522	OK	R B2 R2 B' D B' D R' B D B2
54723612131312	806063	OK	R D2 R' D2 B R D2 R2 D' R' D2
63512743313333	675013	OK	R B D' B R B2 D2 R' D2 R2 B'
71523463131311	690026	OK	R B2 R B' R2 B' D B2 R B' R2
76321542211112	769211	OK	R D B D' R B' D B2 D' B2 R'
43621752213323	678508	OK	R B2 R B2 R2 B R2 D R2 D2 B2
31275461322233	760171	OK	R B' D B2 R2 D2 B D' B D' R
16543273221221	747465	OK	R B2 R2 B D' B R' D R' B R2
16527431333213	676086	OK	R B R2 D2 B2 R B R' B D' R'
47136252133112	791718	OK	R D2 R B R2 B R' D' B2 R2 D'
74521633133333	804556	OK	R D2 R' D2 B R B2 R2 B' D' R2
76321452212231	684749	OK	R B R2 D2 B2 R B D' R D' B'
56123472322121	710530	OK	R B D2 B2 D B R2 B2 R' B2 D
53761242221213	718220	OK	R B2 R' D' R B' R D2 R D' R
71546322231212	645718	OK	R B R' B R' D B2 D R' D B'
24736512222332	796760	OK	R D B' D R' B R' B2 R D2 B'
34265712212132	784611	OK	R D R2 D2 R' D R2 B' R2 B R
64275132232133	775505	OK	R D R B2 R2 B D R B' D2 B'
24537613231322	817839	OK	R D2 B R2 B' R B' D R' B' D
43617521223221	815863	OK	R D B' D2 R D' R B D' R2 D'
17362452213311	859603	OK	R D' B2 D' R B2 R B2 D B D2
41725362313223	797302	OK	R D B2 R' B R B2 D2 R D' R'
56123471222312	718147	OK	R B D' B D' R' B D R' D B2
17543261111111	751454	OK	R D B' R2 B R' B D R2 B2 D2
12356741133131	666274	OK	R B R2 B D2 B' R B2 D' B2 D
24167353132232	815424	OK	R D B' R2 D R' B D B' D2 B'
36712542121121	662884	OK	R B R2 B R B2 D B2 D2 B' D'
56321742211112	752150	OK	R D R D2 R' B R2 D' B2 D B'
56123473322312	717504	OK	R B D' B D R2 D B' D2 R2 B
34617252132212	706782	OK	R B2 R' B' R B' D B2 D B' R
41725362313211	617795	OK	R B R2 B D2 B2 R2 B R2 B' D'
52167432122222	803781	OK	R D2 R' B2 D R D2 R2 D' B' D2
23157462131123	791329	OK	R D B' R B' D R' B2 R D2 B'
31275461112233	754270	OK	R B' D R2 B2 D2 R B' D R' B
32147652231332	671763	OK	R B R D' B2 R2 B R D B' D2
72561342313223	856063	OK	R D' B2 D' B D2 B R2 D R D2
73642511111111	653868	OK	R B2 R' D' R D2 B' D' R D' R2
71523463331312	701160	OK	R B2 R2 D' R B' R' D R B' R
17426531232233	853283	OK	R D' R' B2 R' D' R2 D R B2 D'
14735621223332	902869	OK	R2 B D' B2 R' D R D' B R2 D2
72543611332331	718192	OK	R B2 R D B D2 R B' D2 B' R
21457631321123	896379	OK	R2 B D2 R' D R' D B D2 R D'
74521633121213	806683	OK	R D2 R' B2 D R B2 R2 B' R' D2
45273162222122	722104	OK	R B2 D2 B' R B' R D2 R' B2 R
46275312313211	618130	OK	R B R2 B R2 B2 D2 B D2 B' D'
41725631111111	717118	OK	R B' D' R' D R2 B' D2 B D' B
52361472121313	787088	OK	R D B2 D2 B' D' B2 R B2 R' D2
15634722123332	827874	OK	R D' R2 B R2 B' D' B2 R2 D R'
13246571111111	647974	OK	R B2 R' B' R D2 B' R' B D' B2
56213743313333	637845	OK	R B R2 B' D2 R2 B R B' R B'
63724153121213	778542	OK	R D B R2 D2 B D' R D' R D'
71643252231212	669094	OK	R B D2 B2 R' B R' D' B R B'
46275313312211	777513	OK	R D R2 B' R D R2 B2 D R' B'
14763251333123	694952	OK	R B D2 R2 B2 D R D' B D' R'
64357213231322	807449	OK	R D2 B R2 B' R B' D R' B' D'
47653213211231	899527	OK	R2 B D2 R' D R D2 B R B' D'
53146272123233	748320	OK	R D R B2 R' D R2 B' R2 B R'
56271433123313	705084	OK	R B2 R2 D' B R' B' D R D' R
14763253133231	707948	OK	R B D' R D' R2 B2 R B R D2
42167532131333	716190	OK	R B2 D2 B' R D' R D2 R' D2 R
73654122111122	824871	OK	R D' R2 B R2 B' R' D2 B2 R B'
56743212221222	789624	OK	R D B2 D2 B' D' R2 B R2 B' D2
31627452221333	752037	OK	R B' R' B R' D B2 D R' D B2
45362712122222	673690	OK	R B D' B R' D' R D2 R B R'
34721652221222	790128	OK	R D B2 D2 B' D' R2 B R2 B' R2
17526432123233	766734	OK	R D B R' D B' D B2 D' R2 B'
31267542313133	714178	OK	R B' R D2 R' B D2 R' B2 R B2
72163453331333	759939	OK	R D R2 D2 R' B' R2 D R2 D' R2
31265472233321	882255	OK	R2 B R' D2 B' D R D' R D2 B2
27615432113321	755047	OK	R D R2 B2 D R2 D R B' R B2
74123652322121	705078	OK	R B D2 B2 D' R D2 B R2 B2 R'
72543611223221	712695	OK	R B D' B D' R2 B2 R D B D2
27613543333133	723031	OK	R B' R B R2 D2 B R' B2 R B2
71326543333313	681427	OK	R B2 R2 B R2 B2 D2 B R2 B2 D'
31265471111111	698399	OK	R B' D B2 D' B R' D R2 B2 D2
36217452131333	728355	OK	R B' R B' D2 R D' B R D2 R
35417622223133	777613	OK	R D R2 D' R B' R B2 R' B2 R
76345122211112	762649	OK	R D B D' R B' D B2 D' B2 R
72163452122222	758613	OK	R D R2 B' D B D R2 D2 B' R
13572641122133	763770	OK	R D R2 D' R2 B2 D R D' B D2
13274651112323	685146	OK	R B2 D' B2 D' R D' R2 B2 D' R
62317453312211	830998	OK	R D' R2 D' B R2 B D2 R B D2
27415363131113	654692	OK	R B R' B D' R' B R B D2 B2
26517343333313	681954	OK	R B2 R2 B D2 B2 R2 B' R2 B2 D
54127633133333	784154	OK	R D B2 R' D B D B2 D2 R' B
41367253111133	713051	OK	R B' R2 B R2 B2 R B2 D B2 D'
16347252131312	755119	OK	R D R2 B' D R B D2 B2 R' B
71534262122222	754358	OK	R D R D2 B2 R D' R B' R D'
71436253333112	855277	OK	R D' B R' B R2 D R' D' B' D2
75143263231313	688598	OK	R B2 R2 D2 B' D2 B' R' B R' B'
37651242211133	775541	OK	R D R2 D' B R' B R2 B' R2 B
14625731111111	695387	OK	R B' D R' B2 R D2 B' D R D
24761531221223	790331	OK	R D R' D2 B R' D B R' B2 R'
52763411333123	692191	OK	R B D2 R2 B2 D R D' B D' R
23147562123131	750408	OK	R D R D2 R D B2 D' B' D2 R
53614721212121	672431	OK	R B2 R B2 R2 B' R2 D B2 D2 R'
16453271111111	725793	OK	R D R' B2 R B' R D R2 B2 D2
71546233331213	649820	OK	R B D R' B2 R D' R D R' B2
63251743133231	791113	OK	R D R' B2 D R' D R D' B2 D'
24351673111133	775796	OK	R D B' D B2 D' B D' B R D2
34721652121313	788843	OK	R D B2 D2 B' D' B2 R B2 R' B2
72543613133222	683528	OK	R B R' D B' D R2 B2 D2 R B'
43126572133313	632603	OK	R B R2 B' R2 B' R D B' R D2
32175462312323	873944	OK	R2 B R2 B' R D R2 D2 R B R'
24637512311132	740431	OK	R D R B2 R B R2 B' D' B2 R
24563712121232	650665	OK	R B R' D2 B' R' D2 B R D2 R2
13276451113211	725378	OK	R B' R2 B' R D R2 D R' D2 R'
23756413322312	706197	OK	R B D' B' D B' R2 D2 R B' R
31265741233331	770065	OK	R D R D' B D' R B2 R B R
16475233132313	684678	OK	R B2 R2 D2 B' R2 B' R' D R' B'
24716532323231	728365	OK	R B' R2 B' D B R2 B R' D2 R'
56123473222112	691315	OK	R B R' D R' D' B R B' D B2
56743213331333	760821	OK	R D R2 D2 R' B' R2 D R2 D' B2
46127351131313	636202	OK	R B R2 B R' D R D2 R D R'
56123473223312	687923	OK	R B R' D R D2 R B' R2 D2 B
13276451233133	716870	OK	R B' R B R' B2 D2 B R' B2 R'
23756413222112	700664	OK	R B D' R B2 R2 D' R D' B' R
52167433133333	769029	OK	R D B2 D2 B R D R' D2 R' B
65147321232113	723393	OK	R B' D R2 B' R B D' R D2 R2
41576322212222	651738	OK	R B D B' D2 B R' D B R' B2
13276541213312	895863	OK	R2 B D' R2 B' D R B' D R2 B2
51472361131313	671922	OK	R B2 R B R' B D' R2 D' B D'
62174351122133	636587	OK	R B R2 D2 B R2 B R D' B D'
31275463311122	723006	OK	R B2 D' B D R D2 R2 B' R B
24563711121212	643727	OK	R B R' B2 D' R' B2 D B D2 B2
56341273121213	772356	OK	R D B2 D2 B R B R' D2 R' B
57236141323232	879499	OK	R2 B D R' B2 R D' B R D2 B2
23475162121112	636030	OK	R B R2 B R2 B' D R' B' D2 R2
42136752131312	653481	OK	R B D R' B D' R D' R D2 B
73615241113322	722469	OK	R B' R D2 B2 R2 D B' R B' R
51732643121213	670495	OK	R B D' R B' D' R D2 R D R'
72164353131113	675746	OK	R B2 R D R' B D' B2 D' B R'
46123573232123	837390	OK	R D' B2 R D' R D' B' R' D R2
53724612121112	661008	OK	R B D' R B R2 D2 B' R2 B2 D'
14763252322121	687669	OK	R B R' B' R B2 D' R B' R' D
21346752313322	751722	OK	R D R2 B2 D R' D' R' B2 R2 D'
34516722313223	799878	OK	R D2 R D B2 D' B' D2 R B R
14567231312213	750050	OK	R D R' D' B D2 B D' R' B R
43216573212332	889183	OK	R2 B R2 B2 D B' D' B R2 D B
13576241312213	682319	OK	R B2 R2 D' B D' B2 D' R' D R'
21376541122211	747008	OK	R D R D' R B' R B2 R' D2 B'
17435622211133	716173	OK	R B2 D' B R D R2 D2 B' R D
36152741231312	747056	OK	R B' D' R D2 B' R D' B' D2 B'
17425631322332	862724	OK	R2 B R D2 B R' D R2 D R' B2
36714521232113	781456	OK	R D B' D2 R D' B' D' B2 D2 R
24351671212211	776638	OK	R D B' R' D' B D2 R' B D2 B'
45613272233111	677891	OK	R B2 R2 D' R D' B2 D' R' B R'
76342513322111	877391	OK	R2 B R' B2 D' B D R' D B2 R2
56123471223221	665988	OK	R B R B2 D2 B' R' B2 D' R' B
14673251111111	697571	OK	R B' D' R D2 B' D B R B' R2
37614521111111	689296	OK	R B' D R2 D' R2 B D' R' D' R
71462533111223	827653	OK	R D2 B' D R2 D2 R' D R2 B' R2
47126351233232	768965	OK	R D R' B R D' B2 R D' B D'
61734523222331	884902	OK	R2 B R B' R D B2 D2 R' B' D
31754621331122	863204	OK	R2 B R2 B D2 R B D' B D' B'
53761242121211	630137	OK	R B R B2 R2 B' D2 R B D B2
14763253221221	688410	OK	R B R' B R' D B2 R2 D2 B R'
41735261323313	834318	OK	R D' R D' R2 D' R' B' D B2 R
64275133231112	719846	OK	R B2 D' B2 D R2 B' R D2 R2 D'
76312543322222	822612	OK	R D2 B' R D2 R2 D' R D2 B' R2
71435263211123	674379	OK	R B2 R B' R B' R B' D' B2 D2
13265742131312	744547	OK	R D R B2 D2 R B' D R' B D'
51642731113322	784216	OK	R D B2 D2 R' D B' R' B R2 D'
31246753312211	800981	OK	R D2 R D R2 D' B' R2 D B R
41726532312233	678816	OK	R B2 R2 D' B R' B2 R' B' D R'
36714522121322	785268	OK	R D B' D2 B' D R D R2 D2 R
12367541112212	726153	OK	R B' D' R2 D B' R2 D B2 D' B2
56721432312233	734278	OK	R D R B' R' D R' D' R B2 R
72165432111122	783085	OK	R D2 R' B2 R B' R' B D2 R D2
34617252111212	630091	OK	R B R D2 R B D B2 R' B R'
21357462311111	726648	OK	R B' R2 D2 R B D2 B R D' R
63751242221321	750952	OK	R B' D B R' B2 D2 B D' B2 D'
24615731122313	714567	OK	R B2 D' B2 D B2 R' B D2 B2 D'
56123472331331	670049	OK	R B R2 B2 R D R2 D2 R' B2 D
52147633111112	788201	OK	R D2 R' D B D B' D R' D2 B
16543272331331	678285	OK	R B R2 B2 R' B D2 R B2 R2 B'
15246371331332	700354	OK	R B D' B R' B2 D R' B D B2
21345671111111	703904	OK	R B' D2 R' B R' B' R D2 R B
52463713212332	883622	OK	R2 B R2 B' R2 D B' R2 B R B'
12347652123332	787429	OK	R D2 R' D2 R B' D' R D2 B D2
37624512121322	779879	OK	R D B' R2 B' R B D B2 D2 B
47123562232133	774666	OK	R D B D2 R' B' R2 B R D2 R
53761242321212	628181	OK	R B R B2 R B R B2 D' R B'
72543612331331	666213	OK	R B R2 B2 R' B R2 D R2 D2 R
37642152213311	796803	OK	R D2 R B R2 B' R' D2 B R B
57364212213311	774163	OK	R D B' R' D' B2 R2 D' R B' D
52463173212332	891885	OK	R2 B R' B' D' R B2 D' B D2 B'
14763253132232	664769	OK	R B R B' R2 D2 R' D' B D2 R'
56147322333233	752131	OK	R D R' D' B' D R2 B' R D2 R'
14763253133132	663326	OK	R B R D2 R2 B' R D' B R D2
61452731311313	720433	OK	R B' R' D' R D' R' B2 R' D' B
54723613333313	768028	OK	R D B2 R' D' B2 D B D2 B R'
54163272233111	728380	OK	R D R B R' B2 D' B R D R
65274131111111	671830	OK	R B' R D' B2 D B2 R' D B D
32741651121311	786515	OK	R D2 R' B R D B' R D' R2 B
51324672212111	753764	OK	R D R' B' D' B R2 D' B R2 B'
14523673121312	739474	OK	R B' D' B D2 B2 D B' D' R D2
62571432321233	733668	OK	R B' D' B2 D B' R2 D B2 D' R2
56123473133231	667495	OK	R B R D2 B2 D' R' B2 D' B' R
32175461111111	670594	OK	R B' R B2 R' D B' D R2 B2 D2
34617252123212	626056	OK	R B R B R2 D2 R' D' R2 B' D2
17356242211331	867296	OK	R2 B R2 B R2 D B D' R B' R'
72543611221223	669615	OK	R B R D' R2 B2 R' B' R D2 B'
73615242223133	714120	OK	R B2 D' R D R B2 R2 D' B D
72163453131212	756048	OK	R D R2 D2 R' B' D2 R D2 R' D2
54127633131212	756257	OK	R D R2 D2 R' B' D2 R D2 R' B2
54127632131213	719163	OK	R B' D B R' D' R B R' D R2
72563411112131	788196	OK	R D2 R' D R D B' D B' R2 D
71452632222131	765680	OK	R D R' B R' D R' D2 R B2 D'
73642513223222	826904	OK	R D2 B' D B2 D2 B' R D2 B' D2
16543271223221	673887	OK	R B R B2 D2 B' D R' D' B2 R
37615423121132	684770	OK	R B2 R2 B' D B2 R' D2 R D2 B'
72345611111111	677017	OK	R B' R2 B' R' D' R D2 B D' B
74123653133231	663311	OK	R B R D2 B2 D' B R' D' R2 B
54371621113112	876982	OK	R2 B D B' D2 B R' B R B2 D2
71365423331312	682288	OK	R B2 R2 D2 B' D2 B' D' B R' B'
63725143122113	711289	OK	R B2 D' R2 D R2 B' D B2 D2 B'
54723613121312	767357	OK	R D B2 R' D' R2 D R B2 R D'
43571262122222	631725	OK	R B R D' B D' B R' D R2 B
15624732123212	713182	OK	R B' D B' R2 B D2 R D' B2 D
27615431312333	766063	OK	R D B D2 R2 B D' B R' D R'
32671453123313	689472	OK	R B2 R2 D2 B' R2 B' D' B D' B'
31765242322121	750186	OK	R B' D B' D2 R B' R D R2 D
16735242122213	635621	OK	R B R2 B2 D' R B' D' R D R'
42673512232133	769497	OK	R D B R2 B R B2 R' D' B2 R
16347253121312	730195	OK	R B' D2 B' R B R D2 R2 D B
24615732233321	736924	OK	R B' R' D B R2 B2 D2 B R' D
32567412131312	721207	OK	R B' D R' B2 D2 R D R' D B2
15724632123233	757308	OK	R D B R' D B' D B2 D' R2 B
41725362221213	710707	OK	R B2 D' R2 D B2 R' D B2 D2 B'
16273541321321	735428	OK	R B' D R D' B2 R2 B R' B2 R'
23756413223312	677222	OK	R B R' D' R B' R2 D2 R D' R
13276541322311	864761	OK	R2 B R2 B' D B R2 B2 R B D'
46275312132212	711732	OK	R B2 D' B2 D B2 R' B R2 B2 R'
12673542331133	764664	OK	R D R' D R' D B' R2 B R2 D'
42615372221213	715225	OK	R B2 D' B2 D R2 B' R B2 R2 B'
34721652222212	717109	OK	R B' D R D' R' D R B' D B2
14752631111111	689637	OK	R B' R' D' R D2 B' D2 B R' B
36547212131312	743632	OK	R D R2 D2 R D B R' B2 R' B
54367121112212	720528	OK	R B' D' R2 D B R2 D' R2 D B2
12543671111111	668561	OK	R B' R D R' D2 R' D' B' D B2
47165322132212	707536	OK	R B2 D' R2 D R2 B' D R2 D2 R'
76125343333133	666952	OK	R B2 R B2 D' B' R B' D R' B
25741361232113	701256	OK	R B' R D2 B' R D R' B D2 B2
23756411222312	666619	OK	R B R' B R2 B2 D' R B' D' R
53462711113322	757940	OK	R D R2 D2 B' R D' R' B D2 R'
32174561232113	755550	OK	R D R' D2 B R' B' R' D2 R2 B
56243713121333	637140	OK	R B R2 D B D2 R' D B2 D2 R
16547321113331	685897	OK	R B2 D' R2 D B D2 R2 B' D' R2
73615243332311	679675	OK	R B2 R2 B' R D2 B' D2 B D2 R'
25736141111123	746227	OK	R D R' D' B' D2 R2 B' R D' R
47165321232113	657070	OK	R B D' R2 B2 R B R D' B2 R
36547212122222	746282	OK	R D R2 D2 R D R B' R2 B' R
72134562312212	691898	OK	R B2 D' R2 B D' R B' D B' D
12354762121211	711064	OK	R B' D R' D2 R D2 B D' B2 D
74325613121312	709836	OK	R B' R' B D2 B2 D R' B' R D2
23165741231312	701914	OK	R B2 D' R2 D B2 R' D R2 D2 R'
51726433123313	668110	OK	R B D2 B2 D' R B2 D' R2 D B
37651422312311	792871	OK	R D2 R' B D R D' R2 B D' B'
52741362313223	773844	OK	R D B' D' B' R2 D2 B' R B' D
67215343333133	641983	OK	R B R2 B D2 B' D R' D' B2 R2
53421671321111	856488	OK	R2 B R D' B2 D B' D R B2 D2
74136522322121	670914	OK	R B R' D B2 R D' R2 D' R B'
56143273332323	782136	OK	R D2 R' B D B D' B R' D2 B
61274351313131	640559	OK	R B D2 R B R2 D' B D2 B2 R
37415622333221	794792	OK	R D2 R' D B R D' R2 B D' R'
47251632131312	638816	OK	R B R' B R' D' B R2 B D R'
73615423213211	797879	OK	R D2 R' D R B D' R2 B R' B'
16542372112331	814916	OK	R D' R D R2 D2 B2 R' D' R B2
51472633331312	637672	OK	R B R2 D2 B D2 B R D' R B'
54172633132313	650242	OK	R B D2 R B D2 R' B R2 B2 D
76541233333313	737519	OK	R B' D' R D2 R2 D R' B' D R2
75613243131332	794367	OK	R D2 R' B R B R' D2 B R' B'
76354122111212	685398	OK	R B' R D' R2 D R2 B D' R2 D
76342513213112	857406	OK	R2 B R B2 D R' D B2 D B' D2
42157633231322	698345	OK	R B2 D' B2 D B D2 R2 B' R' D2
23165742123131	642233	OK	R B D B2 D2 B D R D' R2 D'
13254762321233	758795	OK	R D B2 D' R' B2 D B' D R B'
15246371332331	673886	OK	R B R' B2 D2 B R D R' D' R
32167451111111	667387	OK	R B' R B R' D2 R' D' R' B D2
73615243213313	678553	OK	R B2 R2 B' R B2 D' B2 D B2 R'
74132563131221	817741	OK	R D2 B' R B2 R2 B' D R2 B' D2
56732143122113	725360	OK	R B' R' D R2 B' R B' R' B2 R'
45376121331311	768840	OK	R D B' R D2 R' D B' D B R2
46135272133313	622621	OK	R B R B' D2 B D' R B R' B2
75234162221111	765553	OK	R D B2 D' B' D2 R B' R B R'
74521633121312	742183	OK	R D R2 B' D' R2 D B R2 B D'
13765422121211	646478	OK	R B D B2 D R D B2 R' D R
36415272123212	638369	OK	R B D R2 D B D R2 B' R B
71435263333223	678735	OK	R B2 R2 B' D R2 B' D2 B D2 R'
21357642221132	684980	OK	R B2 D B2 D R B2 D' B R' B2
51723643131311	637854	OK	R B R' B D R' B2 R' D2 R D
75312463333133	630557	OK	R B R2 B' D2 B' D B R' B R2
23165742312323	729065	OK	R B' R' B R B2 R2 D2 R B' R
52167342121232	635458	OK	R B R' D B R2 D2 B' R2 B2 D'
54127633333313	733183	OK	R B' D2 B' D B R D2 R2 D B
21354761122211	737038	OK	R D R D' R B' R B2 R' D2 B
62134572321323	719602	OK	R B' R D R' B2 D2 B D' R2 D'
36721453121111	782628	OK	R D2 R2 B' D' B R' D2 R D' B2
74152363133132	653983	OK	R B R2 B' D2 B R' D2 R' D R2
54326171111231	852010	OK	R2 B R B' D2 B D' B R B2 D2
32164571111111	665981	OK	R B' R D2 R' D2 B D' B' R' B
75316241231231	755499	OK	R D R B' R B' R D2 R D R
17642531112233	758774	OK	R D B' D' B R2 B R B2 R2 D'
31257462222221	794738	OK	R D2 R2 B2 D' R' B D' R2 D B'
74152363133231	654522	OK	R B R2 B2 R' B2 D' R' B2 R' B'
13642571221223	672491	OK	R B R2 D B R2 B2 D' R' D' B2
42137561123333	671019	OK	R B2 R2 B R2 B2 D2 B' D2 B2 R
76351421112323	677732	OK	R B' R2 B D' R B2 D' B2 D R2
26714532121133	682761	OK	R B2 D R2 D R D2 B' D R' B2
35416723232213	742410	OK	R D R' D' B' D' R2 B D' B2 D
74251633111313	633707	OK	R B R' D R B' R2 B' R2 B R
26435712233321	721358	OK	R B' R D' B R2 B2 D2 B R D'
13642571223221	669133	OK	R B R2 B2 R' B2 D' R' D2 R' B'
31267542222233	665459	OK	R B2 R D R' B R2 D' R D B'
74126352333122	809094	OK	R D' R B D2 B2 R2 D' R' B R2
13246752133211	697359	OK	R B2 D' B2 R D' B D' B R' D
34716522223211	698058	OK	R B2 D' R2 B D' B R' D B' D
75431263133213	786819	OK	R D2 R2 B2 D' R' D B' R2 B R'
35714623111322	655805	OK	R B D' B2 R2 B' R' D B' D R'
54321763113113	744926	OK	R D R' B D2 B' R D' B R B2
61543271111111	694106	OK	R B' D2 R' B D R B2 R B' D
14527632333332	782827	OK	R D2 R' D2 R D' B' R D2 B R2
37624152311213	698118	OK	R B2 D' B2 R D' R B' R B' D
74152363132232	658531	OK	R B R2 D B D2 B2 R' B' D' B2
15246372331331	665551	OK	R B R2 B D B2 R D2 R2 D' B'
51624733323113	748314	OK	R B' D' B D2 R' D B' D' R2 D'
71435263333133	681239	OK	R B2 R2 B' R D2 B' D2 B R2 D'
16524731112212	729083	OK	R D R2 D' B' R2 D B' R D B'
37614252221123	688332	OK	R B2 R' D R' B' R B' R2 B R2
32657143121213	631387	OK	R B R B' D B' D R' D B2 R
41762532221333	733054	OK	R B' D R2 D' B D2 R' D2 R D2
74521633333313	744086	OK	R D R2 B' D' B2 D B R2 B R'
64357213312211	745200	OK	R D R' B' D' B2 R2 D' B R' D
67354213111313	703499	OK	R B' D R B2 D' B2 R D R2 D'
12354671111111	679349	OK	R B' R2 D' B R' B' D R2 D B
15763241111111	676154	OK	R B' R' D R2 B' D B D B' R2
42751632321233	726563	OK	R B' D' B2 D B R2 D' R2 D R2
56243173133111	704671	OK	R B' R2 B D2 B2 D R2 B D2 B'
13275643212221	677469	OK	R B2 R2 B' R B2 D' B2 D R2 B'
32567413133333	722684	OK	R B' D B' D2 R2 B D B' R B2
24571362221213	633760	OK	R B R2 B D R' B2 R' B' R2 D
76524313331222	675185	OK	R B2 R D2 R2 D B2 R' D2 R2 B
67312542221111	711205	OK	R B' R' D2 R B' R2 D R2 D' R2
12365471111111	674482	OK	R B' R2 B' D' B' D R2 B R' D
32561471211131	776854	OK	R D2 R2 B' R' B R' D2 R B' D2
36145273333313	709242	OK	R B' R' D R2 D2 R D' B' D R2
35174262231113	664358	OK	R B2 R D B' R B2 D' R D R'
41725361232113	630439	OK	R B R' B2 D2 B D R D' R2 B
43751623123313	636892	OK	R B R2 B' R2 D2 B D B' D B'
27543611111123	782504	OK	R D2 R' D2 R' D R' D2 B2 D' R
31275462312212	651210	OK	R B D2 B R' D2 R B2 R' B D'
51342672212111	703133	OK	R B' D R B2 R' B R2 D' B2 D
24571631121212	628645	OK	R B R' B R B2 D2 R' B2 R2 D'
53274163211222	671816	OK	R B2 R B2 R2 B R2 D' R2 D2 B
76325412112121	783440	OK	R D2 R' B2 R D' B' D B2 R B2
56741231131211	755849	OK	R D B2 D' R B D2 R' D' B R
35127462331331	721788	OK	R B' R D' B2 R D' B D R2 D
71435261322233	686575	OK	R B2 R' D R' B R' D R' B2 R2
73542163321133	673071	OK	R B2 R2 B D2 B2 R2 B D2 B2 R'
32146752232223	729801	OK	R D R2 B' R B2 R' B D' R' B'
41735262312233	683741	OK	R B2 D' B2 D' B R' D2 B2 R' B
34617522221333	689192	OK	R B2 R' D B' R' B R' B2 R B2
41736521233232	800915	OK	R D2 B D2 B' R D' R D' B' R
13275641112233	677873	OK	R B2 R' B D' R B' R B' R2 B2
42351671212211	683966	OK	R B' R D B2 D' R B2 D' R2 D
75264132321212	682232	OK	R B' R B' R2 B D2 R D' R2 D
56743213121312	700904	OK	R B' R2 B' R D B D2 B2 D B
31475262331313	784505	OK	R D2 R2 B2 D' B' R D' R2 D R'
21345762312323	712427	OK	R B' R B' D R2 D2 B2 D B R'
71435623333331	787916	OK	R D2 R2 B2 D' B' D B' R2 B D'
65471231132213	658295	OK	R B2 R B R' B R2 D' R B R'
76215433333133	639097	OK	R B R' D2 B D' B R B' R2 B'
73541262321212	614420	OK	R B R B2 R B R B2 D' R B
62157342132212	625127	OK	R B R2 B R D' B2 D' R' B2 D
71462531113322	767982	OK	R D B' R2 D R' D' B' D2 B2 R
73615243331312	679003	OK	R B2 R2 B' D B2 R' D2 R B2 D'
54127632222212	692602	OK	R B' R D R' D' R D B' D B2
13546271231231	800779	OK	R D2 B R2 B' D R' B R' B' R
73652413331321	684476	OK	R B2 D B2 D B R2 D' B D' R2
75146321323331	686642	OK	R B2 D2 B' R D' R2 B' R B' R2
76325411111312	773692	OK	R D2 R2 B' R' D B' D2 B D' B2
71435263311122	665090	OK	R B2 R B' D B' R D' R' B2 R2
75264313231112	691934	OK	R B2 D2 R' D' B R' B2 D2 R D
32657412111212	615238	OK	R B R D2 R B D B2 R' B R
15672433312133	646882	OK	R B D B' D B' R B' R B2 D
31275462311213	653916	OK	R B D2 B D' B2 D B2 D' B D'
21473563331312	633602	OK	R B R2 D2 B D' B D' R D' B'
73614251112323	615493	OK	R B D B2 D B' D' R D' R2 D'
43721653231313	634651	OK	R B R2 D B R2 D' R B2 R2 D
25763142223133	731604	OK	R B' D2 B R B2 D' B R2 B' R'
32174561112323	658648	OK	R B2 R' D' B R2 D' B' R B' R2
32165742211112	708415	OK	R B' D2 R D' B' R D B' R D2
16572431111111	679221	OK	R B' R' D B' D2 R' D B R D2
52743611113121	757475	OK	R D B2 D' B D R2 B' R' B R
46512372113321	622905	OK	R B R2 B' D2 R2 B R B' R D
73615243123313	680329	OK	R B2 R2 B' D R2 B' D2 B R2 D'
12765433121213	696968	OK	R B' R D' B2 R2 D R B' D B2
74521632222212	715354	OK	R B' D2 R B D2 B' D' B2 D' R'
74325163131323	626364	OK	R B R D' B2 D B' R B D' B2
37615422223133	674129	OK	R B2 R D' B D' R D' R' D2 R2
37615422313331	644567	OK	R B D B' D2 R' D R' B D' R'
34562172232313	729931	OK	R D R2 B' R D2 R' B D' B' R'
34721652131213	684906	OK	R B' R B R' D' B D B' D R2
14356721322233	754114	OK	R D B' R' D B2 D R D2 R2 B'
53762413322123	749924	OK	R D R' D B2 D' R D' B D B2
74512361322233	734152	OK	R D R' B' D B2 D B R2 B2 D'
13267541111132	665037	OK	R B2 R2 D' R B' R2 B' R' D R'
15236471111111	666471	OK	R B' R2 B' D' B' D R2 B R' D2
14723651111312	745466	OK	R D B D' R2 D R' D B' D2 R'
25137461111111	661001	OK	R B' R B R' D2 R' D' R' B D'
46257132211133	729509	OK	R B' D2 B D R2 B' D R2 D' R'
36547212221222	695772	OK	R B' R2 D2 R D R B' R2 D R
21357463213331	680460	OK	R B2 R' B R' B' R D' R2 D B2
16537421233112	767299	OK	R D2 R D R2 D2 R' B D2 R' D'
76341251111312	754171	OK	R D B' R D R D' B2 D R' B2
36145272122222	691998	OK	R B' R B' D2 R2 B D R' D R2
37615421113322	682905	OK	R B2 R' D B' R B' D R' D2 R2
34165271211131	762235	OK	R D B' D B R D' R2 D R' D2
16275341312213	680233	OK	R B2 D' R2 D' B D' B2 R2 D' R
21536742222131	672415	OK	R B2 R D2 B' D' B R' B R' D
35162742213323	627567	OK	R B R' B D R2 B2 D' R2 D B
41532761233133	654950	OK	R B D2 B2 D' R D2 B' R2 B D
25134672313211	666553	OK	R B' R B' D' B D2 B D R D'
53126471231231	793759	OK	R D2 B R2 B' D R' B R' B' R'
43572161111111	637692	OK	R B2 R' B' R' D R2 B D' B D'
76145232332213	702289	OK	R B' D2 B D' R2 B D R B' R
75246131333312	710761	OK	R B' R' B D2 R' B R' D' B2 D'
74361253112132	793608	OK	R D2 B R' B R B2 D' B R D2
25714632123131	737146	OK	R D R2 B2 D R' D B' R2 B R'
25736141233232	795574	OK	R D2 B D2 B' R D' R D' B' R'
41735622313322	624192	OK	R B R2 D2 B D2 B R D' R D
37615422211133	671890	OK	R B2 R D' R B' D R' B' D2 B2
63471522323132	791108	OK	R D2 B' R B' R' B D2 B D B
52167432131213	711805	OK	R B' D2 R B R2 B' R' D2 R' B'
14725363311113	698112	OK	R B' D R2 B' R2 B D' R B R
62174533311212	644741	OK	R B D' R2 B' R B D' R2 B2 D2
62453713311122	724369	OK	R B' D B2 R' B D B' R B2 R2
64275131212223	646102	OK	R B D2 R2 B' R' D B' D R2 D
67452313321232	648656	OK	R B2 R D2 R2 B R' B' R B' R
52743611111312	746070	OK	R D B D' R2 D R' D B' D2 R
16345273233323	774134	OK	R D2 R2 B' D' R B' D2 B R' B2
67231543323122	805601	OK	R D' R2 B D' B D' R' D' R D2
45621732212123	638774	OK	R B D2 R2 B2 R' D B' D B2 D'
36547212121313	689265	OK	R B' R D2 B' D2 B R' B D2 B'
34721653333313	699450	OK	R B' R2 B' D B D R2 D2 R B
51642371122313	685802	OK	R B2 D2 R' B' D R' B2 D2 R D
45312762221111	705185	OK	R B' R' D2 R B R2 D' B2 D R2
25413763121222	622538	OK	R B R B' R B R2 D' B D B2
24531673123121	763625	OK	R D B R2 B' D R2 B' D2 B D'
26573413331312	626393	OK	R B R2 B2 R' B D2 R' B2 R B
73625141112323	597181	OK	R B R2 B' R2 D2 B D B' D R2
35162472123233	687585	OK	R B' R2 D R' D' R B D' B D2
56741231211131	747163	OK	R D B R' D2 R D' R B' D2 R
67231541323112	826902	OK	R D' B2 R D' B R' B' D' R B2
26435712311132	609871	OK	R B R B2 R2 B R B D' B2 D'
16532471111222	642114	OK	R B2 R B2 R2 D B' R' B D' R
42516372233111	678387	OK	R B2 D' R2 D' R D' B2 R2 D' B
37246511112233	735477	OK	R D R' D' B D2 B D R2 D2 B'
34567212223232	734973	OK	R D R2 D' B R B2 D' R' D B
21354672311132	730559	OK	R D R2 B2 D B' R D' R2 D R'
21354671131313	683930	OK	R B' R2 D2 B R' D2 B D' R' D'
36147252111113	731655	OK	R D R2 D' R B R2 D' R' D R
71426533333223	671100	OK	R B2 R' D B' D B2 D2 R2 B' D'
37654212311222	645723	OK	R B D' B2 R' B R D' R2 B2 D2
56347122333233	674649	OK	R B' R B D2 B' R B2 D' B2 D
12376451111222	692648	OK	R B' D R D' B D' R2 B R D2
46721533123313	631267	OK	R B R2 B' R D' B R' D R B2
24715631111111	598537	OK	R B D B2 D2 B R D' B D' B'
75346211211311	761740	OK	R D B' R D' B D2 B2 D R' D'
32647152133121	777485	OK	R D2 R' D2 R' B D' B2 R2 B' R
56341273131212	693568	OK	R B' R2 D2 R B D R' B2 D B
41725363121222	655867	OK	R B D' R D' R B2 D B' R' B'
34165273133312	754144	OK	R D B' R2 B' R' B2 R D' R2 D2
61527431111111	660187	OK	R B' R B D2 R' D R' B D' R2
52174633223123	717765	OK	R B' R' B' R D' R' D2 R' D' R
67354213131311	683957	OK	R B' R D B2 R' D2 B D B2 D'
73564213321322	664814	OK	R B2 R B2 D' B' D R' B R' B
12376541112323	651664	OK	R B2 R' B' D R2 B' R' D B' D2
21345763332233	649300	OK	R B D2 R2 B' D' R B' D R2 D
15273641112323	649418	OK	R B2 R' B2 D2 R' B D R' B2 R
46275313121222	660461	OK	R B D' B D' R B2 D B' D' R'
21354673131113	682119	OK	R B' R2 B D B2 R' D2 B R B'
45213672221123	704087	OK	R B' R B2 R' B D2 R' B2 R D2
61534272311132	651832	OK	R B2 R' B2 R D' B R' B2 R B
16534271111111	672878	OK	R B' R2 D' B D B R2 B R' D
15724362212132	651230	OK	R B D' R' D B R' D2 B2 D R2
72534163211123	648521	OK	R B2 R D B2 D' R' B2 D B D
73642511113232	716895	OK	R B' D' B2 R D R2 D' R' B2 R'
26175432331133	665600	OK	R B2 R D2 B' D' R B' R B' D
24715631122121	713097	OK	R B' D2 B R B2 D2 R2 B R' B'
63714252123131	655042	OK	R B2 R' B2 R B' R D' B2 D B
63752141122211	690167	OK	R B' R2 D R' B' R B R' B D2
14725362211121	714952	OK	R B' D2 B D R2 B2 D2 R B' D'
15627431322113	759698	OK	R D2 R B R2 B2 R' D B2 R' D'
56347212111311	715481	OK	R B' D' B R2 B R D' B' D2 R
12563472131213	688283	OK	R B' R2 B' R' D2 R B R2 D' B'
26435713311122	655724	OK	R B D' B2 R2 B R B D' B2 R
35167242132212	621070	OK	R B R2 B R D' B2 D' R' B2 D2
51623743313321	634387	OK	R B R' D B' D' R B2 R B D'
73642511113322	741836	OK	R D R' B2 D R' B' R' B2 R2 D
34516272312332	770067	OK	R D2 R' B2 R' B D' R2 B2 R' B
16725431211131	743253	OK	R D B R' D2 R D' R B' D2 R'
74132561321231	715683	OK	R B' D' R2 B D R2 D' R' D2 R'
27614353311332	658899	OK	R B D' B R' B R' B2 D2 R' D'
27314652313211	663533	OK	R B' R B D B2 D B' D' R D'
17426531213123	743592	OK	R D R' B2 R' B R D B2 D2 B
41625731222231	660198	OK	R B D' B' D2 B' R' D2 B R2 B'
64321572111131	789867	OK	R D2 B' R B R D2 R D' B' D
12374651111222	665083	OK	R B2 D B' D' B2 R B2 R B2 R2
54671232221213	630219	OK	R B R2 B D R' B2 R' B' R2 D2
35126741232212	687210	OK	R B2 D2 B' R B' R2 D' B D' R2
14736521332121	744457	OK	R D R' D2 R' B R B D2 B2 D
67412353132121	779407	OK	R D2 R' B2 R' D B' R2 D2 R' D
24367511323112	807083	OK	R D' R2 B D' R D' R' D' B R2
12745632212213	704470	OK	R B' D2 B R' B2 D B R D' B
35126742231233	690651	OK	R B2 D2 B' D B' R2 D' R D' R2
34561721111111	637078	OK	R B2 R' D' R' D B2 R D' R D'
36745213121111	733663	OK	R D R' B D R B' D2 B R' B2
35462712322322	653350	OK	R B2 R2 B R2 B' D2 R B' D2 B2
63752412312323	755976	OK	R D B2 R2 D B' R B' R2 B D'
54723612222212	693370	OK	R B' R2 B' D' B2 D B R2 D' R'
75264132121232	648449	OK	R B2 R' D R' B' R D B2 D B2
27416533321232	698547	OK	R B' D B R' B R' B2 D R D2
12354762121112	648814	OK	R B2 R' D R2 D R B' R' D R2
65132472233321	756800	OK	R D B2 R2 D R' B R' B2 R D'
67245311133233	653103	OK	R B D' R' D2 R' D' B2 R D2 R'
54712362223322	655035	OK	R B2 R2 B D2 B D2 R' B R2 B2
12364571112212	658927	OK	R B2 D2 R D2 R D' R' B' D2 B2
31275462223211	623491	OK	R B R2 B D' R2 D R2 D' B D'
46375213112111	737096	OK	R D R' B D' B R2 B2 R B' D'
25634713321232	664714	OK	R B2 D R' B' D2 R D2 R B2 R2
25714633121333	699022	OK	R B' R' B D2 B R' D' B R2 B2
54367122211121	674562	OK	R B2 D' B' R2 B D2 R' B R D2
56213471111111	601394	OK	R B D' B2 D B2 R' D R D B'
26453172211133	699672	OK	R B' R2 B D B2 R' D R2 D' R'
62371453311311	638112	OK	R B D' B' D R B' D R2 D' R
42651733311122	691336	OK	R B' R B2 D' R D R' D B2 D2
36152742131321	651553	OK	R B2 R2 B D2 B' R2 D R' D2 R2
45367122223133	698029	OK	R B' R2 B R B2 D' B D2 B' R'
76324151112323	616372	OK	R B2 R B D' R2 B2 D R2 D' B'
13275642131333	640842	OK	R B D R' B2 D' R B' D B' D'
76145232233213	673522	OK	R B' R2 B D' B2 R D B D' R
31275462133211	620272	OK	R B R2 B R' D2 R D2 R' B D'
12576343212221	665598	OK	R B2 R' B R' D R2 D2 B2 R' D'
26135742132221	722974	OK	R B' D2 B' D' B2 D' R D B2 R2
62735143223213	725563	OK	R B' D2 B' R' B2 R' B D R2 B2
73645121113211	639312	OK	R B D2 R' B' D2 B' D' R2 B D
14723653321313	760936	OK	R D B' D2 R D B2 D R2 D2 B
64275131312123	628747	OK	R B R' D R' D B2 R D' R' D'
26714531212133	618664	OK	R B R' D B' R D' R2 D R2 B'
54167233232333	713108	OK	R B' D' R B2 R B D' B' R2 D
12346751113133	651177	OK	R B2 D R' D B D' R2 B2 D R
17463251323112	760940	OK	R D2 R B D2 B2 D' B D2 R' B'
14735621233112	742310	OK	R D B2 R' B R' D R B R' D2
14753261323112	761224	OK	R D2 R D B2 D2 B' D B2 R' B'
74561233321313	733461	OK	R D R' B2 R' B' R2 B D' R2 D2
52367142211121	642760	OK	R B2 R B' D2 R' B' R' B2 R' D
53742612323333	639331	OK	R B2 R B' R2 D' B' R' D2 R' D
12543673233323	734109	OK	R D R' D B R B' R2 B D' B2
14752363232222	685148	OK	R B' R D R B' R2 B' R2 B' D2
27415632323231	643733	OK	R B D2 R' B' R2 B' D' R2 B D
35762142222113	690551	OK	R B2 D2 B' D R' D2 B' R D' B2
54326711112212	627644	OK	R B D' B R2 D' R B' D2 R2 B
65321472111122	621705	OK	R B D B2 D' B R2 D' R2 D B'
54612372222131	631693	OK	R B D R B2 D B' D2 R2 B' R
54716232222113	651438	OK	R B D' R B' R B' R2 D2 B' R'
15367421211113	746973	OK	R D B' D2 B D' R B R2 D2 B2
65132743222331	772189	OK	R D B' D' B' R D2 B' R B2 R'
24715633131131	701777	OK	R B' D B2 R' B2 R B' D B R
76354121121212	643064	OK	R B2 R' B R2 B D R' B' D B2
14762351321231	705948	OK	R B' D' R2 B D' B' D B' R2 B'
32156471111111	610242	OK	R B D' B D' B D2 B2 D R' B'
63751423122311	642130	OK	R B D' R B' R B' D2 B D2 R'
46372511221331	677817	OK	R B2 R' B D' R' B R' D2 R D2
72541633121111	727322	OK	R D R D' R2 D B' D B' D2 R
45621373123331	633321	OK	R B R' D' R2 D' R' B2 D B2 D'
76213543213133	673106	OK	R B2 D R2 D B R2 D' B R' D2
46275311123222	617150	OK	R B R2 D2 B' D' R D' R D2 R
57264132111323	651007	OK	R B2 R2 B R2 B R2 D' R B2 R2
56124371232323	725218	OK	R D R' B' R D' B D2 R2 B' R
32475163331222	624273	OK	R B R' B2 D2 B R' B2 R' B2 R2
64531273123121	730661	OK	R D R B' D B' D R2 D' B2 R'
24315761122322	692402	OK	R B' R2 B' D' B2 D' B R B2 D2
25736411133113	696980	OK	R B' D B D2 R' B2 D R B2 R'
45621732233333	615786	OK	R B R2 D2 B2 D' B R' D B2 D'
65213741111111	600209	OK	R B D' R2 D B' R D' R2 D2 B2
56174232323333	692370	OK	R B' D B R2 D2 B R B2 R2 D'
34172562313331	644377	OK	R B2 R B' R B' D' R2 D' R2 B2
74321653233323	718387	OK	R D R B' D2 B R' D B' R2 D
41673521111111	600438	OK	R B D' R2 D B' R D' B2 R2 D2
37614522313322	694611	OK	R B' D2 R2 B' R B' R2 D R' D2
25367411211122	628316	OK	R B D2 B2 R B' R B' R D R2
56743212122222	651657	OK	R B2 R2 D' B R' B' D R2 B' D'
37612542221111	661928	OK	R B2 D2 R B2 R B' D' R' D2 R2
46572311223122	709674	OK	R B' D B' R2 B' R' B' D R2 B
15642373231223	677831	OK	R B' R B R B' D2 B' D2 B' D2
26415732233321	734756	OK	R D R' B2 R' B' R' D R2 B D'
63714521112323	610193	OK	R B D2 R' D' R' B R' B R' B2
47156321133311	679416	OK	R B' R D2 R D R B' D R2 D'
41762533123331	657781	OK	R B2 R B D' R B2 D' B R D'
51624731312123	650153	OK	R B2 R2 B R2 B' R2 D B' R2 B2
52167433331333	681286	OK	R B' R B2 D' B2 D R' B D2 B'
31462751111111	609551	OK	R B D' R2 D B' R D B2 R2 D'
45327612222323	635209	OK	R B D2 R2 B2 R' B D' B' R B
16742352232313	632411	OK	R B D2 B' R2 B R' B D R' D2
23175463211222	632271	OK	R B R' D2 B2 D B' D2 B' R2 B2
54723612221222	652753	OK	R B2 R' D B' R2 B R2 D' R D'
23165473233221	737197	OK	R D R' D2 R B D' B D' R B2
63725141233121	622485	OK	R B R' B D' B D2 R B' D' B'
34125673133333	652220	OK	R B2 R' D2 B D R2 D2 R' D' R2
27534612311132	625714	OK	R B D2 B' R B2 D' R' B2 R B'
72163453121213	653393	OK	R B2 R2 D' B D' B' D R2 B' D'
12376451113133	646413	OK	R B2 D B2 D' B R' D B' D' R
41725363121231	625301	OK	R B R2 D2 B' R' B D' B R2 B
31264752313121	644561	OK	R B2 R B' D B' D' R2 D' B2 R2
13267451122211	680083	OK	R B' R2 D B2 D' B' D2 R2 B R'
51742632323333	664248	OK	R B2 D' R' D2 R D2 B' R B D2
54261732231233	634539	OK	R B R' D B' R D' B2 R2 D' B'
34165271112212	700671	OK	R B' D2 B' R B2 D2 R D' B2 R
65132473111331	684832	OK	R B' R2 B R B2 D' B2 R B R'
61453721111111	600860	OK	R B D' R2 D B' R D B2 R2 D2
65132471231321	704827	OK	R B' D2 R D2 R' B R' D2 R' B
17425631323112	742398	OK	R D B2 R' B D' B D B R' B2
74561233233323	717493	OK	R D R B' D2 B R' D B' R2 D'
24765313222112	660403	OK	R B D' R B' D R2 D R' D R2
72531463321232	680028	OK	R B' R2 D B2 D' R2 D' B' D B2
35614722321233	661210	OK	R B2 D2 R D2 R B' R' B' D2 B2
37615422313121	611257	OK	R B R B' D2 R' B R' B D' B'
52361472131312	648506	OK	R B2 R2 D' R D' B' R D2 B' D'
13675241112323	612608	OK	R B D2 R2 B2 R' B' D' R D2 B'
74125633121111	725259	OK	R D R D' R2 D B' D B' D2 R'
12354763211123	678330	OK	R B2 D' B R' D R2 D R D' R2
12375461111222	641887	OK	R B2 R' D R2 B' R D R D' B2
76253413322312	665682	OK	R B2 R D2 R2 D B2 R D2 R2 B
12745632232211	675313	OK	R B' R2 B R' B2 D B D R' B
52167432121313	652134	OK	R B2 R' D R' B2 R B2 D' R D'
47156321111111	595705	OK	R B D R' B R' D B2 D2 B D'
17452633213232	647127	OK	R B D' B2 R2 B D' B2 D' B2 D2
56347213111211	685978	OK	R B' R' B R2 B D B' D' B2 R
36417522123311	618463	OK	R B R' B2 D' R B D' B2 R2 D2
21364752311111	618567	OK	R B R2 D' B' R2 B' D' B2 R D
36745212122312	708765	OK	R B' D' B D' B' D B2 R' D2 R
75346212323333	678144	OK	R B' R2 B R B2 D2 R2 B R' D'
14625732113321	674136	OK	R B' R D' R2 D B' D B D2 R'
71234563231322	661133	OK	R B2 D B' R D B' R2 D2 B D
43167251232212	623622	OK	R B R' B R' B D' R2 B2 D' R'
14567231321123	736224	OK	R D R' B' D B2 D B' R' B R
37624511232233	695687	OK	R B' R' B2 R' B' D2 B D B2 R'
74125633133312	733800	OK	R D R' D2 R' B' R2 B R' D2 R2
51324761111123	623264	OK	R B R' D R B2 D2 R' D2 R D
64231572311132	611746	OK	R B D R2 B' R' D2 R B R2 B
31276452313313	703700	OK	R B' D R' B R2 D R' B' D' B2
64357212313211	597575	OK	R B D B2 D R2 D B' R2 D2 B'
32174561232233	700147	OK	R B' R' D2 R' D' R2 D B D2 R'
65172431132333	638106	OK	R B2 R B R2 B D' R' B2 D2 R'
24715363311332	627253	OK	R B R' D' B R' D2 B2 R' B' D2
25641371213132	624086	OK	R B D2 R2 B2 R' B D' B D2 B'
74321563311131	625605	OK	R B D2 R' D2 R D2 B' D B D'
71563243221221	661627	OK	R B D' B2 R D' R D R' B2 R'
12345761111111	587684	OK	R B R' D2 B' D R' D' B D2 B
46275312232133	636408	OK	R B D R2 D2 R B R B' D2 B'
62135473123121	722561	OK	R D R B' D B' D R2 D' B2 R
12365472321233	697986	OK	R B' D2 B' D B2 R2 D R' D2 B
75261432123233	676618	OK	R B' R2 D B2 D' R' B2 D2 R B'
25716431212223	635381	OK	R B D' B D' R2 D R B2 D' R
17425631322113	720773	OK	R D R2 B' R B' D R D R' D2
47156231332313	713224	OK	R B' D' R D2 R D' B' D B2 D2
24615733311122	630812	OK	R B R' D2 B2 D R D R' B2 D
75346122133133	624435	OK	R B R' D' R B R' D2 B2 D B2
37256142321233	626502	OK	R B D' R B2 D' R B' R2 D2 B
56721343123331	621073	OK	R B R2 B2 R' B R2 D' B2 D B
24351761212232	644786	OK	R B D' B' R B' D2 R2 B' D' B2
12357461111222	674481	OK	R B' R2 D B2 D' B2 D' R' D R2
52743613121111	698167	OK	R B' D B R2 D' B R' B R2 B'
32756141233121	650059	OK	R B2 R2 B D2 B R2 D' B D2 B2
46512371331221	643176	OK	R B D' R2 B2 R D' B2 D' B2 D2
71435262222122	618645	OK	R B R D' B2 R' B R' D R' D'
23176453332233	637033	OK	R B D' R D' R2 D B R2 D' R
32475161232323	623492	OK	R B R2 D2 B R2 B R D' B R
43576211123222	639048	OK	R B2 R D B2 D R' D' B2 R2 D'
15672341113232	703723	OK	R B' D' B2 R D' B' R B' R2 B'
37642513122221	664044	OK	R B2 R' B D' B D2 B2 R2 D' R'
52341672323222	685436	OK	R B' R' D R' B' D R B2 R2 B
76541233331333	627006	OK	R B D2 B2 D' B' R2 D B2 D' B2
16345273122323	697053	OK	R B' D B' D2 R B D2 R' B R'
47152631322131	648856	OK	R B2 R2 B' R B' R D2 R D R2
54716321112323	614057	OK	R B D' B2 D B' R B D2 R2 B'
35172461232323	623486	OK	R B R2 D' B' D2 B' R' B2 D B
67412531131133	617180	OK	R B D2 B2 R B' R' B D2 R D
12637451132111	721469	OK	R D R' D2 R B' D B R2 D2 B2
14536273311311	624360	OK	R B D2 B2 R D' B' D B2 R B
21365742312323	730986	OK	R D R' B R2 D R' B' D' B2 D'
74653213133222	649014	OK	R B D' R2 B D' R D B' R2 B'
54317621111222	609137	OK	R B D R' D2 B2 R D' R' B D2
12765433331333	623977	OK	R B D2 B2 D' B' R2 D B2 D' R2
13247563212131	616683	OK	R B R' B2 D2 B' D' B D' R D'
23165471111111	586606	OK	R B R' D R' B R2 B2 R D' B'
41756233121231	643982	OK	R B2 R B D2 B R' D' R2 B2 D'
73654211111132	611317	OK	R B R2 B' R2 D2 B D B' D R
36147251211131	693370	OK	R B' D R D2 B' D R' D R2 D'
52741362313211	595243	OK	R B D R2 D B2 D R' D2 B2 R'
54621372211121	672674	OK	R B' R D R2 B2 D R B2 R2 D'
71362453113311	608826	OK	R B R' D' R D R' B R2 B' R
53721463223312	659049	OK	R B2 R B2 R2 B R2 D R2 D2 B
67345213111133	651862	OK	R B2 D2 R2 B' R D' R D2 B' R
76154323333112	676592	OK	R B2 D2 R' B' R D' B2 R2 D R
15637423211123	604693	OK	R B R2 B' D B' D R2 D' R2 D
14327653121213	653863	OK	R B2 R' D2 B D B2 D2 B' R' D2
31247651323232	697747	OK	R B' D2 B D' B D2 R' B2 R B2
56274132331133	610539	OK	R B R D B2 R D' B2 R2 D' B
54712361323313	676255	OK	R B2 D2 R' D' R D' B2 R2 D B
21375463333211	684678	OK	R B' R D' R2 D' B' R' D B2 R
23147651112323	600076	OK	R B D B2 R2 D B' D' R B2 D2
45367213111133	651057	OK	R B2 D2 R2 B D B' R2 D R' D
24763151111111	574400	OK	R B R' B2 R D' R D' B2 D2 R2
12357462211112	662791	OK	R B' R B R2 B2 D2 R' D' R D2
26513471122121	639014	OK	R B2 R D' B2 R' B' R' D2 R' B
46157321331233	641607	OK	R B D' R' B R' D2 B2 R' D' R2
75132463233233	613792	OK	R B R2 D2 B' R D' R' B2 D2 R
16753241221112	626807	OK	R B D' R B' D2 B R' B' R' D'
53762143222331	654545	OK	R B D' B' D B R' B2 D2 B D2
67342512222113	621090	OK	R B R' B R B' D2 R D' B R'
73645122222311	638268	OK	R B D B D R' D2 B D2 B R2
15724631111111	568235	OK	R B R D2 R2 D R B' D R' B'
16423572112121	625938	OK	R B D2 B2 R D' B D' R B R2
41725633211111	697500	OK	R B' D B' D2 B R2 D' R D B
34125672131312	645412	OK	R B2 R' B2 D B D2 B2 D' R' D2
13267541232212	609800	OK	R B R D' B R' D B2 D R D
37641252222323	656762	OK	R B2 D2 R B2 R B' D' R' D2 R'
16534273211111	695177	OK	R B' D2 B' D B2 D R2 B D B2
32761452122222	648833	OK	R B2 R' B2 D B R2 B2 R' B' D2
54276132233312	652792	OK	R B2 R' B R' B2 D' B R' D2 R2
17426531313131	627818	OK	R B2 R D B' R B D B2 R D2
21345762313223	635935	OK	R B D2 R' B R D2 B2 R D' R'
74532163123223	664650	OK	R B2 R' D R' D B2 D2 R2 B' R'
72513641233322	670620	OK	R B' R2 B R' D B2 R' D2 R D2
12563473131212	644156	OK	R B2 R' B R' B2 R D2 B' R D'
34517622231323	653090	OK	R B2 D2 R D2 R B' R' B' D2 B'
26135742332312	689515	OK	R B' R2 B' R' D2 R' B D B2 R2
57123461111111	577392	OK	R B R' D2 R B2 D' R D R B'
54612733322213	659570	OK	R B2 R' D R' B2 D' R B' D2 B2
52341672211112	656330	OK	R B2 D' R2 D' B D' B' D2 B R2
63741522123131	594257	OK	R B R D2 R B R2 B' R' D2 B
36521472113321	614824	OK	R B D2 R B2 D' B' R' D2 R' B'
54376211113133	644219	OK	R B2 D B2 D' B R' D B' D' R'
23157461231333	615959	OK	R B R' D2 B' R D R' B2 D2 R2
25163741112323	593931	OK	R B R2 B2 D2 R' B' D R' B R2
64275133312211	642795	OK	R B D2 R' B D B2 R2 D R' B'
23164573213133	605614	OK	R B R B2 R D' R D' R B R
17426531121212	629395	OK	R B2 R D B2 R' B2 D R D B'
51426731111111	590195	OK	R B D R2 D R' B' D R' B2 R2
34175263321232	641158	OK	R B2 R' B D2 R' B D B D' R2
17324561211323	752445	OK	R D2 R B' D B R2 D' R B R2
76543211212112	691882	OK	R B' D B2 R B2 R' B D' B2 D2
34275162213221	682133	OK	R B' R B' R2 B' R' D' R D2 B
47126532133133	639893	OK	R B D' R2 B2 R' B' D B' D B'
14735621323112	718284	OK	R D R2 B' R D' B R D R' B2
65241371111111	602916	OK	R B2 R B' D R D2 B' R D R2
37614522113321	675906	OK	R B' R2 D2 B' D B' D2 R B' D2
72163453133333	648695	OK	R B2 R2 D' R B' R' D R2 B' R'
67341252222323	621733	OK	R B D2 R2 B' R B R' B R2 D
71463523331222	634473	OK	R B D2 R2 B' R B' D' B2 R2 D
26543171111111	573728	OK	R B R' B2 R D' R D R2 B2 D2
25736411331113	666912	OK	R B' R B D2 R' D2 B R D2 R'
35426713111313	629184	OK	R B2 R B2 R2 D B' R B2 R D2
74561232221111	676161	OK	R B' R2 B' R D2 B2 R B' D2 R
32465173233221	721436	OK	R D R D' R D' B' R2 D2 B' R
64321572311132	658161	OK	R B' R2 B D R2 B2 D R B R2
54371261113331	591053	OK	R B R2 B2 D B' D2 R D R2 B2
32751643321232	614988	OK	R B D B' R2 D2 B R' D' R D2
76354123313333	643564	OK	R B2 R2 D B' D B' R2 B D2 R2
57364212313211	571675	OK	R B R D2 R B2 R B' R2 D2 B'
65132471323121	714775	OK	R B' D' B D2 B R' B' R D2 R2
67321453113311	640202	OK	R B2 R' D' R' D B2 D B2 D' R2
52341671122211	659782	OK	R B2 D' R2 D' R D' B' R2 B R2
41723562313211	594206	OK	R B R' B R2 D R' D' B' D2 B'
47165322232133	613941	OK	R B R D2 R2 D B R B' R2 B'
63471522123131	675419	OK	R B' R' B' R D2 R' D2 R' D R
36527412211322	658381	OK	R B2 D' B' R D' R B2 D' B R'
42613572313211	593762	OK	R B R' B2 R' D' B' R D2 B R'
65271432231233	606533	OK	R B R B' D R' D R2 D B D
23174652123131	597655	OK	R B R2 B' R D2 B' R' D2 R B'
45367211211122	649073	OK	R B2 D2 R2 B D' B R2 D' B D'
16745232121313	630063	OK	R B2 R B' D B2 D' B2 R D' B'
75416323232213	603240	OK	R B R2 B' D2 B D' B R B' D2
71462532121112	624797	OK	R B2 R B R2 D' B2 R D B R'
76345122311111	651258	OK	R B2 D2 R2 D R D B' R D' R2
47156233233113	694764	OK	R B' R' D R2 D R' B' D B2 D2
63742511232221	610355	OK	R B R2 D2 B' D B' R' D2 B2 R
27456133132223	611712	OK	R B R' B' D B R2 D2 B2 D' B
76354212313322	665524	OK	R B' R B2 D' B' D B' R2 B D'
47632153212311	698031	OK	R B' D2 B' R B2 R B2 D B R2
14325673311131	656847	OK	R B2 D' R' D B2 D B D2 R2 D
31257643311122	629692	OK	R B D2 B' D B' R B2 R' D2 R
74132562121121	654980	OK	R B2 D B2 D R B D R2 D B'
76143253131212	633265	OK	R B2 R D' R B2 R' D2 B D' B'
45673213211222	636052	OK	R B D2 R2 B' D B' D' B2 R2 D
35462173131311	633688	OK	R B2 R D2 R2 B D' B R2 B D2
73652413211312	614566	OK	R B R' B R' B D' B2 D B2 R'
36547213331333	646885	OK	R B2 R' B D' R2 D B2 R' D R'
54612732112223	653375	OK	R B2 R' B D' R2 B' D B' D2 B2
72146352232223	601283	OK	R B R2 B' R2 B R' D R B' D2
75241632222323	628286	OK	R B D2 B2 R B' R2 D B D2 R2
31265471122133	639976	OK	R B2 D R' B D R2 B' R D' R'
14725361111111	568361	OK	R B R B' D R' D B2 D2 B D'
21354672311123	701913	OK	R B' D2 R D2 R' D B' D2 B' D
51724362122222	629888	OK	R B D' B2 D B R2 B R' B' D
47652132231323	605016	OK	R B R2 D2 B2 D' R D' R' D B
26153471122121	666248	OK	R B2 D' R' B2 R D2 B' D R B2
53642171111111	581816	OK	R B R' B2 R D' R D R2 B2 D'
12347651122112	683417	OK	R B' D R2 B R2 B' D B' D2 B2
16723451122133	600554	OK	R B R' D2 B2 R' D B' D' R B2
56432713122122	658224	OK	R B2 R' D B' R2 D' R B' R2 B2
35476122221111	605788	OK	R B R' D B2 R' B R' B2 D2 R
36527412131222	679210	OK	R B' R' D R' B' R D2 B' D2 B
51324763113332	622193	OK	R B R' B' D B D' B2 R2 B R2
52376413222223	616856	OK	R B R' D' R B D2 R2 B2 R' B
76354121313131	595707	OK	R B D R B D' R' B D2 R' D
34167252213323	606867	OK	R B R' D' R B D2 R2 B2 D R
56347212123233	656180	OK	R B2 D' R B2 R' B' R B' D2 B2
67354121111111	564108	OK	R B R B2 R B R2 B R B R'
76345122211121	633048	OK	R B2 R2 B' R' D B2 R' D B D2
16574231113133	598086	OK	R B R2 D2 B2 D' B R' D' R D
53476121323322	714328	OK	R D R2 D2 B' R B2 R' D B2 D'
37614523232213	667361	OK	R B' R D' B R D' B R B' D'
12376542121232	625363	OK	R B2 R B D2 R' B2 D B R B'
73645211231111	684012	OK	R B' D R2 D' R D' B R2 D2 B2
41563273113311	599853	OK	R B R2 B2 D R' D' B D2 R B
46123571111111	573001	OK	R B R' B2 R D' R D' R2 B2 D2
76341253221212	680560	OK	R B' R' B D' R' B D2 R' B2 R
76312453311311	634759	OK	R B2 R' B' R' D R2 D R2 D' R2
65174232323312	640160	OK	R B2 R' B D2 R' B' D' B2 R D
41657321222312	625874	OK	R B R' B R' D B2 D R' D B2
36745212123323	656139	OK	R B2 D' R' D B' R B2 D' R B'
34516271111111	588755	OK	R B D B' D2 B' D' R' B R2 D'
32561471113133	660292	OK	R B' R B' D2 R D R2 B' R B'
72541631111312	660760	OK	R B' R B R2 D' R D' B D2 B'
17426531132312	672023	OK	R B2 D' B R2 B2 R' B D2 R' B2
16543721111111	582483	OK	R B D R2 D R' B' D R' B2 D
13254763323122	726183	OK	R D R' B' D' B' R2 D R' D2 R
76143252221222	628318	OK	R B2 R B' R B2 R' D2 B D' R'
63472512123332	588010	OK	R B R B2 R' D B2 R' B2 R B'
76213543311332	637772	OK	R B D' B R' B R' D2 R B2 D'
14726532232313	642736	OK	R B2 D B D2 R2 B D' B D2 B'
12357461113331	647839	OK	R B2 D2 R D2 R D' R' B' D2 B'
63142571111111	578080	OK	R B R' D' B R2 B R B' R2 B2
36714523132223	632108	OK	R B2 R B' D2 R B D2 R' B' D
13245671321111	722607	OK	R D R' B D2 R D' R' B' D2 B'
35461271111231	695305	OK	R B' D2 B R' D R2 B' D2 B R2
16523741112212	590088	OK	R B R D2 R2 B' R D2 R' D2 R2
13246572321332	648333	OK	R B2 D R2 D R D B R2 B R'
24615732213311	621512	OK	R B R2 D' B R D2 B2 R B' R'
25741632222323	648336	OK	R B2 D B2 D' R D' R B' R' D'
67354212111221	640708	OK	R B2 R' B R2 D' B' R' D2 B D
31264572122213	623490	OK	R B D' R2 D' B D B R2 B2 R
14573261333111	613743	OK	R B D2 R D' B R2 B2 D' R' B
36145272131312	619191	OK	R B D2 R' D B R B2 R2 D' B
65174233323212	646208	OK	R B2 R' D B2 R' B' D' R2 B D
71462533221113	674868	OK	R B2 D' B D2 B2 D' R D2 B' R2
76354123211123	634773	OK	R B2 R D B2 D' R' B2 D B D'
12765432121313	623287	OK	R B D2 B2 D' B' D2 R B2 R' D2
17364251231231	680011	OK	R B2 D' B2 D R D2 B2 R' B' R2
47321651311133	583854	OK	R B R B R2 D' B2 D R2 B' D'
15426371111111	586328	OK	R B D R2 D R' B' D R' D2 B2
14523672121313	622572	OK	R B D2 B2 D' B' D2 R B2 R' B2
27134561131133	597307	OK	R B R' B' D R D' R D2 R' B
13462571111111	586982	OK	R B D R2 D R' B' D' B2 D2 R
47156233211132	686757	OK	R B' R2 D R2 D' R B' D2 B' R
14762351221331	721711	OK	R D R2 D' R' B2 D B' R B D'
72165432211112	633076	OK	R B2 R' D2 R D' R' D B2 R D2
37624513131323	603648	OK	R B D R B2 D2 R2 D B2 D' B2
45321671212211	615589	OK	R B D' B' D' R D2 B' D R2 D'
54362171113133	580777	OK	R B R B D' B2 D R' B R' D'
45612371133221	724821	OK	R D R' B2 R B R' B D' B D2
34172562132332	644260	OK	R B2 R D' B D' B' R2 B' R2 D2
46523711331332	613430	OK	R B R2 B' D B' D R' B D B2
72345613333331	702166	OK	R B' D' R D' B' R B2 D' B2 D
36147251131211	647749	OK	R B2 D2 R' B R B2 R2 D B D
47265312131312	611375	OK	R B D B2 D' B' R2 D B' R' D'
45321671221121	663985	OK	R B' R B R2 D2 B R D2 R2 B'
24516732233111	606282	OK	R B D R2 D R' B' D R' B2 R'
52314761322122	642965	OK	R B2 R2 B D2 B' D2 R D' R2 D2
63741252222323	653419	OK	R B2 D B2 D' R D' R B' R' D
65271341332331	619286	OK	R B R2 D2 B R' B D' B R' B'
16524731112233	675929	OK	R B' R' B2 D B' D' R D' R2 D'
74561233111112	656912	OK	R B2 D' R' B2 D B D2 B2 D' R'
74325613133333	618353	OK	R B D2 R' D R B R2 B2 D' B
32164572232223	662887	OK	R B' R B' D R D' B D B' D'
73125463133132	620974	OK	R B R' B2 D B' R B D' B2 D'
12375641113112	717584	OK	R D R' B2 R' D' R' D B2 R D'
15624732133313	612866	OK	R B D2 R2 B R' B D R' B2 R'
14765231111312	665013	OK	R B' R D R' B2 D B2 D B' R
31264752132122	645795	OK	R B2 R D' R B' R' B2 R' B2 D2
26135742213323	600264	OK	R B R' B D R2 B' D R B2 R'
14625731131121	701715	OK	R B' D' B' D R2 B' R2 B R' D
76514321112323	594176	OK	R B D B2 D B' D' R D' R2 D2
51724363121213	627268	OK	R B D' R2 D B R2 B D' B' D
35462171212121	605611	OK	R B D B2 R' B2 D B R2 B R'
26715433231322	620282	OK	R B D' R B D2 B2 D' B' D2 R
76341251112131	660102	OK	R B2 D' B' R2 D B D2 B2 D' R'
45673212212132	617340	OK	R B R' D2 B2 D' R' D B' R B'
25714632223331	686327	OK	R B' R2 D R2 D' B R' D2 R' D
32156742313223	671545	OK	R B2 D' B D' R D2 R D R' D2
32164572232313	665802	OK	R B' R D' R B2 D' R' B D2 B'
24536713231232	611759	OK	R B R D2 B D2 B2 D R' B2 D2
71432561232323	657861	OK	R B' R B2 R' D2 B R' D' B' R
31456722111221	608439	OK	R B D R B' D2 R2 D' B2 R' B
76345123311113	630608	OK	R B2 R2 B' R D' R2 B R' B' D2
32546713323212	612801	OK	R B D B D' R2 B2 R' B2 D' B
75264311223122	646161	OK	R B2 R2 B R2 B D2 R' D B2 D2
13527461211113	692527	OK	R B' D' B D2 R' B D R D' R2
36721452122213	651913	OK	R B2 D2 B R B2 R D R2 D' R
43675211221331	621279	OK	R B D R B D' R2 B R2 B D2
36721452121322	660287	OK	R B2 D' B R D' B R' D2 R' B
34725611212211	651915	OK	R B2 D2 B D2 B R' D R2 D' R
67354211212121	591778	OK	R B R' B2 R D' B2 R D B D2
36125473232222	664947	OK	R B2 D' B' R D2 R B R2 D2 R
21364753212212	611663	OK	R B R D B D' B2 R B2 R B2
46375213123121	697633	OK	R B' D2 R D' R' D B D' R B2
52147631131211	643547	OK	R B2 D B' D B' R2 B D' B' R
64271533221212	665449	OK	R B2 D' R2 B D' R' B D' R D'
12354763131131	626520	OK	R B2 R B2 R2 D R' D R2 D R2
74163251121122	650554	OK	R B2 D2 B D2 B D' B D2 B' R
41725631211122	635800	OK	R B2 R' D R' D2 B2 R' D' R2 B'
46125731333123	625337	OK	R B D R' D B D2 R' D R B2
71532463221332	610997	OK	R B R D2 R D' R B' D B D
25463713212332	621869	OK	R B R' B' D2 B' D' B2 R B2 R'
31264573222223	637315	OK	R B2 R D' B2 R B R2 D' B' D
75213642223133	630618	OK	R B D2 B' R B' R D2 R' B2 R
14527632212111	651661	OK	R B2 D2 B R2 B R' D B2 D' R
76325412231212	648362	OK	R B2 D2 B D B2 D B R2 B' R
34725612231212	649051	OK	R B2 D2 B R D2 R D R2 D' B
74163252131111	647423	OK	R B2 D2 R2 D' B' R B' R2 B D
13254761322233	680268	OK	R B' R' D2 B D' R' B D' R2 D'
32761453133333	615952	OK	R B D2 B2 D R D R' B2 R' B
21654372231323	640563	OK	R B2 D R2 D' R D' B D' B' D'
32745612313322	591748	OK	R B R2 D B2 R' D' B' D2 B' R'
73625143333313	602682	OK	R B R' B D2 B R2 D' B R' D'
73456123231322	593120	OK	R B R D B' D2 B R' B R' B'
76143252131312	612049	OK	R B D2 B2 D R B D' R2 D' B
12753462231323	598500	OK	R B R2 B2 D R' D2 B R D2 B2
12745633131131	662125	OK	R B2 D' B' D B2 D R B2 D2 B
36714522122213	629139	OK	R B D' B2 D' B R D R2 D2 R
12347561112212	615803	OK	R B D' R D R2 D2 B' R' B D2
54123673233323	666456	OK	R B' R D R2 B' D R' B R2 B'
35472163231322	631052	OK	R B2 R' B D2 R' B D B D' R'
34725612121322	655307	OK	R B2 D' R D R' D B' D2 B' R
74125633332323	660252	OK	R B2 D' B' D2 R B R2 B2 R' D'
76325411331311	682149	OK	R B' D R' B2 D B R2 D' R D'
16524731113133	614766	OK	R B2 R B' D2 R2 D' B R D2 R
72365413331333	632911	OK	R B2 R D' B D2 B' D2 R D' B'
25716433223213	653157	OK	R B2 R2 B' D B' R B2 R B D2
32456173212332	627373	OK	R B D B D2 R B' D2 R2 B' D
13576241321321	622239	OK	R B R' D B R' B2 D R' B D'
54376211111132	622735	OK	R B2 R2 D2 B' R B D' B D' R2
71462532111212	599124	OK	R B D R' D2 B D' B2 R2 D R'
64275311112332	634191	OK	R B2 R2 B R' B2 D R2 D B2 D2
14752631112311	662333	OK	R B' R B' D2 B D2 R' D R B
71432563232213	639939	OK	R B2 D B R2 D2 B D' R B2 R'
43615272113321	594341	OK	R B R2 B' D2 R2 B R B' R D2
27516341111111	560420	OK	R B R B2 R B2 R B R B2 D2
27634511131133	637326	OK	R B2 R' D' B' R D2 R B2 R' B2
52163471112122	635109	OK	R B2 R' D' R2 B2 D R B R' B2
25734162221111	593299	OK	R B R2 B2 R B2 D R2 D2 B R'
36714523132322	628525	OK	R B2 R B D' R B R B2 D B2
12365741113331	620025	OK	R B D' B R D2 R2 D' R' B2 D
31572461122133	596099	OK	R B R2 D2 B R2 B R D' B R2
12347652123233	632149	OK	R B2 R' D2 R B' R' D R2 B D2
71345262132131	728085	OK	R D B2 R' D2 R' D B' D2 R2 D
17643251122112	599492	OK	R B R' B R' D2 R B' D' B' D'
61543271112311	663548	OK	R B' R2 B' D B2 D B2 R D B2
23167541233322	662336	OK	R B2 D' B2 R D' B' D R' D R'
76325412333233	644325	OK	R B2 D2 B R2 B D' R B2 R' B
43512671313332	599513	OK	R B R' D R' D2 R B R2 D' B
76312542321212	603238	OK	R B D B' R2 D B' D2 R2 B R'
76342511111321	682504	OK	R B' D B2 D' B2 R B' D' R' D
36752143133222	690981	OK	R B' R' B' R2 D B D R' D' B
71426353312211	639803	OK	R B2 R D R2 D' R' B2 D B R
16725432211121	633305	OK	R B2 R' D R' D R2 B' D' R D'
62531472321233	620812	OK	R B D' B D R2 D2 B' D' R D2
41726352313322	594620	OK	R B R2 D2 B R' B' R' D2 R2 B'
61234572231323	641646	OK	R B2 D R2 D' R D' B D' B' D
21354761133311	628456	OK	R B2 R2 B' R B' R2 D B' R' D2
71423563213232	618031	OK	R B R' D2 R' D R2 B' D2 B R'
47132562311111	619936	OK	R B2 R B2 R' B2 R B2 D2 R2 D'
43572612312323	654238	OK	R B2 R' D2 R D' B D' B2 D R
23164752131312	607988	OK	R B D R2 B2 D B' D B' R D'
13546271321321	686161	OK	R B' R' B2 R D' R2 B D2 B' D2
74163253121111	670272	OK	R B' R D R2 B' R' B D2 B' R'
16527341111111	585308	OK	R B D R2 D B2 D R B R2 D2
76341252323333	630821	OK	R B2 R' D B' D R2 B' R' B D'
12347653111133	621688	OK	R B2 R2 D B D2 B D' R' D2 B
27536412332312	643712	OK	R B2 R2 B' D R' D R2 D B D2
31256471231222	604288	OK	R B R B2 D B2 D2 B R' B2 D2
54367122311111	634905	OK	R B2 R' B2 D2 R' D2 R' D' R2 D2
53476121323112	713546	OK	R D R2 D2 B' D B2 D' B R2 B'
35462172213311	666963	OK	R B2 D' R B' D R2 D R B' D2
26437512122312	664242	OK	R B2 D' R2 B D' B' R D' R D'
27534161111111	562006	OK	R B R B2 R D' B' R B' R2 D
34165271121311	657162	OK	R B2 D' R' D2 B D B2 D2 B' R'
35426713312211	669630	OK	R B2 D' R D' R D2 R B R' D2
12364751113133	632072	OK	R B2 R' D R2 B' R D R D' B'
23176452132221	645764	OK	R B2 R2 B' R D' R D2 R B D2
74265312333233	611393	OK	R B D2 B' D2 R D' R2 D B D'
23165472111122	624152	OK	R B2 R2 B' D2 B D B' R2 D B'
15463271313113	593243	OK	R B R2 D R' D R2 D2 B' R' B
47132652233321	655029	OK	R B2 R' D2 R B' D B' D2 B R
76354122112121	618119	OK	R B D' R B R2 B R' D2 B D2
14652733321331	605730	OK	R B R B D2 R D' B2 R2 D' R
65174322313211	566866	OK	R B R B2 R B2 R B' D2 R2 B'
72541631113121	648007	OK	R B2 D2 R' D B R2 B2 D R B
54367121113211	610542	OK	R B D' B2 R2 D' R' B R' B R
12365471211122	640893	OK	R B2 D B' D2 R' D R D' R D
24315762213323	602399	OK	R B R' D R B2 D' R D R2 D'
35462173221221	698119	OK	R B' R' D' B2 R B R B' D' B
14527631211131	662592	OK	R B' R B R2 D' B' D B2 D' R'
67321451311133	611512	OK	R B D' B' R D' R B2 D' R' D2
74312652333332	591102	OK	R B R2 B2 D B' D B' D R B2
51742632323231	632878	OK	R B2 R' B2 D2 R' B2 R' D' B2 D2
17246351111111	562241	OK	R B R B2 R D' B' R B' D2 R2
14625732233111	620690	OK	R B2 R D' B R D2 B' D R B
56741232111113	649001	OK	R B2 D2 R' D R B2 R2 D R D
62135743222331	623879	OK	R B R' B' R D' R2 B2 D' B' R2
72165433233323	662483	OK	R B' R B R' B2 D R2 D R' D
26453711333333	636795	OK	R B2 R2 B R' D2 B R2 B D2 B2
54367123311113	607867	OK	R B D2 B2 R B' R B' R D R
56247132333233	606003	OK	R B D' R' D' R D2 B' D B2 D'
42573612323231	619775	OK	R B2 R B2 R' B2 D2 R' B2 R2 D'
24153672321233	584185	OK	R B R B2 R2 D' B R2 B' D2 B2
15724632323231	649122	OK	R B2 D2 R2 D R B R' B D' B2
67345211211122	629380	OK	R B2 R2 D2 R' D R D2 R2 B2 R'
56423172112121	650852	OK	R B2 D2 R2 B R' D B2 R' D B'
13725642332132	725398	OK	R D B2 R' D2 R' B R' D2 B2 D
32561471122211	630797	OK	R B2 R' B2 R D' R' B D2 R D2
54362711323112	721224	OK	R D R' D' R D' B R2 D2 B' R
14726531232122	671653	OK	R B' R2 D2 B' R D' B2 R D' R2
65423713321322	611428	OK	R B R2 D2 B2 D' R D' R B2 R'
21354761113211	649220	OK	R B2 D2 R2 D B R B' R D' B2
12357641113331	580864	OK	R B R2 B2 D B' D2 R D B2 R2
37624513231313	589561	OK	R B R2 B' D B2 D' B R D2 B'
21374653333121	636448	OK	R B2 R D R2 D R' B' R2 D2 B'
16374521112323	591866	OK	R B D B2 D B' D' R D' B2 R2
24561372111131	687177	OK	R B' D2 B R' B R B2 D' B R
14527632122213	652413	OK	R B2 D2 B D R2 D R D2 R' B
23167542131222	664727	OK	R B2 D' B2 R D' R' B R' B D'
14726531223122	688723	OK	R B' D2 R2 B' D B' R2 D B' R2
15734622331223	600791	OK	R B R B D B' D2 R B2 R B2
17642531111111	560988	OK	R B R B2 R D' B' R' D2 R2 B
24651731113223	622326	OK	R B D' B D' B D2 B2 D R D
25436712123332	625267	OK	R B2 R2 B' R2 B D R' B2 D B'
45613271331221	614364	OK	R B R' B2 R' B D2 R' D2 R B'
35246171111111	560668	OK	R B R B2 R D' B' R B' R2 B2
14327652131213	609210	OK	R B D2 R' D' B2 D R D2 R D'
54721631122121	659069	OK	R B2 D' R D2 R' D' B R' B2 R2
17462352213311	636835	OK	R B2 R B D2 B' R' B2 D R B
32765413231223	660649	OK	R B2 D' R' B D2 B D B2 R2 B
56132472333332	645378	OK	R B2 D2 R2 B D' R B2 D' B R'
32615473332122	702896	OK	R D R2 B' D2 B' D R' B2 D2 B
32741652111113	644632	OK	R B2 D B' R D' R2 D R' B' R
32741653111112	627949	OK	R B2 R2 D2 B D' B R' D2 R D'
56712343211123	631577	OK	R B2 R' B R2 B' D R2 B' R' B
73625412222323	616944	OK	R B D2 B2 R B' R2 D B R2 D2
46321752111131	686803	OK	R B' D2 B D' R B R2 D' B R
56347212232223	617840	OK	R B2 R D B2 D' R2 D B' R' D2
37452162323312	588565	OK	R B R D B' D2 R2 D' R2 B' R
32145671221112	664674	OK	R B' R D2 B R2 B' R B' D2 B2
16345271222111	660814	OK	R B' R B2 D R2 D' B D' B2 D2
14356721112323	591466	OK	R B D B2 D B' D' R' B2 R2 D
23156471222132	635002	OK	R B2 R' D R2 B' R' D' R2 B R
32761452121313	595656	OK	R B R' B2 D R2 D' B D' R2 D'
32164572233321	687542	OK	R B' D2 R B D2 B R2 B D' B2
34275161312213	582638	OK	R B R B2 R D' B' R B' R2 B'
54312672212111	590119	OK	R B R' D' R' D R2 B' D B2 D'
76342512232223	635383	OK	R B2 D R D2 B2 R D' R D2 R'
65134721233232	673629	OK	R B2 D' R2 D R B2 D2 R' B' R2
35162473332122	665309	OK	R B' R B2 R D R D' R D2 R'
36752142122132	639254	OK	R B2 R2 D R' B D' R2 D B2 R2
15724632323333	628177	OK	R B2 R2 B' D' R B2 D' B R D2
34125672221222	591382	OK	R B R2 D2 R' D' B' D B2 R' D
72365413131212	591361	OK	R B R2 D2 R' B' D' B D2 R' D
31257462312311	636819	OK	R B2 R2 D2 B' D' R D' R2 D B'
23456173233122	684615	OK	R B' D R D2 B2 R B D2 B2 R'
27435612122222	588872	OK	R B R D2 B2 R D' B D' B D'
61274532231323	592327	OK	R B R2 D2 B' R D B' R B2 D
25736411231321	642440	OK	R B2 R' D' B R2 D' B' R' D B2
71542633132322	599146	OK	R B R2 D' R2 D R2 B' D B R'
76541233121213	599247	OK	R B R2 D' R D B R2 B2 D' B
32761452222212	614029	OK	R B D2 R' D' R2 D B D2 B D'
35426712131132	637238	OK	R B2 R2 D B' R D' R2 D R2 B2
56423173133111	647430	OK	R B2 D2 R2 B R D' R2 B R' B
14763521113211	617667	OK	R B2 R B2 D2 R B2 R' B2 R2 D'
16537421113331	604054	OK	R B D2 B D R' B2 D R D B'
32145671123333	623546	OK	R B2 R' B R2 D' R' D' B R' B'
14736523112222	628932	OK	R B2 R D' R2 B R D2 B' D' R
56741233111112	627213	OK	R B2 R2 D2 B D' B R' D2 R D
31564273113311	603317	OK	R B D B' R B R2 B2 D' B' R
31264573132313	579697	OK	R B R B' D2 B R' D' B2 D2 R'
76215341231231	604661	OK	R B R D' R B2 D' R2 D B R2
76315241112113	661697	OK	R B' R D2 R' D R' B R2 D2 B2
67321542232133	616253	OK	R B D B2 R' B' R2 B D R2 D
32145671333333	650667	OK	R B2 D' B D R' B R' D2 R' D
14527631311121	647513	OK	R B2 D2 R2 D' R' D R' B2 R B
13647521111111	555862	OK	R B R D B2 D R' B' R' B2 R2
14752633223231	710941	OK	R D R B' D R' B' D2 R2 B' D
12645371131121	689025	OK	R B' D2 R' B R B D2 B R' B'
62543711211113	647308	OK	R B2 D' B' R' D2 B D' R2 D' R2
23165472132332	660060	OK	R B' R B' R2 B R' D R B2 D'
76321543311131	599336	OK	R B D B2 D' B R2 D' R2 D B2
45367211111132	631188	OK	R B2 R' D' B2 R D' R2 D B' D2
36721453113113	665928	OK	R B' R D' B2 R D R2 B' R D'
37652143231322	621102	OK	R B2 R D' B2 R2 B' R D R2 D
25436712132122	663399	OK	R B' R D2 B' D' B D' R2 D R'
62135471122121	632555	OK	R B2 R2 B' D' B R2 D' B D B2
71453262222221	649214	OK	R B2 R' D B D R' D2 B D' B'
35617423131332	639218	OK	R B2 R2 D2 B' R' B D' B2 D B'
62135473131131	631186	OK	R B2 R2 B' D B' R2 D R' D' B2
67345211311133	614825	OK	R B2 R B' R2 B' R2 D B2 D' B
23756143222331	703959	OK	R B' D B D2 B' R D2 B' D2 B
57246131112233	623656	OK	R B D2 B2 R' D R' D' R B2 D'
32567412122222	594876	OK	R B R2 D' R B R B2 R2 D' R
41325671212211	612092	OK	R B D2 B' R2 D R' D2 R B D'
63452711311313	646721	OK	R B2 D2 R2 B R B' R2 D B' R
54721633313321	617753	OK	R B2 R D' R D' B' R B' R D2
54721632212222	627554	OK	R B2 R2 D R D' R2 D' B' R2 B
14736521221313	665231	OK	R B2 D' R D2 R2 D' B D2 R' D2
53126471321321	681277	OK	R B' R' B2 R D R2 B' R2 B D2
14736521132222	623541	OK	R B2 R D R' B R D B2 R B2
54376121322233	623159	OK	R B D2 B2 R' B R' D' B R2 D'
72356141112323	585475	OK	R B R' D2 R B' R B R2 D2 B'
72516342313223	631851	OK	R B2 R B R2 B' D' B2 R B R
57164322131312	595441	OK	R B R' B2 R D R2 D R' B' D
32765411112221	630147	OK	R B2 R' B R' B2 D2 B D' B R2
54361272223232	649817	OK	R B2 D2 R' B D R2 D2 B R D
67145323133312	635375	OK	R B2 R2 B D' B2 R B2 R B2 R2
36125473323233	632542	OK	R B2 R' D B' R2 D2 R D' R B2
54167232133313	626166	OK	R B2 R2 D B D' R2 D' R' D2 R
65174323223123	666196	OK	R B2 D' B' D2 B R2 D' R D R2
14752363233131	626966	OK	R B2 R D2 R2 B R' B R2 B R2
47265312122222	582845	OK	R B R B2 R' D' B2 R D' R' D'
52341672232313	614893	OK	R B2 R D R2 D' R2 D R' B' D2
12536741112323	568149	OK	R B R D2 R D' B' D' B2 D2 R
63752143223123	670802	OK	R B' R2 B D B2 R2 D2 B D' R'
74132563132112	662064	OK	R B2 D' R B2 R2 B' R D2 B' D2
75613243133213	640842	OK	R B2 R' B R D R' D2 B D' R'
21376541131133	593345	OK	R B D R' D R B2 R2 D' R' B
21375462312233	583975	OK	R B R D2 R D' B' D R' D2 R'
32465173133111	647465	OK	R B2 D2 R2 B' D R' D R2 B' R
13246573321223	621969	OK	R B2 R B' R2 D B D2 R' D' R
56127433332323	627401	OK	R B2 R2 D2 B D' R B' D2 B R
31475261322233	641634	OK	R B2 R' D2 B2 R' B D B' D2 B
41735621233232	595974	OK	R B R B' R B2 D' B2 D R B2
14765231111213	645226	OK	R B2 D2 R2 D' R' B R' B2 R D
76354212312233	617478	OK	R B2 R D' R D R2 B' R B R
23164753333313	585891	OK	R B R D2 R2 B' R B' R2 D2 B'
16573241123123	660219	OK	R B' R D R2 D2 B2 R' B' R B2
76341251221121	670865	OK	R B' R2 B' D B2 R2 D B' D2 R
72563411113121	631835	OK	R B2 R' D B R B' D R' B2 D
32465172112121	628472	OK	R B2 R2 D2 R' B R D2 R2 B2 R'
45312761113211	632124	OK	R B2 R' B2 R D2 B2 R' D' B2 D2
17526431231321	621925	OK	R B2 R B2 D2 R D2 R' D2 R2 B'
71456322111221	638815	OK	R B2 R' D' B' R' D2 B D2 B' R2
52761431113121	640210	OK	R B2 D R' D B' R2 B R' B' R
32741651131211	631654	OK	R B2 R' D R B R' D R' D2 B
65432173232321	675564	OK	R B' R2 D' B R B R2 B D' B'
72546313323212	631596	OK	R B2 R' B' R' D' R2 B R2 B' R2
65174233331213	605499	OK	R B D R' B2 D' R D R B2 R2
34521672223232	641504	OK	R B2 D R' B D' R2 D B' R' B
74132562122111	609521	OK	R B D2 R' B' D' B2 R D' B2 D
36147251121311	628505	OK	R B2 R2 D2 B R' D B' D2 B D
54167233331213	625401	OK	R B2 R2 D R B' D2 B' R' B2 R
12356471113133	587146	OK	R B R2 D2 B' D B D' B D2 R
45721363321313	638555	OK	R B2 R2 B D' R2 B R2 B R2 B2
65132471212112	610450	OK	R B D' R D' R' B R2 D' B' R'
67354212311132	606526	OK	R B D2 R2 B R' B R' D2 R B'
14275633323122	703990	OK	R D R2 B' D2 B' R D' B2 R2 B
61534721112311	634144	OK	R B2 R' D2 R' D B' D2 R2 D' B
72143651131112	613298	OK	R B D' B' D2 B' D2 B D' B' R'
12734561112323	565473	OK	R B R D2 R D' B' D R' B2 D2
36241753212311	667625	OK	R B' R2 B' R D2 R D2 B R B2
31475262333221	633800	OK	R B2 R2 D2 B' D' B D' R2 D R'
15672342323312	635752	OK	R B2 R' D' R' D' B2 R B2 R' B2
35462171131313	578432	OK	R B R D2 B2 D' B' R2 B' D2 B2
32174562231212	599256	OK	R B R' D2 R' B D R B2 R2 B
15724631322233	649158	OK	R B2 D2 R' B' D R' D2 B R' B2
13275461112233	633030	OK	R B2 R' B2 D2 R' D B R' B2 R
73651241113322	639745	OK	R B2 R' D2 B2 R' D R D' B2 D
14736251111132	612915	OK	R B2 R D R2 B2 R' D' B2 D R'
52147631121311	627840	OK	R B2 R2 D2 B R' D B' D2 B D'
56423171231321	625986	OK	R B2 R2 D2 B' R D B' D B' R2
72165433121333	627679	OK	R B2 R2 D2 R D' B2 R B D2 R2
45167323322231	619518	OK	R B D' R D' B R2 B2 R B D
45376211333123	675581	OK	R B' R2 D2 B D' R2 B D' B' R'
54621371133311	606886	OK	R B D' B D2 B' D B' D R D2
76345123311131	598321	OK	R B D B2 D' B' R2 D B2 D' B2
14725361322332	650461	OK	R B2 D2 R' D' R D' R2 B R' D2
13675242331313	640651	OK	R B2 R' D R D R' B2 D B' R'
34165271311133	608931	OK	R B2 R B2 R2 D' B D R' D2 R
16745232122222	587330	OK	R B R2 B2 R B D B' D2 B' R
16547233332323	626313	OK	R B2 R2 D2 B D' R B' D2 B R'
67354213313333	604052	OK	R B D R2 D B2 D B' R' B R2
75246313212311	619054	OK	R B D' R D2 B' D' B D' R2 D2
14736521133131	599426	OK	R B D B D2 R2 B2 R B2 R' D2
41765231233232	653722	OK	R B2 D B' R' D2 B R2 B D2 B2
73625143121213	587264	OK	R B R B2 D2 R D' B R' B D'
17463251321231	619125	OK	R B2 R D' R2 B D R D2 B' R2
43651722323132	656593	OK	R B' R2 B R' B D R2 B' D R
25436711311313	644417	OK	R B2 D2 R2 B' D B' R B2 D' B
63712542221111	594646	OK	R B R' B D B2 D2 R' B' R D2
32157642231323	603043	OK	R B D2 B R B' D2 R B D B'
61472532123332	592197	OK	R B D R' D R' B D2 B' D2 R'
32567413131212	587254	OK	R B R2 B2 R' D' B2 R D2 R' D2
32576142313223	627627	OK	R B2 R' D R2 D' R D2 B' D' B
65274131312213	612553	OK	R B2 R B' R D R2 B' R D R
15642373221323	604084	OK	R B D B D R' D' B R2 D' B
62135473322321	656445	OK	R B2 D2 R' D' B R' D2 B D' R2
25436713232321	677608	OK	R B' R' B' D R2 B' R2 B D' R
56132473213211	620263	OK	R B2 R D B' D2 B D B2 D2 R'
41625373121213	591312	OK	R B R D2 R' D' R2 B D' R' D'
76143253331333	597962	OK	R B R' D2 B R2 B' D R' D2 R'
56132473211111	615718	OK	R B D' B' D' R2 B2 D' R D' B
14625732112121	631635	OK	R B2 R' B D' B2 R2 D' R' B2 D'
35246172213311	627307	OK	R B2 R' D B2 D' R D2 B' D' R
52147632111113	627848	OK	R B2 R' B R B D' R D' R2 B
21354761112233	646841	OK	R B2 D2 R' B' R D' R2 B R' B2
72541631112131	625146	OK	R B2 R2 D2 B R' B R' D2 R B
52761431112131	626463	OK	R B2 R2 D2 B R' B R' D2 R B'
67354212212222	603418	OK	R B D R2 D B D B' R2 D' R2
67345211111132	622837	OK	R B2 R2 D2 B D' B' D R' D R2
12364753311131	599072	OK	R B D2 R' B R B2 R D' B' R
54327612223232	629663	OK	R B2 R' B D R B' R B' D2 R
62135473132121	653003	OK	R B2 D2 R2 D B D B' R B' R2
76315243323323	640140	OK	R B2 D R' D B R2 D' B R' D'
67354213211132	644594	OK	R B2 R' D' R D2 B' D' R' B R2
41236753232321	668532	OK	R B' R' B R' D2 B' D R D B2
67321451112311	603491	OK	R B D' R B2 R' B R' D' B R2
32145673311113	614447	OK	R B2 R D B' R D2 R' B2 D R2
53741621332112	673258	OK	R B' D2 R D' B D' B' D' R D2
32175462233111	603799	OK	R B D2 R' B2 R B R2 B' D2 B
13275463213211	637876	OK	R B2 R2 D2 B' R' D R' D2 R B'
16257431132111	662598	OK	R B' R' B D2 R' D R B D' R2
14723652331232	636496	OK	R B2 D B' R2 D' R B D' B R
76541232221222	588660	OK	R B R2 B2 R' D' R2 B D2 B' D2
23165471311133	611287	OK	R B2 R B2 R2 D B D R' D2 R'
17426532121211	577104	OK	R B R B' R2 D R' B2 D2 R B'
34725613111112	625199	OK	R B2 R2 D2 B' D R' D R2 D' B
16345272322232	645393	OK	R B2 D2 R2 D' B' D R' D2 R D
13246573221233	620093	OK	R B2 R B R' B R B D2 R B2
32157641232323	613433	OK	R B2 R B' D2 R D B D2 R' D2
52341673232213	611621	OK	R B2 R B D2 B' R2 B R' B' D2
52134761232113	606644	OK	R B D' R' D R2 D B D2 B2 R'
27453161132111	647712	OK	R B2 D' B' D' B2 R D' B2 D' B2
37624512231212	594687	OK	R B R' B2 R' D B D B2 D2 B
16745233121213	589282	OK	R B R2 B2 R B R D' B2 D' B
32164572312323	665253	OK	R B' R2 D B R2 B R2 B D' R2
43561271111111	563400	OK	R B R D' B2 D' R' B' R B2 D'
41725633111133	592214	OK	R B D R' D B2 D' B2 R B' R
72345612122111	636043	OK	R B2 D R' B2 D' R B R' D B
73615423333331	640719	OK	R B2 R' B D B R' D2 B R' D'
47632153232321	668123	OK	R B' R2 D' B R B R2 B D' B
21376541111123	593457	OK	R B D B' R B2 R' B D' R B2
15624732333332	592575	OK	R B R' D B R2 B D' B2 R D2
25471362323132	656588	OK	R B' R2 B D' B D B2 R' D R
65714323223123	638783	OK	R B2 R D' R2 B' R' D' R2 D' R
17453262211133	597384	OK	R B R2 B' R D' B R2 B' R2 B
52374161112323	566642	OK	R B R D2 R D' B' D R' D2 R2
15642372231332	616248	OK	R B D' B R B2 R B' D2 R B2
76354212333332	623711	OK	R B2 R' B R' D2 B2 R' B' R2 D'
32167451213333	651095	OK	R B2 D' R' B D' R B2 D' B D'
25743611233232	636106	OK	R B2 R D2 R2 B D' B' R D' B
43176252311132	606324	OK	R B D' B2 R B D R2 B' R D2
34275162112322	614709	OK	R B D2 B' R B2 D2 R B' R D2
76523413223231	650379	OK	R B2 D R' D R D2 B' R B R2
71562433123232	599399	OK	R B D B' D2 B' D R2 B R' B
52471631323112	675126	OK	R B' D2 R D' R B' R' D' R B2
51324671211122	585357	OK	R B R' B' D B' R B2 D2 R' D'
76354122212222	590925	OK	R B R2 D2 B R' B R B' D2 B'
75264133331213	591445	OK	R B R2 D2 B D' B R B' R2 B'
14352672212111	587759	OK	R B R2 B' D2 R B' D2 B R D'
51426733312211	626630	OK	R B2 R' B D2 B' R D2 B' R' B
32146751232323	614910	OK	R B2 R D B2 D2 B' D R2 B' R'
12467351131121	679746	OK	R B' D2 R' B R B D2 B R' B
36147253111112	604149	OK	R B D2 B' R B R2 D' R' B R
64257131113223	605016	OK	R B D B2 R2 D' B R' B' D2 R2
12376542123212	578641	OK	R B R D' R2 B D' R2 B2 D B'
72365412222212	584389	OK	R B R2 B R D2 R' D' R2 B D'
14765231112131	625206	OK	R B2 R2 D2 B' R B' R D2 R' D
14527633312133	606475	OK	R B D' B2 R2 D R' B' R B' D
12364751112212	597896	OK	R B D2 B D' R D' R' D2 B R'
12463751231231	634653	OK	R B2 R B2 R2 D R' D' R D' R
35426713131113	575925	OK	R B R B2 D' R B R' B D' B'
15367423211123	599880	OK	R B D' B R B' D R' B2 R2 D
74325613131212	586406	OK	R B R2 B2 R' D' B2 R D2 R' B2
67312452233321	622230	OK	R B D2 B' D B2 R' B' R2 B R'
54761233322321	625546	OK	R B D' B2 R2 D' B D' B' D R2
76354212213323	601778	OK	R B D2 B D R2 B D2 B D2 B
17426532331331	645414	OK	R B2 D R2 D R' B R2 B R B
34125672131213	583324	OK	R B R2 B D R2 D' R' D2 B D'
14736521213333	625259	OK	R B2 R D R2 B' R2 D R B D'
32156472333332	620347	OK	R B2 R2 D2 R' D B D2 B2 R2 B'
14527631121311	627356	OK	R B2 R2 D2 B' R D' R D2 R' B
76325411113121	617541	OK	R B2 R2 B D B' D' B R' B' R
74325612221222	588102	OK	R B R2 B2 R' D' R2 B D2 B' R2
45312672223331	639182	OK	R B2 R' B' D R2 B' R' D' R D2
54163271133221	643082	OK	R B2 D R' B R D2 B' D R D2
34725612322232	621051	OK	R B2 R2 B R' D R B' R D B
72165433331213	610083	OK	R B D' B2 R2 D' R D R B2 D2
76325411111213	617516	OK	R B2 R2 B D' R D B' R B R
36721452122321	632223	OK	R B2 R' D R2 B' D' R' D B' R'
13276542323312	631744	OK	R B2 R' D' R' D B2 R' D2 R B2
71432562111221	633728	OK	R B2 R' D' B' R D2 B' R2 B R2
12543671211212	633647	OK	R B2 D R' D2 B' R B D' R B
36125471111333	604685	OK	R B D' B D' B2 D' B D R B2
42751632323231	606573	OK	R B D' R2 B2 D' R' B D' R B
12745632111122	598200	OK	R B D2 B R2 B' R2 B R' D' R2
62471532232133	587487	OK	R B R B2 R B D2 B' R' B2 D
13276541321123	680121	OK	R B' D2 R B R2 B D2 B R' D2
56347213131332	621166	OK	R B2 R2 D B R' D2 R' D' R2 D
24615371112332	610620	OK	R B D2 B R' B' R B' D2 R D'
32561471311121	618503	OK	R B2 R2 B R' B D R' B D R
41752632311123	637485	OK	R B2 R' B' R D2 B' R' B' R D2
12347651133311	608383	OK	R B2 R B R' B D2 B' R2 D R2
12347653332323	622324	OK	R B2 R2 D2 B' D B' R B2 R' B
74523611131112	610954	OK	R B D' B' D2 B' D2 B D' B' R
32741651311121	607540	OK	R B D' R2 D' B2 R B' D' B R'
74365211313113	627032	OK	R B2 R' D B D' R2 B2 R B2 R
54721631311133	598175	OK	R B D2 B' R D2 B' R2 B R D2
32167452211121	599727	OK	R B D2 R2 D R2 D' B D R2 B'
74561232111113	616304	OK	R B2 R D' R D R2 B2 R B D2
27634512233321	611108	OK	R B2 R B R2 D2 R' B' D2 B D'
37516422333311	602874	OK	R B D R2 D2 R D' B R' D B
41735263123223	620572	OK	R B D' R2 B D' R' D' B D2 B'
76342513323212	626791	OK	R B2 R' B' R' D R2 B' D2 B R2
16245371231231	649823	OK	R B2 D R' D' B2 R D2 R D2 R2
71423653213232	677142	OK	R B' R' D' R B2 D' B R2 B' D
15634722321233	601771	OK	R B D2 B R' B D' B' R2 D R'
32547611121113	602587	OK	R B D2 B2 D B' D B2 D2 B R'
13276541133122	657665	OK	R B' R2 D B D2 B R2 B R' B2
12745633313333	604414	OK	R B D' R' B R' D' B D2 R' D2
65132471222111	587920	OK	R B R' B D' B' D B2 R' D' R'
32167453313333	603157	OK	R B D2 B' D' B2 R B' R' B2 D2
76312542322121	649018	OK	R B2 D B2 D R' D B2 D B R
76543211333333	647387	OK	R B2 D' R B D' B D' B2 D' B
26153473131131	603979	OK	R B D2 B2 R D' B D' R B R
16357421223113	623674	OK	R B D' R' D' B D2 B' R D' B'
75264133121333	583893	OK	R B R D2 R B D' R B2 D B2
16275343122221	626658	OK	R B D' B2 R D' R' D' R B2 R'
32145672212222	607430	OK	R B D' R2 B2 D' R D B R2 D2
34127651312111	610790	OK	R B D' R' D2 R' B2 R B' D' R'
63125743133312	612694	OK	R B D2 B D' R' B D' R2 B R'
46273512122312	616373	OK	R B D' B2 D' R' D' R B2 D' R
74365211333111	623028	OK	R B2 R' B D B' R2 D2 R D2 R
12347652223232	618395	OK	R B2 R2 B D R' B' D B' R' B
63721541233322	609486	OK	R B D' R2 D' R' D' B D2 R' D
45721363322231	603166	OK	R B D R2 B2 D' R D' R' D2 B2
47135622132332	615769	OK	R B D2 B' D B2 R2 D B' D R2
76354121311313	576688	OK	R B R D2 B' R B D' B D' R'
34627512232313	593226	OK	R B D B2 R D2 R B' R B2 D2
14537622231323	585866	OK	R B R2 B2 D R' D2 B R B2 D2
75246313332332	634800	OK	R B2 R2 D R' D B' R2 B R2 D2
76543212132323	604350	OK	R B D' R D' B2 R2 D R B D'
34165271131211	611855	OK	R B2 R B' D R D2 B2 D B D2
74163252112211	599375	OK	R B D2 R' B D' B2 R D R2 D2
76514321232113	605250	OK	R B D' R' D R2 D B' R B2 R2
36752143211132	620756	OK	R B D' B D2 R' B' D R' B2 R2
16537421113322	616329	OK	R B2 R D' B2 R D B R2 D' R2
35462171332331	634278	OK	R B2 R' B R' B' R B D2 B D2
14752633222223	622300	OK	R B2 R D' B2 D' R2 B D2 B' R
76351423321232	577101	OK	R B R2 B' D' B2 R B' R D R'
32547611312111	607140	OK	R B D' R' D2 R' B2 R B' D' R
46215372121223	617246	OK	R B D' B R2 D' R2 D' R B' R'
76354213222223	622046	OK	R B2 R D2 R2 B D R D' R2 D'
75246313312211	627377	OK	R B2 R D R2 D' R' B2 D B R'
76231451123111	645170	OK	R B2 D' B R' D' R D2 R D B'
52761432131111	612226	OK	R B D' B2 D' B2 R D' R' B R'
76312453211111	579259	OK	R B R' B R2 B' D B' D' B R2
65123472312311	610259	OK	R B2 R B R' D2 R B D2 B2 R'
76325411122121	628636	OK	R B2 R' B2 R B' D' B D2 R B2
36721452131111	620957	OK	R B2 R2 B D' B D B' R D R
21354671221112	581512	OK	R B R2 D B2 D R' B D2 B D
34725613132223	624810	OK	R B2 R2 D R D2 R B' D' R2 B
75634123323122	620004	OK	R B D2 B' D2 B R' B R B' R2
76341251311313	607156	OK	R B2 R B2 R2 D' R D R' B2 R
75243611113232	609500	OK	R B2 R B' R2 D R B D2 R' B2
32465172332321	629905	OK	R B2 R' D R2 D' R D2 B' D' B2
34725612331322	626881	OK	R B2 R' D B2 R' D' R' D R' B'
16427531231321	615259	OK	R B2 R D B2 R2 B' D' B2 D R'
31462751113322	606827	OK	R B D' B' D R2 D B R2 B2 D'
72543163211111	628384	OK	R B2 R' B2 R' D R' B2 D2 B' R
12376451221211	598265	OK	R B D2 R' D R' B2 R' B2 D' R2
45312762311111	587309	OK	R B R' D2 B2 R' B' R B' D B
63754213122122	605147	OK	R B R' B D' B2 D B D2 R' D
74156322313223	619905	OK	R B2 R B R2 B' D' B2 R B R'
73516243332131	607386	OK	R B D B2 R2 D R' D R' B R'
56723411121113	593071	OK	R B D B' R2 B' D' B D B2 R'
72165432111113	617908	OK	R B2 R2 B R B' D' B D' B' R
65174232123131	588780	OK	R B R2 D2 B R' B D' B2 D B'
64351272132131	611794	OK	R B D2 R' D2 R B2 D' B D B'
63471522332132	665322	OK	R B' R' D' B R2 B' D2 B' D R
17425631122112	608228	OK	R B D' B' R B' R' B R' D R'
47162351322122	605768	OK	R B D B2 D2 B R' D R' B D
16342571331221	645941	OK	R B2 D B' D B D' B2 R2 D R
34725613311113	586978	OK	R B D R B2 D2 R2 D B2 D' B
76341251113121	612411	OK	R B2 R B' R D R2 B2 R D B2
74156322122321	600523	OK	R B D R2 B' R2 D B D2 B D'
15643271331221	667714	OK	R B' R' B' D B2 R' B D2 B' D
71456321322323	615346	OK	R B2 R D R' B2 D2 R D2 R' B'
17426531112233	613641	OK	R B D' R2 B D' B' D' R2 D2 B
23156473323332	588126	OK	R B R' B2 D' R2 D R' D2 B R'
64275313312211	609648	OK	R B D2 B2 R2 D' B' R B' R D2
71543623111121	618494	OK	R B2 R' B R2 B R2 B2 D' R D'
76543213113131	621198	OK	R B2 R2 D B R2 B D' B' R2 D
45312761133311	574741	OK	R B R2 B2 D B' D B' D R B
74523611213111	602301	OK	R B D2 B2 D B' R D2 R2 D R'
32561471131211	615789	OK	R B2 R2 B R D' B' D B' D' R
75321461311112	637422	OK	R B2 D' B R D R2 D R' D' B'
64321572132131	654266	OK	R B' R2 B R D2 B2 R B D R2
35462173123211	613836	OK	R B D2 B R2 B R' D' R D2 R
34725613111133	572310	OK	R B R2 B' D B2 D' B R D2 B2
53426171112233	589264	OK	R B R2 B2 D' R B' D' R D2 B'
45612373132223	614579	OK	R B2 R B' D2 B' R2 D R2 D' R
67245131313323	599324	OK	R B D R2 D' R' D2 B D' B' R'
52471631223113	654659	OK	R B' R2 D R' B D' R' B' R D2
65274132123332	588900	OK	R B D R' D R' B D2 B' D2 R
76325413222223	625258	OK	R B2 R2 D R B2 R D' B' D2 R
67321452111122	570339	OK	R B R D' R D' B D2 B' D2 R'
53741621323112	655305	OK	R B' R2 D R' D B' R' B' R B2
14736523113131	580695	OK	R B R2 B' R D2 R' D R B2 D'
36745213133111	616100	OK	R B2 R D2 R2 B' R B R' D2 R
36527412322232	608334	OK	R B D' B D R D' R2 D B' R2
74561231111222	596943	OK	R B D2 B D' R D2 B' R D R'
16537421111222	574374	OK	R B R2 B' R' D2 B R' B R B'
54376211111222	563926	OK	R B R B2 R' D' B2 D' B2 D B2
36751243222322	595738	OK	R B D B2 D B' D' R' D2 B D
54167231221211	634082	OK	R B2 R' D' B2 R2 D B D R' D2
37612453122233	597234	OK	R B R' B2 D B' R' B' D R2 D'
64572131122223	599678	OK	R B R' D2 B D' B' R' D B2 D'
32145672113333	596684	OK	R B D2 B' D R2 B' D' B R2 B2
36527413111112	599880	OK	R B D2 B' R B R2 D' R' B R'
36752142123221	614276	OK	R B D2 B D2 B D' B' R B2 R
41765323122212	614237	OK	R B D' R B2 D' R2 D' B D' B'
32765411133113	621305	OK	R B2 R' B R D' R2 B2 R B2 R
32167453321232	595828	OK	R B D2 B R' B D2 R' B R B'
34621572132131	607635	OK	R B D R2 D' R D2 B' R2 B D'
15642372213311	621956	OK	R B2 R B D2 B' R' B2 D R B'
32476513232231	655938	OK	R B' R D' B R2 B2 D2 B' R D
27534162311111	591187	OK	R B D B' R2 D B' R' B D' B2
14736521211212	577491	OK	R B R2 B R' D B2 D B2 R D
12376541322233	616203	OK	R B D' B2 R D' B' R' D2 R2 B
65174232133313	577717	OK	R B R B' D2 R' B D R B2 R2
13246572331232	575653	OK	R B R2 B D' R B2 R D2 B D
32765411331113	625307	OK	R B2 R' D R D' R2 B2 R D2 R
14632571321132	646657	OK	R B' R B' R' D B R2 D' B' D
12365472223232	616245	OK	R B2 R D' B R D2 B2 D R D2
36125473111211	603713	OK	R B D2 B2 D' B' D2 R D B2 R'
17526431131121	600694	OK	R B D2 R' D' B' D R' D B' D2
67345211112233	619148	OK	R B2 R2 B' R B D' B2 R2 D' B
76145231131112	597169	OK	R B D2 B2 D' B D2 R' B' D2 R
76543212323213	595215	OK	R B D2 R' B R' D2 B D B2 D2
32145671132222	624994	OK	R B2 R' D B' R2 D2 R' B' D2 B'
67254313311113	584710	OK	R B R' D R2 D' B D' R B D2
52743611111213	592504	OK	R B D B' R2 B D' B D' B2 R
63452712333221	608831	OK	R B2 R B D' B2 D B D2 B2 R'
65274133132223	610123	OK	R B2 R B2 R2 D R B D' R2 D'
72541631111213	599570	OK	R B D2 B' D B2 D B2 D2 R' B
42573613322231	580420	OK	R B R2 D' R' D' B R' B D' R2
52761431111312	592313	OK	R B D B' D2 R D' B D' B D2
52743611112131	602183	OK	R B D2 B' D B R2 D' B' D R
67312541121221	594598	OK	R B D R' B2 R' B R2 D R' B
52367412322232	602220	OK	R B D2 B' R B2 R D2 R2 B' R
47156322132311	604912	OK	R B D2 R' D' B R D2 B2 R2 D'
25741632312323	623445	OK	R B2 R2 D2 B' D B D' R B' D2
54167232112112	627952	OK	R B2 R' B' D2 R2 B R D R' D2
72165433221233	624594	OK	R B2 R' B R' B2 D2 B' R' B2 R'
76341251111213	599356	OK	R B D' R D R B' R2 B R' B2
32165741111132	596577	OK	R B D2 B D' B' D R' D' R2 D
73645213333112	635157	OK	R B2 D B' D B R2 D' B D' R'
14527633132322	613912	OK	R B2 R D R' B D2 B' D2 R D2
32561471121311	600075	OK	R B D2 B' R B R D' B R' D2
37614522111221	611328	OK	R B2 R B' R D' B' D R2 D' B
21376541112311	598183	OK	R B D B' D2 R2 D B' R' B2 R2
41725633121123	616897	OK	R B2 R B' D R D2 B' R B D
62374513112321	658374	OK	R B' R2 B' R' D' R D2 B D' B2
54231671123111	638492	OK	R B2 D' R B D R2 D R' B' D
21654372233321	623473	OK	R B2 R2 D2 B' D R B' D B' D2
23147652312323	612847	OK	R B2 R B D2 R2 D' R' B2 R D'
74125632121121	626882	OK	R B2 R' B D' B R2 D' B' D B'
17463251122112	595329	OK	R B D2 R D' B R2 B2 D' R' B2
47256133212311	605451	OK	R B D' R' D' R2 B2 D' R B' R
62147353123121	643979	OK	R B2 D' R' B' D2 R B' D2 B' R2
24731562311231	628363	OK	R B2 D R B2 D2 R' D2 R D' B2
31265471312213	576630	OK	R B R2 D' B2 D B D2 B' R2 B
31265472312233	577830	OK	R B R2 D' B2 D R D2 R' D2 R
21354671122112	572465	OK	R B R D2 R B' R D2 R B2 D
12354763133111	571991	OK	R B R B2 D2 B' D' R2 D' R2 D2
52714633223123	644317	OK	R B2 D2 R2 B D R' D2 B R' B
76354121122121	575555	OK	R B R B2 D' R2 B D R2 D R'
74523612111311	584923	OK	R B R' D2 B' D B' R' D2 B R
52641733232321	617067	OK	R B2 R D R' D2 R B R2 B2 D'
54721632133232	624615	OK	R B2 R' B' R2 D2 B R D B' D2
27154632311132	578337	OK	R B R' D R2 D R D B R2 D2
71452363213232	643860	OK	R B2 D R' B D B' R2 D2 B R
74163253332323	600221	OK	R B D2 B' D B R D' R D' R2
52714633213223	631594	OK	R B2 R' B' D2 R D' R2 D R' B2
52736141322233	591489	OK	R B R2 B2 D' B D' R' D R2 B'
56723411113313	587604	OK	R B D R' D2 B2 D B R2 B R2
52761431111213	601213	OK	R B D2 B' D B2 D B2 D2 R' B'
61572432312323	594555	OK	R B R2 B' D B2 R' B' D2 B R'
47123651233232	657595	OK	R B' R D R' B D' B2 R B R2
74561233311233	575800	OK	R B R' B2 R' D2 R B2 R D R2
32167451222222	608812	OK	R B D' B2 R D B2 D B2 D2 R
76315241323313	636251	OK	R B2 D B' R D R2 B' D B' R'
26153473132121	632637	OK	R B2 R' B2 R B2 D2 R' B' R2 B2
32156472332321	626534	OK	R B2 R' D B2 D' R D2 B' D' R2
47156323223123	623145	OK	R B2 R2 B' R' B R2 D' R B R2
14625731322233	619352	OK	R B2 R2 B' D R B' D2 R2 B' R
72643513212311	606954	OK	R B D' B R2 B' R B' D' B D2
23165472311111	600791	OK	R B D' R D2 R' D B R2 D2 B2
64531273311311	572630	OK	R B R D' R D B2 D2 R' D' R
76123453233323	590335	OK	R B D R' B2 D R' B R' B R2
14367252322232	602557	OK	R B D2 B' R B2 R D2 R2 B' R'
61534721113211	595963	OK	R B D2 B R' B R' B D2 R' B
53126471231321	581756	OK	R B R' B2 D2 R' D' R D' B R
32765412323222	600661	OK	R B D2 B2 D' B' R2 D R D2 B'
37561241311112	633675	OK	R B2 D' R B' D' R D2 R B D'
74561233131233	602435	OK	R B D' R2 B D B2 D R2 D2 B
27416532133232	591637	OK	R B D2 R' D B' R2 B' R2 D' R2
16723451322311	613910	OK	R B D' R2 B2 D' B R' D' R D2
34651271123111	636818	OK	R B2 D' R B D R2 D R' B' D'
37614522323312	608760	OK	R B2 R B' D R' B' D R2 D' R
14325672231323	600286	OK	R B D' R D' B2 D' B R D B2
12543672321332	621398	OK	R B2 R' B R' D B2 R' D' B R'
74365211121221	625632	OK	R B2 R' B D' R2 B2 R B' D R2
13276543323122	652592	OK	R B' R B' R B2 D' B' D B2 D'
36527412231122	571225	OK	R B R2 D' R2 D R D2 B' R2 D'
71432563323122	627028	OK	R B2 D R B2 D2 R B' D B2 D'
35462172223331	599152	OK	R B D R B2 D' R B' D' R2 D2
25436713332122	626091	OK	R B2 R' D B' D2 R2 B' D' B2 R'
14527631131211	595446	OK	R B D2 R' D' B R' D2 B R B
76145233133213	601346	OK	R B D2 B' D' B2 D' R D B2 R2
76324151112233	591108	OK	R B D B' D2 R B2 R' D R' D'
76341252232313	591839	OK	R B D B' R B2 R' B2 D B' D
14723651112131	600787	OK	R B D2 B' D B R2 D' B' D R'
36745212122333	565788	OK	R B R D' R2 B D' B2 D B2 D2
57321642311132	564599	OK	R B R' B D B D2 R2 D B2 R2
12367541331131	574220	OK	R B R2 D2 B' D R' D B D' B'
52163473111211	593272	OK	R B D B2 R' B D' R' B2 D B
14325673123232	624666	OK	R B2 R' D R' B2 D2 B R' D B2
57642311113322	598081	OK	R B D' R D2 R2 D B D2 B R'
54721633231322	592404	OK	R B D B' R2 D2 R B D2 B D2
56347211222132	609196	OK	R B2 R B' D R' B' D R' B R2
16725431211122	581064	OK	R B R' D2 B2 D' B' D2 B R2 D'
72143651121113	586052	OK	R B R' D' R2 D' B2 D R' B' R'
14267351321321	613988	OK	R B D2 R2 B2 R' D B' D' R B
41325762313223	608208	OK	R B D2 B2 R2 D' R' B R' B D2
31276452133322	584065	OK	R B R2 B' R D2 B2 R D' B D2
32167451312222	577220	OK	R B R' D2 R' B2 R D2 R D B2
21354761113322	614513	OK	R B2 R D2 B2 R' D R' B2 D2 R2
74523611121113	586769	OK	R B R' D' R2 D' B2 D R' B' R
74365213111211	600805	OK	R B D2 B2 R B R' B D2 B R2
42367153211123	566071	OK	R B R2 B' D B' R2 D R2 D' R2
12763452322232	592087	OK	R B D R' D2 R D' B D' R2 B
21367451311331	584643	OK	R B D R2 B D2 B R' D B2 R2
62475131322323	592332	OK	R B R' D B2 R' B2 R' D B' D'
35472163222313	598705	OK	R B D2 R' B D R2 D R' B' D
41736522332231	600499	OK	R B D2 R2 B' R D' B D R' D'
32547612111311	585326	OK	R B R' D' B R2 B' R B D B2
57321641311112	632657	OK	R B2 D' R B' D' R D2 R B D
24157361313212	626331	OK	R B2 D B R2 B R2 D2 B D' R2
72563411111213	582154	OK	R B R' D2 R' B2 D R' B' D R'
47256133321232	568332	OK	R B R B' R B2 R' D R2 B' D'
36125471312111	599652	OK	R B D2 B2 D' B R2 D' B' D2 R
76245311121131	603697	OK	R B D' B D2 B' R D R2 B2 D2
74156322122123	586560	OK	R B R' B R B2 R D' R2 B R2
15642373212311	590445	OK	R B R' B D2 R' D' R D' B2 D2
16345271133131	604331	OK	R B2 R B D' R D2 R' D2 B R2
16243571231231	653014	OK	R B' R B R' B D' R2 B R B2
32175461333111	589535	OK	R B D R' B2 R D' B2 R B' R
35461272222323	573630	OK	R B R2 B R B' R2 D B D R'
74156323133123	604916	OK	R B D2 R2 B D' R D B' R2 B'
12537461332112	606474	OK	R B D2 R D' R D2 R2 B' R' D
13267451311133	568085	OK	R B R D2 R D' B' D' R2 B R
12354762311123	598863	OK	R B D B D2 R' D B' R' B2 R2
14625732213323	571813	OK	R B R2 B D R' D2 R' D2 R' B2
14752633223123	641158	OK	R B2 D2 R2 B' R B' R D2 B' D
36714252232223	567429	OK	R B R B2 D B2 D R' B R2 D2
21654373332122	640043	OK	R B2 D2 R2 B R' B R2 D' R B'
73615421113322	599047	OK	R B D2 R2 B2 R' D' B' R D2 B'
17425631313113	584788	OK	R B D R2 D R2 D' B2 R D R2
32741651211131	586561	OK	R B R' D' B D2 R' D2 R' B R'
36745212223232	598021	OK	R B D2 R' D' R D' R2 B D R'
76521433232333	584734	OK	R B R' B2 D' B R' D' R2 B D
65274133312223	568758	OK	R B R D' R2 B R D' R D2 R
72143563222331	626340	OK	R B D' R' D R D' B R2 B' D
12473561132123	647104	OK	R B' R D R' D2 R' D' B' D B'
75234161322233	588154	OK	R B D R' B2 D B2 D' B R' D'
54312671131331	573892	OK	R B R' B D2 B' D R' B R B2
62173543232132	627453	OK	R B2 D R B2 R B2 D2 R B' D2
14723651111213	590602	OK	R B D B' R2 B D' B D' B2 R'
36721452223232	597984	OK	R B D2 R' D' R D' R2 B D R
43615271333312	592595	OK	R B R' D R2 D R2 B' D B' R'
31265471122112	592557	OK	R B D2 R D' B R2 B2 D' R D2
32165743311131	564611	OK	R B R B2 D2 R2 B R' B2 R B'
24715631122133	568532	OK	R B R D2 B2 D' R' B' R B2 R2
12745632222221	604732	OK	R B D2 B' R' B2 R' B D R2 B2
12543673221323	611899	OK	R B2 R D2 R2 B' D R D' R2 D
13546271213213	596680	OK	R B D2 R2 B' D R' B D B' D'
53726143333121	594496	OK	R B R' D2 R B R2 B R' D' R
32164573323212	610597	OK	R B2 R B' D B2 D2 R B R2 B'
14736253222223	593561	OK	R B R' D' B D' B D2 R' D' B2
72356141232113	580662	OK	R B R' B' D R2 D R D2 R2 B'
62435711222222	596597	OK	R B R' D R' B R2 B2 R D R
36527412221312	599420	OK	R B D2 B' R' B2 D R' D' B2 R2
61234573232213	570609	OK	R B R D2 B D2 B R' B R2 D2
56741231121311	574668	OK	R B R2 B' D B D2 R' B' D R
15267431223113	591448	OK	R B R2 D R' B R2 B2 D' R' D
74563211232332	606955	OK	R B D2 R B2 D' B' D' B2 D' B'
74561233321133	567081	OK	R B R2 B D2 B' D2 B' R D R2
47352612311132	583976	OK	R B D R' D' R D2 R D2 B' D2
52641733212311	585033	OK	R B R' B' D' R2 B2 D' B D' B
56712341232113	581045	OK	R B R' B' D R2 D R' B R2 B2
16725431131211	596995	OK	R B D2 R' D' B R' D2 B R B'
16725433113311	584991	OK	R B D R B2 D R2 D B' D2 R2
62135473232231	621609	OK	R B2 R D2 B2 R' B D' R2 B2 D2
31564272213311	593468	OK	R B D R' D R2 D' B R' D R2
34165272323333	570543	OK	R B R2 D2 R D2 R' B D B2 R'
76324153323122	626070	OK	R B2 R' B' D' R' D2 B R2 B' D2
53147262123131	567923	OK	R B R2 D' R2 D' B D R' B2 D2
14725361111123	585044	OK	R B D R2 D2 R D B' D R' D'
14723653313111	574254	OK	R B R2 D2 B' R2 B R' D' R B2
72513641232323	573604	OK	R B R2 B' D2 R2 B R' B' R2 B'
54763212322232	581741	OK	R B R' B2 R' D2 B D' B' D B'
52163473111331	609231	OK	R B2 R B R2 B' D2 B D' B' R2
32465173132121	624399	OK	R B2 R2 D2 B R' B' D R' B R2
14263751131121	647646	OK	R B' R D B2 R' D B' D B' R2
72165432323312	596953	OK	R B D2 B' R B' R2 D2 B' R' B2
12546371221331	647341	OK	R B2 D2 R B2 R D' R' D' B2 D2
67345212111122	568093	OK	R B R D' R D' B D2 B' D2 R
14763521113223	573706	OK	R B R2 D' R' B' D R' B D' B2
15243671331221	636074	OK	R B2 R' D B2 R' B D R B' D2
61257343232123	600130	OK	R B D' B2 D B' R B' R2 B2 D2
63174522332132	588868	OK	R B R2 D' R2 D B2 R' D R B'
42137653122131	628846	OK	R B2 R' D2 R' B R' D2 B2 D' R
12456733223321	656645	OK	R B' R D' R' D R D2 B' D' B
75346213332122	619998	OK	R B2 R2 B' D R' D2 B R' B' R2
65123471112311	583398	OK	R B R' D' R' D2 B2 R' B R' B
21654373332221	632807	OK	R B2 R' D' R2 B D' B2 D R' B2
65132473323311	583973	OK	R B R2 D B2 D B' R D2 R B
56723412323222	586335	OK	R B D R2 B' R B' R' B2 D R
15426371112233	588800	OK	R B D2 R' D2 B D' B' R D' R2
73654122221111	575835	OK	R B R2 B R' B R' D' B2 R B'
34127651213111	583471	OK	R B R' B' D2 B' R2 B R' D' R'
56423173132121	630770	OK	R B2 R' B' R2 D R' D2 R D' B2
37645122312221	581628	OK	R B R D2 R2 D R' B R' D R
76543212222221	627269	OK	R B2 R2 D2 R D' R2 B R B2 D2
45376213333322	599965	OK	R B D R' B2 R' D R D B2 D2
15724632313223	604353	OK	R B D' R' B2 D' B' R D2 B' D'
52761433121111	585852	OK	R B R' B' R B2 D' B2 D' B R'
32754163211123	573765	OK	R B R2 D B' R2 B' R' B R2 D'
74163253133213	623137	OK	R B2 R2 D2 R B' D2 R B R2 D2
23576412233321	588250	OK	R B D B' R' B D2 B D2 R' B2
13627451332112	594625	OK	R B R' B' D' B D2 B' D R' B'
32714652332132	581134	OK	R B R D2 R' D R2 B' R2 B D'
14625733133111	589815	OK	R B D B' R D2 R' B2 D B' R
72165431113331	575788	OK	R B R' B D' R2 B2 D R B R'
12567433232333	583409	OK	R B R' B' R D2 R' B D R B2
67345211113322	606101	OK	R B D' B' D R2 D B' D R2 D'
27615433313213	576347	OK	R B R B2 R2 B D' R B' R B
21354761112311	593878	OK	R B D B' D2 R2 D B' R B2 R2
52341673133111	597266	OK	R B D2 B' D R2 B' R2 B R B2
25436712123122	598665	OK	R B D2 B R B2 D B2 D B2 D
34526713232312	578377	OK	R B R2 D' R' B' R B2 R B D
72136541322233	590638	OK	R B D2 R' D2 B D' R' B D' R2
14765233323332	597613	OK	R B D2 B' D B' R2 D2 B' D' B2
26371453112111	623568	OK	R B2 R' B' D' R D2 B D' R B'
21354763312211	604269	OK	R B D' R B' D' R2 B' R2 B' D'
24157362323111	631513	OK	R B2 D B R2 D2 B' R2 B D' B2
14765232211211	577840	OK	R B R2 D' B R' D2 B D R2 D2
43176252123131	578916	OK	R B R' B2 D R B R2 D' R D2
25436712323231	578975	OK	R B R' D R2 D' R B R2 D2 B2
31247651113232	571621	OK	R B R2 D2 B D2 B R' D' B2 D'
34562171321111	606463	OK	R B2 R B R' B2 D2 R D2 R' D'
14735621221112	585652	OK	R B R' D' B R' B' D B' D R'
24651731333333	581511	OK	R B R2 B D' B' D B' R2 D B'
46375212132221	607055	OK	R B D' B R2 D' R' B D' B2 R'
63574212123131	575345	OK	R B R2 D2 R B' D' R2 D' R D'
65417321232113	577043	OK	R B D R2 B2 D R D2 B2 R' B'
76145232123332	566178	OK	R B R2 B R2 B' D2 B R' D' B2
74365212222323	582237	OK	R B R' D R' B2 R' D B D R2
12456731233223	645746	OK	R B' R B' D R2 D2 B2 D' B D
21367452112112	573970	OK	R B R2 D' R B' R2 B' R2 D' R2
32561472133313	580525	OK	R B R' D2 B2 R' B D R B2 D2
46375212113111	595128	OK	R B D2 B R' D' R D' B' D2 B
12745633323311	610335	OK	R B2 R D B2 D2 R B' D R2 D'
32547611213111	580962	OK	R B R' B' D2 B' R2 B R' D' R
65417323232123	600913	OK	R B D' B2 D B' R B D2 R2 B2
13764252323231	593825	OK	R B D2 B D' R B' R B2 D' B
17463251313113	579053	OK	R B R' B' D' R' B2 D R' B2 R
63752412322112	599645	OK	R B D B' D2 B' R D R D2 R2
72563411111312	576538	OK	R B R' B2 R' B D B2 R' B R
72345611331332	645740	OK	R B2 D' B' D B' R D2 B' R B'
56347211213111	586875	OK	R B D R' B D R' D R2 D2 R
32547613111211	569658	OK	R B R D' B2 D R2 D R B' R'
14736251112332	565133	OK	R B R D2 B2 R B' D' B D2 R2
14725363223213	604134	OK	R B D' R B2 D' R' B R' D2 B'
14325672323222	595816	OK	R B D2 B2 R D B' R D2 R B2
46273513221212	595694	OK	R B R' D2 R' D' R' B D2 R' B
67321451111123	576782	OK	R B R' B R' D' B2 R2 D' B R
14752631323223	614937	OK	R B2 R2 B' R D B' D2 R2 B' R
47163522131222	587974	OK	R B R' B2 R' B' D' R D2 B' R
36527411131133	572103	OK	R B R2 D2 B' D2 B D' B' R D2
71326451211311	627314	OK	R B2 R' D' B' R D2 B R' D B'
67234513332122	590482	OK	R B R2 B2 D R' D B' D B D2
65723143321313	584701	OK	R B R2 B R' B' D B' D2 R B'
51423671221331	611245	OK	R B D2 B2 R D' B2 R B R2 D2
75346211133122	608839	OK	R B2 R B2 D2 R' D B' D2 R2 B2
23165471312132	586467	OK	R B D R' D2 B R D' B R2 B
67345211111123	576007	OK	R B R' B R' D' B2 R2 D' B R'
35162473323131	586527	OK	R B R' D B2 R' B' R D' R2 B'
32561472213122	566343	OK	R B R2 B' D R2 B' D' R B2 R2
25134672233321	595960	OK	R B D' R2 B R D R2 B' D B2
14765232331313	620949	OK	R B2 R2 D2 R B' R2 D B R2 D2
76321543211111	570832	OK	R B R D' B2 R2 B D' B' R2 B2
14753261333111	575646	OK	R B R2 D' R' D' R' B R' D2 R
23417563232123	600445	OK	R B D' B2 D B' R B' D2 R2 B2
63745123122212	587747	OK	R B R2 D' B R2 B' D' R2 B2 D
43216573132223	581815	OK	R B R' B' R B' D B2 R' D' B2
16743252323222	569678	OK	R B R2 B D R' D B D R2 B'
34127653111211	571974	OK	R B R D' B2 D R2 D R B' R
14765232232322	582214	OK	R B R' D R' B2 D2 R D R D'
34165273311131	566875	OK	R B R D2 B' D' R B' D R2 B
35162472122231	587387	OK	R B R' D2 R' B D2 B2 D' B2 R
15642372331322	573119	OK	R B R D2 B' R2 D R B2 R D'
52147631311121	574442	OK	R B R2 B' D B2 D R2 D2 B' D'
46572312132122	583451	OK	R B R2 B' D B2 R2 D R' D R2
36147251311121	575110	OK	R B R2 B' D B2 D R2 D2 B' D
57236141113232	597391	OK	R B D' B2 D' R2 D B' R' D' R
32765411121113	569529	OK	R B R2 B' R D R2 D2 B D' R2
14753261221112	571729	OK	R B R2 D R' D R2 D2 B' R' B2
45312672233321	600785	OK	R B D2 R2 B D' R B' D2 B R'
12543672322232	587443	OK	R B D R' D2 R D' B D' R2 B'
76354123211132	590457	OK	R B R' D R2 B' D' B R' D2 R2
74365213121333	574128	OK	R B R2 B' D' B2 D' B R B2 D2
32417652132131	615523	OK	R B2 R' D B2 D B2 D2 R' D B'
14726531233313	592673	OK	R B D2 R' B D2 R D' B' D' B
32165741233223	607875	OK	R B2 R B2 D2 R' B D' B2 R2 D2
76351421113322	567515	OK	R B R2 B' R2 D2 B D' B' D2 B'
16374523211123	577950	OK	R B R' B' R2 D' R' D R2 B' R2
75641323232111	620624	OK	R B2 R' D2 R' B R2 D B2 D R2
36745213232213	568274	OK	R B R D' R D2 R' B2 D R' D
63125743131233	590198	OK	R B R' B D' R B2 R2 B R B
35462172312131	589375	OK	R B R' B2 D' B R D R2 D2 R
34725612231332	595312	OK	R B D2 B' R D2 B' D' B D2 B2
46157233333232	565132	OK	R B R D' B D' B2 R' D B2 R'
34127651121113	572788	OK	R B R2 B' R D' B R2 D2 B2 D
21734652123131	564775	OK	R B R D R D2 R D' B R2 D2
14736521322233	591362	OK	R B R' D2 B D' R' B' R2 B2 D
12543672121121	591263	OK	R B D2 R2 D B2 D' B R B2 D'
36721451131331	602078	OK	R B D' B D' B2 R2 D B D R'
72143652111311	568231	OK	R B R D2 B' R D' B' D2 R B'
72563412131111	571828	OK	R B R2 B' R D2 R B2 R2 D' B'
73246153312211	584321	OK	R B D R2 D2 B2 D' R' D B' R
74523611312111	570716	OK	R B R2 B2 R D' B D2 B2 D R'
36521472331121	595062	OK	R B D R2 B' D' R2 D' B R B2
72143651213111	573957	OK	R B R2 B' D B' D R2 B2 D2 B
56321473233323	581381	OK	R B R' D2 R' D R B2 D' B D
14325672112121	596447	OK	R B D2 B D2 B' D2 B R' B' R2
45612373112231	618436	OK	R B2 R2 B' D B D' R2 B2 D' R
41725632322331	624170	OK	R B2 R' B D2 B' R D2 B' R' B2
45637123132121	644226	OK	R B2 D' R' D' B2 R B' R2 B' D2
25763411332322	597242	OK	R B D' R D2 R' B D' B D R2
26415731322323	573337	OK	R B R B' D2 R B D2 B' D' B'
76245312132131	612670	OK	R B2 R2 B' R2 B R D' B2 R D'
12745633313312	602444	OK	R B2 R B R2 B2 D B' D B2 D'
14527631133311	556704	OK	R B R B D2 R2 B2 R B2 R' B
35162473332131	599162	OK	R B D2 R' D' R D R2 B2 D2 R'
34127652111311	578183	OK	R B R2 D2 R' D2 R' B D2 B' D'
35271461322233	584102	OK	R B R2 D2 B2 D' B' R' B R2 D'
16327453232333	578375	OK	R B R2 D2 R' B2 R' B D2 B' R'
72541632131111	567170	OK	R B R D' R2 D R' B D' B2 R
34761252323222	563965	OK	R B R B' D2 B R2 B D R' B
13257641112233	577587	OK	R B R2 D2 B2 D' R' D' R B2 D'
42651372213311	580022	OK	R B R2 B2 D2 R' D' R D' B D2
74523613111211	569765	OK	R B R D' B2 D B' R' B D' B2
74125631313311	567920	OK	R B R2 B D2 R2 B R' B' R B2
47156233223312	612795	OK	R B D' B D' R' B D2 R' B' D'
26741351232113	555353	OK	R B R B2 D2 R B D2 R2 B' R'
16725432232223	564198	OK	R B R B' R D2 R' D2 B R' D
74125632131111	565904	OK	R B R D' R2 D R' B D' B2 R'
32765412221312	608258	OK	R B D' B' R B' D' B R2 D' R2
32167451333111	584850	OK	R B D B2 R' B2 R B2 R2 D' B
35416721113112	606392	OK	R B2 R D B' R2 D2 B R2 B' D'
72143653111211	571032	OK	R B R2 B R D' R B D B2 R'
41765322221312	587431	OK	R B R' B R2 D' B2 D' B D' R'
52743612131111	573560	OK	R B R2 B' R D2 R B2 R2 D' B
32175461221112	572434	OK	R B R2 D R' D R2 D2 B' R D2
74156323132331	593213	OK	R B R' D2 B' D B R D2 R2 D
65132473313312	569957	OK	R B R B2 R B' D B2 D R2 B
34165271311121	580354	OK	R B R' D R D B' R2 B R' D2
14752633213223	621233	OK	R B2 R2 D2 B R' D' R D' B D2
51264731113322	578794	OK	R B R' D' R D2 R B D2 B2 R'
26415732121223	588306	OK	R B R2 D' B D2 B' D' R2 B2 D
76354213312223	567107	OK	R B R B' R2 D B D' R B2 R
36527412111113	574695	OK	R B R2 D' R' D R' D2 B D B'
54321761211221	566168	OK	R B R B' D B' D2 R' D R2 B'
16573241312312	582861	OK	R B D R2 D R' B' D' R2 B R
14765231133131	584766	OK	R B D B D2 R2 B2 R B2 R' D
21365742221312	579018	OK	R B R D' B2 R B R2 B' D' B'
63752141123213	580465	OK	R B R' B2 R' D B2 D2 B' D2 R
17425631323223	594365	OK	R B D2 R' D R' D B D2 R D'
54716322313223	586040	OK	R B D B2 D2 R2 D' B' R B' R
76345123211111	569848	OK	R B R D' B2 R2 B D' B R2 B2
15643271221331	637669	OK	R B2 D2 R B2 R D' R' D' B2 D'
45612373332221	620851	OK	R B2 R2 D2 B D' R' D R' B D2
47352612123131	564936	OK	R B R D' R' D R2 D R2 B' D2
25736413123112	599178	OK	R B D B2 D R2 D R' B' D B2
72165433111112	570827	OK	R B R2 B' D B D R' D R' D2
16523473332323	570101	OK	R B R2 B' R D B2 R' D' B D
16725431121311	572099	OK	R B R2 B' D B D2 R' B' D R'
14725363211213	577428	OK	R B R2 D' R' D R D2 B2 R2 D'
12643571321321	603955	OK	R B D2 R2 B' D B R' B D2 R
32465173123121	614287	OK	R B2 R D' R2 D' B2 R B2 R' D
65132741223323	585091	OK	R B R' D' R B' D B2 R2 D' B'
65742311212313	614780	OK	R B2 R' B2 R' B R2 D B2 D B2
14723651113121	573535	OK	R B R2 D' R' B R' D2 B R D'
35162473122221	595039	OK	R B D B2 R2 B' D' B' D R2 D2
46375212332222	575240	OK	R B R2 D' R' B R D2 B2 R2 D'
73516243323113	574770	OK	R B R B2 R2 D' B D' R2 B2 D'
34562171321231	563556	OK	R B R B' D2 R D2 R' B R' B'
54261373123121	580572	OK	R B R D R2 B' R2 B R2 D' B'
34127651131112	562027	OK	R B R B' R D' R2 B2 D R' B
56423171321321	631220	OK	R B2 D R2 D' B D' B R' D' R'
32547611131112	568121	OK	R B R2 B2 R D' R B2 R2 B R'
35461271321231	573044	OK	R B R2 D2 B R2 B R' D' R2 D'
73542613132322	565398	OK	R B R B2 R' D B2 R' B2 R B2
34651272332132	610656	OK	R B2 R' D R2 D B2 D2 R' D R'
43216573212311	583317	OK	R B R' D B2 D' R B' D' R D2
76342513323122	619904	OK	R B2 R' B' D' R D2 B' D2 B D2
36541272323222	563004	OK	R B R B' D2 B R2 B D R' B'
35426712311312	578406	OK	R B R2 B D2 B D' R' B R2 B
13246571112233	583651	OK	R B R' B2 D B' D' R' B2 R2 D
64275311222222	579436	OK	R B R D2 B2 R' B D' B' R2 D2
16345272333212	569573	OK	R B R2 D' B D' R2 B D B2 D2
34725612111113	574973	OK	R B R2 D' R' D R' D2 B D B
72563413121111	572731	OK	R B R D' B2 R B' D R' B D2
56327411211332	586390	OK	R B R' B' D B R2 D2 B2 R D
61453721311112	586219	OK	R B D2 B' D B' D2 R D2 R' B2
41325763131233	573350	OK	R B R B2 D2 R' B D' R' B2 D2
56741231311121	565926	OK	R B R B' R2 B D' R D' B2 R
37652141113232	561889	OK	R B R D' B2 R D2 R' D R' B'
16243571321321	630881	OK	R B2 D R2 D' B D' B R' D' R
71326453132121	624676	OK	R B2 R' B2 R' B R' B2 D2 B' D
32156471113211	572471	OK	R B R' B D2 B' R B R2 D2 B2
54167231131112	562281	OK	R B R D2 B2 D B D' R2 B2 D'
14723653232222	584019	OK	R B D R2 B' D' R D' R D2 B
52147631211131	566278	OK	R B R B' D2 R B' R B' D B2
72546311323112	610863	OK	R B2 R D R2 D2 R' B R2 D' R'
72361453232333	565501	OK	R B R B2 D' R D' B' R2 D B'
74213652323132	566183	OK	R B R' D B R' D B' D2 B2 R
72143651312111	562973	OK	R B R B2 D2 B D B' R2 D2 B
45612373332122	616034	OK	R B2 R2 D2 R' B D B2 D2 R2 D'
76315241322122	590841	OK	R B D2 R' B2 R D B2 D' R2 D
14765231113121	573682	OK	R B R2 D' R' B R' D2 B R D
75264132223331	571725	OK	R B R B D2 R' B R' B' R2 B2
74365212111311	568571	OK	R B R2 B2 D B D' B R2 B R2
67412353332221	599061	OK	R B D' B2 R2 B D2 B R2 D R
73645213112231	595704	OK	R B D2 R' D R D2 B R B' D'
76145233232333	571139	OK	R B R2 B2 D R D' B D2 B D2
36527413311311	560934	OK	R B R B D2 R B2 R B' D2 R2
56723413331111	562330	OK	R B R B' R2 D2 R B R2 B R2
72145633232231	594030	OK	R B R' D' R D2 R B' D' B D
14726533323122	604062	OK	R B2 R B' R B2 R2 D B D2 B'
17423653213232	630383	OK	R B2 R' B R2 D' B R D R' D2
56723413221212	595433	OK	R B D2 R2 D B R2 B R B2 R'
47512632312323	568383	OK	R B R2 D2 R D' R' D2 R' D B'
13254761323322	603817	OK	R B2 R B R2 B2 R' D R2 B' D'
12543671331113	578144	OK	R B D R2 B' R2 B D2 B2 R' D
41752632312323	582733	OK	R B R2 D2 B D' B D' R2 D R'
14563272323222	562307	OK	R B R B' D2 B D' R' B D' R2
72356143211123	564231	OK	R B R D2 R2 B2 R' B' D B' D
32745611223332	581363	OK	R B R2 D B2 R' D' R' B2 R' D'
14735621333111	561228	OK	R B R B2 R D2 R' D2 B D R2
12543673231223	584976	OK	R B D B2 R' D' B R' B D2 R
72145631233223	587161	OK	R B R' B' D R2 D R' D' B D
76245313123121	612159	OK	R B2 R D2 R2 B R D R' D2 R'
52163471213111	570800	OK	R B R2 B' D B' D R2 B2 D2 B'
56324171221331	591610	OK	R B R' B R2 D' B D' R2 B2 D
76245311213312	599061	OK	R B D' R' D R2 D B' R B2 R'
74512362313223	557763	OK	R B R B' D2 B' R' B D2 R' D2
76325411112131	568844	OK	R B R2 B' R D B D' B R' B2
16542371331221	624865	OK	R B2 R' D B2 R' B D R B' D'
12543673111331	584581	OK	R B D R' D R2 D' B2 R B' R
36125471213111	568554	OK	R B R2 B2 R' D R2 B' D' B2 R
16453272111131	587707	OK	R B D' R B R' D R' D2 R2 B
17426531331332	599180	OK	R B D2 R' B' R' B2 D B' D2 B
35246171113322	567269	OK	R B R' B D2 B2 D B R2 B D'
23576412312323	558788	OK	R B R B' R' D B2 D B2 R' B2
36745212131111	575928	OK	R B R' B D B D' R2 D R' B2
14752632332132	610390	OK	R B2 R2 B' D2 B R D' R2 B D'
12564733323122	577922	OK	R B R B D' B2 R2 B' D2 R' B
74365211213111	569638	OK	R B R2 B' D B R2 B2 D B' R2
57236141322233	570353	OK	R B R' B2 R' B2 R D' R' D' R
56327413213112	585954	OK	R B R' B2 D2 R' B R' B' R D2
45612372331121	617723	OK	R B2 R' B R2 B' D R2 B' R' B2
52163472111311	565926	OK	R B R D2 B' R D' B' D2 R B
54721633333331	571869	OK	R B R2 D2 R B R2 B D R2 D'
54326171321231	591550	OK	R B D' R2 D' R2 D R' B' D' R
61453723111121	581536	OK	R B D B2 R2 D B R2 D2 B' D'
76145232331313	567098	OK	R B R2 B' R' D2 R' B D B2 R2
36125472111311	569883	OK	R B R2 B2 R' D' B2 R B D2 R'
41752631222123	571296	OK	R B R B2 R B2 R D' B' R D2
76345122213311	576418	OK	R B R' B R' D' B2 R' D2 R' D'
36745212121223	571936	OK	R B R2 B' R' D2 B R' D' R2 B2
32156742333131	569315	OK	R B R B2 R B R' D B2 R D2
15724631211311	588534	OK	R B D B' D R' B D2 B2 D B'
76245313122122	591800	OK	R B D B' R2 D R B' D B2 D
71432563332113	573807	OK	R B R2 D' B R2 D B' D' B' R
65314272311132	557781	OK	R B R B' R2 B' D' R B2 R2 D'
54167231333213	568707	OK	R B R' B D R B2 D' R D2 R'
46513272332111	576605	OK	R B R2 D2 B' R B' R B R' D'
54167231121113	569250	OK	R B R2 B' R D' B R2 D2 B2 D'
17362451231321	579876	OK	R B D R' D2 B D' R' D B' R2
72165433321223	579509	OK	R B R' D2 B2 R B' R' B D' B
75642132213311	571750	OK	R B R' B R' D' B2 R' D2 R' D2
52673413232123	566528	OK	R B R2 D' R2 D' R D R' D2 B2
17425631332112	593394	OK	R B D' R' B R' B' R B' D R'
14325673232333	566829	OK	R B R2 B2 R' D' R2 B R B2 D'
56723411131112	563982	OK	R B R D' R2 D' R' D B D2 R'
32156742311123	573696	OK	R B R D B2 R' B R' D' B2 D2
31624751112233	569843	OK	R B R2 D' R2 B D' B' D B' R2
12347653132223	563177	OK	R B R D' B2 D R' D' R2 D2 B2
12734561322233	569111	OK	R B R2 D' R2 B D' R' D B' R2
76145231121113	567842	OK	R B R2 B2 R' D B2 R' D' B2 R
25134672312323	575592	OK	R B R' D2 B R D B2 R' D B2
74163253133231	619843	OK	R B2 R' B D' R2 B2 R' D' B2 D'
23165472111332	564740	OK	R B R2 B R B2 D B2 D R2 D
32561473323212	567089	OK	R B R2 B' D B' D2 R2 B' R' B2
65274131311313	561208	OK	R B R D' R B2 R' D2 B R' B
74125632321332	568390	OK	R B R2 D2 R B2 R' D B R2 D'
75314623113122	613591	OK	R B2 R' D2 R' D B2 R B2 R D2
73542613132121	594425	OK	R B D R' B2 D2 B R' B' D2 B2
54721632212231	578334	OK	R B R' D R B R2 D' B D2 B'
46513273113221	567499	OK	R B R D' B2 D' R B2 D B' R
31265471313113	558698	OK	R B R B' D2 B D' B2 R D' R
54167232333113	568874	OK	R B R' B R2 B' R2 D B R D'
16453271211113	582296	OK	R B D2 B R B2 D' R2 B R B2
32165742331112	564204	OK	R B R2 B R' D R' B' R' B R2
32164571232323	569755	OK	R B R2 D' B R' B R B D' R2
52341673232333	559984	OK	R B R B2 D' R D' B' R2 D B
14752363222121	579654	OK	R B R2 B R2 B D' B' D R2 D
54126371331221	591066	OK	R B R' B' D R D' R D2 R' D
56723413222112	613828	OK	R B2 R D' B R' B' D B' D R2
63752411223212	572269	OK	R B R D' B2 D' B D R D2 R2
74125632122111	576928	OK	R B R' B2 D2 B' R' D2 R D2 B'
52163471312111	560472	OK	R B R B2 D2 B D B' R2 D2 B'
64531273312211	564054	OK	R B R B' R D2 R' D R' D R2
47156322313232	561532	OK	R B R2 B R' D' B R' B' R2 B
74365211312111	559631	OK	R B R B2 D2 B D B' D2 B' R2
16725433122212	572099	OK	R B R2 B' D' B2 R B' D' B2 R2
64531272132131	588648	OK	R B D R2 D' R D2 B' R2 B D2
71432563323113	589370	OK	R B D2 R' B R2 D R' D' B' D
32175461113112	589980	OK	R B D2 B R' B R B2 D' B R'
76543211223221	623890	OK	R B2 R' D R' B2 D2 B' D' B2 D'
12347652111221	566578	OK	R B R2 B' R D' B2 R2 D' B' R2
74365212333332	560714	OK	R B R2 B D2 B' D2 B D' R' B2
34261573123121	600435	OK	R B D' R' B D' R B2 D' R' B2
72643513212332	622859	OK	R B2 R' B' D' R D2 R D2 R' D2
63752143123223	584979	OK	R B D R2 B2 R' B' R' D R2 D2
13462572213311	566039	OK	R B R2 D B' D2 B' D' R D2 B'
14725363213121	563365	OK	R B R B2 D2 B' R' B' R D2 R2
76543211332331	620134	OK	R B2 R' B D2 R' D' B' D R' D'
17642533312211	561882	OK	R B R D' B2 D' R' B D2 R' D2
45312671222312	583735	OK	R B R' D2 R B' D2 R D R B2
32765411131112	562543	OK	R B R D2 B2 D B D' B2 D' R2
26543171123111	560278	OK	R B R2 B' R D' R2 B R2 B' R2
32174652332132	582270	OK	R B D B' R B' R D2 R' D2 B'
43527612312323	576436	OK	R B D R2 B' R D' R D' R2 B
36127451333222	565147	OK	R B R B D' B2 R' D B D B
75346213132322	560705	OK	R B R B2 R' D' B2 R D2 R' B2
54326171112233	568117	OK	R B R' D2 R' D2 R D' B' D' R
16427531211311	581971	OK	R B D R2 B2 D R' B' D B2 R2
62135472132131	584373	OK	R B D R2 D' R' D2 B D2 B' D2
51632741323232	588518	OK	R B D' R2 B D R' D R2 D' R
65132472131231	568845	OK	R B R B' D2 B' D B R D2 R2
16725431311121	561916	OK	R B R B' R2 B D' R D' B2 R'
52713461232323	561907	OK	R B R2 B' D2 R2 B R' B' R2 B
36745213131131	559905	OK	R B R B2 D' B' R B' R B2 D
47156233322312	587410	OK	R B R' D R' D' B R2 D' R' D'
52163472131222	591884	OK	R B D2 R2 D R B2 R B R2 B'
32156472312332	593885	OK	R B D' R B' D' R2 B2 D' R B'
63247511123132	589728	OK	R B D' B D' B' D' R B2 D B'
52163473221323	569855	OK	R B R2 B' D R2 B' R2 B D B2
52341671311313	563533	OK	R B R2 B' R B2 D' R2 D R B2
56347211312111	560301	OK	R B R B' R2 B' D' R D B2 R'
15763242323132	571282	OK	R B D R2 B2 R' B' R2 B' D2 B
45732612233321	563317	OK	R B R D' R2 D' R' D R2 D2 B'
45671233112132	611382	OK	R B2 R' B2 R' D R2 B R2 B R2
45312673222112	587627	OK	R B R' D2 B' R2 B R' B2 D B'
47632152233321	557901	OK	R B R D2 B' R B' D R' D2 B
12365473332323	566123	OK	R B R2 B' R D B2 R' D' B D'
15672341323112	604258	OK	R B2 R B D2 B2 D' B R2 D' B'
32745612322331	569580	OK	R B R B2 R D B' D2 B' R' D2
61352472233321	570462	OK	R B R' B D2 B R B R D2 B2
75236143213232	588717	OK	R B R' B R2 B' D R B R' B'
76315241113112	590043	OK	R B D2 B D' R B R2 D' B R'
36721452122123	567984	OK	R B R2 B' R B2 D' B' R D2 R2
51367241211113	586589	OK	R B D' R2 D B2 R' B D B D'
45612373132121	602510	OK	R B D' B R' D' R2 B2 D' R D'
32561473222223	565192	OK	R B R B' D2 B R' D' B2 D2 R2
32765413122212	584257	OK	R B R' D' B R' D' R B2 D' R2
72543162311111	558079	OK	R B R2 B D' B D' B R2 D' R
75321463132121	616505	OK	R B2 R' B D2 B D2 B2 R' D R'
25736411321312	570648	OK	R B R D2 R B2 R D' R' D B2
74163253131332	575998	OK	R B R' B2 D2 R' D B D B2 R2
16243571132132	568493	OK	R B R2 D' R D' B2 D' R2 B' R2
12365473232312	583172	OK	R B D B D2 R D2 R B' R2 D2
12543672331232	560037	OK	R B R2 B D' R B2 R D2 B D2
16543721113211	552697	OK	R B R D' R2 B D' B' R D' R2
14765233113131	567238	OK	R B R2 B' R D2 R' D R B2 D2
75346211311211	562958	OK	R B R2 B D' R' B R' B' D2 B
75346213132121	588440	OK	R B D R' B2 D2 B R' B D2 B2
53621471331221	579603	OK	R B R D' R2 B2 D B' R' D B2
13762451321321	582932	OK	R B R2 B2 R B2 D R2 D2 B D'
72345611133113	554667	OK	R B R B2 D' R2 D R2 D2 B' D
32147562313223	562137	OK	R B R D' R D2 R' B R' D B2
31624753312211	561178	OK	R B R D R D2 B R' B D2 R2
21354762213311	581319	OK	R B R' D2 R B R' D R' D B2
32145673112222	573370	OK	R B R' B2 D2 R D' R' D B' R
23156471333132	560651	OK	R B R B2 R B R D' B2 R' B2
17452363322132	575212	OK	R B R2 D' R' D' R B2 R B R
76315241332112	582906	OK	R B D B' D2 B R' B2 D B' R
56723411222312	606854	OK	R B2 R B' R D' B' D R' D R2
54371621113322	556069	OK	R B R2 B' R2 D2 B D' B' D2 B
17543261132111	556713	OK	R B R2 B D B2 R' B2 D R B2
16534271111132	548016	OK	R B R B2 D' R B' R B' R2 D
12347653132322	559612	OK	R B R D B2 R2 D2 R D2 R' B
13645271221331	600278	OK	R B D2 B2 R D' B2 R B D2 R2
45713623223132	591019	OK	R B D' B2 R' D R D' B R2 D2
74125633131233	579255	OK	R B R' D2 R' B' D2 B R' D2 R2
73645211332112	582504	OK	R B D2 R D' R D2 R2 B' R B2
36241573212332	586506	OK	R B R2 B2 D B' D' B R2 D B
14762351331221	605405	OK	R B2 R B' R2 D2 R' B R D2 R
74361253211231	571091	OK	R B R B' D' B D' R' D R2 D
35462171221223	569036	OK	R B R D B D' B' D B2 R' B
71543622111131	552156	OK	R B R D2 B2 D' R' B2 R' D2 R
32465172133121	576221	OK	R B R' D B' D' R2 B2 D' B R'
64531273122131	566161	OK	R B R B' D2 R2 D R' D' R2 D2
16572433213223	592233	OK	R B D' R2 B2 R D2 R D2 B R
32765413223312	608262	OK	R B2 R D R2 D2 B D' R D2 R'
27543611111132	564519	OK	R B R' B2 D2 B R2 B D2 R B
17425631223113	583617	OK	R B D B2 D B2 D' B2 R B R2
17452363213232	619224	OK	R B2 R' B R2 D' B R D R' D'
15627431332112	582212	OK	R B D2 R D' R D2 R2 B' R' D2
32156472332132	579568	OK	R B D B' R B' R D2 R' D2 B
76145231311331	571558	OK	R B R' B D' R2 D' R B R D2
24367513111121	571616	OK	R B R' D2 R B' R B' R2 D2 B2
14723651211212	563534	OK	R B R2 B R' D B2 D B2 R D2
65274133232321	594101	OK	R B D' R D' B R2 B2 R B' R'
34261572133121	574367	OK	R B R' B' R2 D2 B' D B R' D
32174652312332	565873	OK	R B R2 B2 D' R D' R2 D' B2 D'
63752143212323	559726	OK	R B R B2 R2 B D R' D B' R'
15724633132322	561848	OK	R B R B2 R' D B2 R' B2 R' D2
74123563323221	561812	OK	R B R B' D2 B' R B2 D R' B
24173652323231	551379	OK	R B R B' R2 D R' D' R D' B2
62543711311112	551771	OK	R B R D2 B' R B' R D' R' B2
47621533231121	598260	OK	R B2 R B' R D R2 B' R B D2
46527133111121	574227	OK	R B R' D2 R B' R B' D2 B2 R2
47156322332312	572758	OK	R B R' B R2 D' B' D B' D2 R'
12376543133132	568679	OK	R B R D' B2 D R' D' R2 D2 B'
74163253133132	593767	OK	R B D' R2 B2 D R' D' B D' B
76341253233131	562725	OK	R B R2 B R2 B' D2 B' D B R2
16537421332112	569488	OK	R B R2 D' R' B' R' B R' B2 R
42367153111121	572274	OK	R B R' D2 R B' R B R2 D2 B2
32164571111231	580606	OK	R B D B' D2 R D2 R' B R' B
51264732213311	555167	OK	R B R B2 R2 D2 R' D' R D' B
72345611222222	576387	OK	R B R' B2 R' D' B2 D B' D2 B2
73146522113231	576804	OK	R B D B D2 B D B2 D2 R' D'
12365471313113	556216	OK	R B R D2 B' R2 B D2 B2 R' B
15346271321321	585885	OK	R B R' D R D2 R2 B' R' D B2
47152361233232	581984	OK	R B R' D B D2 B2 D' R' D2 B
13276541323322	586093	OK	R B D2 R' B D' R D B R' D2
76342511323112	585687	OK	R B D2 R' B R' B D R B' R2
17436521323232	568768	OK	R B R' B D2 R D' B' D' B2 D'
63172452312323	556503	OK	R B R B R D2 R B' R D2 B2
14735621223113	572672	OK	R B R' B' R D' B' D R' D R'
12376543133231	567176	OK	R B R D B2 R2 D2 R D2 R' B2
14726531333312	566823	OK	R B R2 D' B D2 R B' D' B' D
76345123312211	561840	OK	R B R B' R B' D' B2 R2 D' R
12467351231321	577581	OK	R B D B2 R' B R' B D' R2 B
15643273223111	560920	OK	R B R B2 R D' B' R' B2 D R
32765413322312	604248	OK	R B2 R B D2 B2 R B' R B2 R'
36125472121223	577215	OK	R B R' B' R D' R' B R2 D' B2
36752143132232	564296	OK	R B R B D B' D' B D2 R' B
17463251331221	590546	OK	R B D2 B' R' B2 D R' B R D'
63714522332132	559923	OK	R B R D2 R' D R2 B' R2 B D2
36745211211221	564853	OK	R B R2 B D' B R2 D' R B R'
15672343213232	609529	OK	R B2 R D' R2 B2 R' D R B2 R
46375213333121	562431	OK	R B R2 B D' R D' B' R' D R2
17426531223221	564827	OK	R B R B D2 R2 B2 R B2 R' B2
15647233213232	576416	OK	R B R B' R2 D2 B D' B' D R2
65417323223123	589865	OK	R B D2 B' R B' D2 R B2 R' D2
56723412122312	572534	OK	R B R2 D2 R D B2 D R D2 R'
76315241223113	564369	OK	R B R2 D R' B R2 B2 D' R B2
62154733321121	592404	OK	R B D' R' D B2 D R2 B' R2 B
56347211331131	558117	OK	R B R D' R2 B2 R D R2 D R2
12734562313223	551079	OK	R B R B R D2 B D' B D2 R2
62135473122131	562489	OK	R B R B' D2 R2 D R' D R2 D2
24715632313223	562260	OK	R B R D' R B' R' D2 B2 R' B
54637211132111	562610	OK	R B R' B2 R D2 B' D B R D'
16537421223113	568705	OK	R B R2 D R' B R2 B2 D' R' D2
15367421223113	581419	OK	R B D2 B D R2 B' R2 D R D2
15627431223113	575648	OK	R B R' D' R' D' R2 B R' D2 R
57364213332122	568180	OK	R B R2 B2 D R' D B' D B D
76245311131121	569535	OK	R B R' B D' R B2 R2 B R' D'
27453161123111	559349	OK	R B R2 D B2 D R2 D2 B' D R
61472533112111	558949	OK	R B R B2 D2 R B' R' D R2 B2
54362711111231	591134	OK	R B D' B2 R D R' B D2 B' R
45612373322111	576943	OK	R B R' B' D R2 D R' B R2 B'
75243613213232	592353	OK	R B D2 B' D' B2 R B' D R D'
51647231113232	560454	OK	R B R2 D2 B D2 B R' D' B2 D
35267141223233	578068	OK	R B D B' R' B' D R D' R D2
46375211211332	571307	OK	R B R' B' R2 D' R' D R2 B' R'
23674153232321	575948	OK	R B D R' B2 R' B' R' D R2 B'
57214361323232	567604	OK	R B R' D2 B D B' D R2 D' R
31527643332122	562971	OK	R B R' B R B' R D' B2 D2 R
46375212132131	557940	OK	R B R D2 B2 R2 D B' R2 B D'
16257433223123	577804	OK	R B D B2 R2 B' D' B2 D' B2 D
37614521323232	573736	OK	R B D R' B2 D R2 D' R D' B
32167453222313	562825	OK	R B R D B2 R B2 R B' R2 D2
14735621332112	556302	OK	R B R D2 R D2 R' B2 D B R2
46352171211233	583674	OK	R B D' R D R B' R2 D B D'
54317261113112	582293	OK	R B D2 B' R D' R' B2 D B' R
14735621333222	560777	OK	R B R2 B D2 R B D' B D' B'
16725433333232	561402	OK	R B R2 B R' B R2 D' B D B'
63752142332132	556079	OK	R B R D2 R' D' R2 B D2 B' D2
34165273222322	566461	OK	R B R2 B R2 D2 B R' B' D B2
52731641233112	570376	OK	R B R' D' B D' B D2 R2 B' D
67435123123121	582522	OK	R B D2 R' D2 R' D R' D2 B2 D
13542671231231	574550	OK	R B R' B R D2 R2 D' R' D2 B
56173421113112	582495	OK	R B D2 B' D R' D' B2 R D' R
42315673112111	573032	OK	R B R' B2 D' B D' R' D R2 D
31452672322331	589383	OK	R B D' B' D B2 D B2 R' B2 R
74125633133222	587992	OK	R B D2 B D2 B' D2 B' D R D2
31265471321111	560184	OK	R B R2 B D' B D B2 R' D R'
72345613221221	589513	OK	R B D2 B R2 B' R2 B' D B D2
54231673123121	568355	OK	R B R' D R D B2 R2 B D2 R2
24715633112111	560759	OK	R B R D' B R' D R2 D2 R B'
23456713212332	576076	OK	R B R2 B' R2 D B' R2 B R B'
73645211321111	561982	OK	R B R2 B R' B D R2 B' D R'
73645211223113	559915	OK	R B R D' B2 D B' D2 R D' R
75346213112132	571068	OK	R B R' B2 R D R' B D' R D2
67435121332112	576150	OK	R B D2 R' D2 R' B D' B2 R2 B
31452671332232	582908	OK	R B D' B D R D' R2 B R D'
53421671321231	561537	OK	R B R2 D2 B R2 B R' D' R2 D
42561733323122	552144	OK	R B R D2 B2 R B R2 D2 B' R'
76253141123132	571044	OK	R B D R' B2 R D' B R D2 B2
15236473231121	567963	OK	R B R' D2 B' D R D' R D2 B2
45623712332123	582887	OK	R B D' R D' B' R' D B2 R D'
32156471232332	572619	OK	R B R' D' R D2 R B' R D2 R'
36217543213112	583965	OK	R B D' R2 B' D R B' D R2 B2
12637451332112	549724	OK	R B R2 B R B2 D' R2 B R D2
64713253112111	574408	OK	R B D R' B2 D' R B' D' R B2
76315243211231	564783	OK	R B R2 B R2 D B D' R B' R'
32465172132131	554895	OK	R B R B' R D' B R2 B' D2 R
62317453112111	576728	OK	R B D B2 D B' D' R D' R2 B
56124371111231	562367	OK	R B R' B2 D B R' B R2 B' R
25137461211323	558544	OK	R B R2 B' R D R2 D2 R B R'
43216573132121	569015	OK	R B R2 B2 D' B R' D2 R' D2 R'
47621532232331	568578	OK	R B R' D R' B' R' B D2 R D'
47156322332132	555034	OK	R B R D2 R' D R2 B' R2 B' R2
15746321323211	568509	OK	R B D R B2 R D R2 D2 B' D'
34261572132131	554940	OK	R B R B' R D' B R2 B' D2 R'
56423171231231	571418	OK	R B R' B' D B' R2 D2 B' R' D
52163471333123	567570	OK	R B R' D B2 D' B2 R D R B'
13276541323112	566132	OK	R B R2 D' B D' B R B R' B2
12346571111231	564677	OK	R B R' B2 R' B' D' R D2 B D'
71432561323232	557739	OK	R B R D' B2 R B2 R' D B' D
32451762331121	562141	OK	R B R' B' D B2 D R2 B' R2 B
76253141211332	560637	OK	R B R' B D B D' R2 B D B'
23751463112321	565548	OK	R B R' D R D B' R2 D R B'
62374511322311	561598	OK	R B R' B2 D' B D R' D B2 R2
45671231132231	570294	OK	R B D R' D' R' D B D' B D2
57241631322113	556064	OK	R B R2 B2 D' B R2 B' D R2 D'
76342511111231	553125	OK	R B R B' D2 R B2 R' D R' D
65123471233232	564579	OK	R B R' B D R2 D R' D' B' D2
52731641323112	564827	OK	R B R' B' R B' D B2 R2 D' B
41357622313112	571276	OK	R B D B' D2 B R' B R B2 D2
62147353132121	550910	OK	R B R B2 D' R B' D B' R' D2
16542371221331	561921	OK	R B R2 B D' B R' D' R2 B R'
32156473223123	554906	OK	R B R B' R B2 R' D2 B R' D
23751461132123	564800	OK	R B R' D' R B2 R B2 D' R2 D
75412631223332	548465	OK	R B R D2 B R' D R2 D R' B2
17356241212313	562644	OK	R B R' B' R D2 R B R' D2 R2
14723652322121	566531	OK	R B R2 D' R2 D B R2 D' R2 B'
32647153132121	570444	OK	R B R' D2 B2 D B2 D B2 R D
13764251211311	548445	OK	R B R B' D2 R' B R' B' R B2
15342671211311	552480	OK	R B R B' D2 R' B R' B' R D2
23456173212332	574390	OK	R B R' B' D' R B2 D' B D2 B'
45637123332122	554292	OK	R B R2 D B2 D B2 D2 R' B R
17463251221331	561299	OK	R B R2 B D B' R2 D R B D'
25364173223231	551617	OK	R B R D' R' D' R B D' R B2
32417653132121	549630	OK	R B R B2 D2 B' R' B2 R' B2 R
45623713322321	562084	OK	R B R' B D' R' B' R B2 D R'
72345611221223	555879	OK	R B R D2 B' R B2 R' D R2 D2
17324561232332	546276	OK	R B R D B2 D B R2 B2 D' B'
53467211321111	555500	OK	R B R2 B' D R' B' D2 R D' R
51623471321111	554314	OK	R B R2 B' R B' D' B2 R B' R
42137653132121	556319	OK	R B R2 B R' B D' R D2 B' R
74125633132232	550796	OK	R B R B2 D' R B2 R' D B2 D2
75314621133221	543317	OK	R B R B' R' D' B R D' R B2
26345711223113	554661	OK	R B R2 D' R2 D' R D' R2 B2 R
17362451211311	549214	OK	R B R D2 R D' B' D R' D2 B
14763523222331	559033	OK	R B R B' R D B2 D2 R' B' D
36217541223311	553476	OK	R B R2 B' D B R2 B2 R B D'
47653213232111	547061	OK	R B R B D2 B R' B' R' D2 R2
31452671323211	548655	OK	R B R D' B2 D B' D R B2 D2
57241631323112	553622	OK	R B R2 B2 D' R D2 R' B R2 B'
76421351131121	546379	OK	R B R B' D2 B' R' B' R D2 B'
72345612331331	549904	OK	R B R B' R2 D R' D2 R B2 R2
42165373223123	556001	OK	R B R2 D' R2 D' B D' R2 B2 R
15746322313112	540370	OK	R B R B D2 B D R2 D2 B' D'
62374513312112	544336	OK	R B R B2 D R' D B2 D B' D2
46352172113231	544891	OK	R B R B' D2 B D' B R B2 D2
