12745631111111	1805390	OK	B R' B R B' D2 B' R' B' R D2
52341671111111	1815492	OK	B R' B2 R' D' B' R D2 B R' D
14325671111111	2147337	OK	B2 R' B R D B2 D R' B' R D'
41752632313211	2063020	OK	B2 R B' R D R2 B' R B D2 B'
21354672313211	2062314	OK	B2 R B' D R D2 B' R D R2 D'
54721631111111	2154801	OK	B2 R' B R' D' B R2 B R B D'
15642371111111	1209412	OK	R2 D R' B D B2 R' D B D2 B'
45312672313211	1767367	OK	B R2 B' R' D R2 B' D' B R' D2
75246311111111	1216436	OK	R2 D R' D B D2 R' D R B2 R'
25714632313211	1776990	OK	B R2 B' D' B D2 R' B' D R' B2
41625372313211	1568147	OK	R' D R' B D B2 R' D B D2 B'
47265312313211	1574738	OK	R' D R' D B D2 R' D R B2 R'
54321673313321	1163790	OK	R2 B R' D B2 D2 R' D B' R' B
25314673111313	1204212	OK	R2 B D' B R' B R B2 D2 R2 B
45176233131113	1183395	OK	R2 B D' R B' R B R2 D2 B2 R
25314673131311	1176531	OK	R2 B R' D B' R D B2 R2 D2 B
56147231222132	1188852	OK	R2 B D' B R2 B2 D' R D' R' D
53162743312223	1376610	OK	R' B R' B D R2 B' D R B2 R'
45176231131313	1145087	OK	R2 B R' B R' B D R2 B2 D2 R
45176231133113	1161211	OK	R2 B D2 R2 B2 D R B' R B' R
51342763312223	1376638	OK	R' B R' D R B2 D' R D R2 D'
54321673323311	1199488	OK	R2 B D' R' D B' R2 D2 R D' B
25314673111331	1159195	OK	R2 B R2 D2 B2 R B D' R D' B
76543211111111	1268927	OK	R2 D' R B R B2 R D' B' R B'
45176231331113	1133669	OK	R2 B R2 D2 B2 R B R' B D' R
54321673313312	1155964	OK	R2 B R' B' D B' D2 R2 D R' B
26154372332213	1230196	OK	R2 B' D2 B R' D R' B2 R' B R'
16345271111111	1268339	OK	R2 D' R B' R' D R2 D B D B'
54217362233213	1198675	OK	R2 B' R2 B R' D B' R2 B' R B'
24751362321113	1253525	OK	R2 D B2 R2 D' R' D R' B R2 B
64157321133212	1219151	OK	R2 D R2 B2 D' R' D B' R B2 R
13754262123323	1236861	OK	R2 B' D' R B' D R2 D R' D R2
52763413223312	1175741	OK	R2 B D' R B2 R2 D' R D' B' R
32456711233133	1257776	OK	R2 D B2 R2 D' B' R B' R B2 R
74256313111232	1223183	OK	R2 D R2 B2 D' B' D B' R D2 R
52763413222112	1183422	OK	R2 B D' B' D B' R2 D2 R B' R
52763411222312	1146628	OK	R2 B R' D' R B' R2 D2 R D' R
65732411333123	1150357	OK	R2 B D2 R2 B2 D R D' B D' R
23671452122333	1198648	OK	R2 B' R' B R' D B2 D R' D B2
41765322313211	1211945	OK	R2 D2 R B' R B R2 D' B D B2
64325713121222	1118443	OK	R2 B D' B R' D' R D2 R B R'
52763413322312	1137471	OK	R2 B R' B R2 B2 D' R B' D' R
36725413131311	932723	OK	R B' D2 B' D' B D' B R' D2 R2
35721642221213	1115118	OK	R2 B D' R B' D' R D2 R D R'
46257313312211	1211744	OK	R2 D R' D B R2 B R2 D2 B D
34162752132212	1089504	OK	R2 B D R' B D' R D' R D2 B
12345673132313	967044	OK	R B' D2 B' R' B D' R D' R2 D2
52314673311311	1218721	OK	R2 D B' R' D' B D2 R' B D2 B'
25731642232211	1078570	OK	R2 B R' B D R' B2 R' D2 R D
45176321131133	1189298	OK	R2 D R' D' B' D R2 B' R D2 R'
24615372213311	1206491	OK	R2 D R' B D R2 D B2 R2 D B
12345673231313	931773	OK	R B' R2 B' R' D B' R D' R2 D2
25341673113311	1194307	OK	R2 D R' B' D' B R2 D' B R2 B'
54217632132212	1078785	OK	R2 B R' B R' D' B R2 B D R'
72561433311233	1000810	OK	R D2 R2 D R' D R' B R' D B2
75243162211322	1111053	OK	R2 B2 R B2 R2 B R2 D' R2 D2 B
25631741212121	1076038	OK	R2 B R' D B' D' R B2 R B D'
57214632212213	1072202	OK	R2 B R' D R B' R2 B' R2 B R
47165321322131	1136287	OK	R2 B2 D2 B' R D' R2 B' R B' R2
27546312231122	1114855	OK	R2 B2 R D2 R2 D B2 R' D2 R2 B
23165743331312	1141275	OK	R2 B2 D2 B' R B' R2 D' B D' R2
24615733113323	1086876	OK	R2 B D2 R2 B2 R' D B' D B2 D'
12367451312222	1010797	OK	R D2 R2 D B' D R' D B' D R2
74513263121222	1065941	OK	R2 B R D' B D' B R' D R2 B
32147652233213	972793	OK	R D B2 R2 D2 B R B' D R' D'
34561272212213	978189	OK	R D B2 R2 D2 B R D' B R' D'
36725413111313	893342	OK	R B' R2 B' D' B R' B R' D2 R2
41532672313211	1090306	OK	R2 B' R D R' D2 R' D' B' D B2
23165742131333	1142819	OK	R2 B2 D2 B' D B' R2 D' R D' R2
53672142221213	1067364	OK	R2 B R B' D B' D R' D B2 R
76254133311323	1084049	OK	R2 B D2 R2 B' R' D B' D R2 D
63725143123313	1145073	OK	R2 B2 D2 B' D R' D2 B' R D' B2
32145671111111	1089233	OK	R2 B' R B' D' B D2 B D R D'
71625433213133	1081557	OK	R2 B D B' D B' R B' R B2 D
47352612313211	1098217	OK	R2 B' R2 B' R' D' R D2 B D' B
35267141321132	1315541	OK	R' B D R' B2 R D' B R D2 B2
24615731132333	1058552	OK	R2 B R2 D2 B2 D' B R' D B2 D'
42351763231133	1089305	OK	R2 B D2 R2 B' D' R B' D R2 D
34561272232211	948468	OK	R D R2 B2 D2 R D R' D B' D'
54367212211322	954128	OK	R D R2 D2 R B R2 B2 R' D2 B
54367211213333	977657	OK	R D B2 D2 B D R2 D2 R' D2 B
54312673311311	1106630	OK	R2 B' R D B2 D' R B2 D' R2 D
63172452313211	1090614	OK	R2 B' R B R' D2 R' D' R' B D2
45321673113311	1127613	OK	R2 B' D R B2 R' B R2 D' B2 D
32147652332213	937422	OK	R D R2 B2 D2 R D B' D B' D'
62135743312223	1038612	OK	R2 B R2 B2 D2 R' B' D R' B R2
12347651111111	1084916	OK	R2 B' R B D B2 D B' D' R D'
61352472313211	1096400	OK	R2 B' R2 B' D' B' D R2 B R' D
16527431312222	947105	OK	R D R' B' D R D2 R2 B2 R B'
52741632123323	949302	OK	R D R2 D2 R B D2 B2 D' B2 R
76321453311233	946796	OK	R D R' B R' B R2 D2 B2 R B'
63125741112323	1035547	OK	R2 B R' B D R2 B2 D' R2 D B
42615371313332	1061986	OK	R2 B D2 R2 B2 R' B D' B D2 B'
74256311321222	1047145	OK	R2 B R2 D2 B' D' R D' R D2 R
74123653132232	995808	OK	R D2 R2 D B' R B' R B' R B2
75314621313212	1309652	OK	R' B D B' D2 B R' B R B2 D2
24751362221231	1055902	OK	R2 B R2 D2 B' R' B D' B R2 B
74165233111313	824796	OK	R B2 R2 B' R D' R D' R' D2 R'
16543271221223	1011815	OK	R D2 R2 D R' B R' B R' B R2
41635721212121	963190	OK	R D2 R' D' R D' B R2 B D' B
45376121131133	1093619	OK	R2 B' R B D2 B' R B2 D' B2 D
25413672323111	1289609	OK	R' B R D' B2 D B' D R B2 D2
35624712321212	882585	OK	R B' D R2 D2 B' D B' R' D B
16254733312223	888652	OK	R D R2 B' D' R2 D' B R B2 R
26317451212211	1073662	OK	R2 B2 R' D' R' D B2 D B2 D' R2
46215372313211	1032510	OK	R2 B2 R B' D R D2 B' R D R2
24563713121222	970137	OK	R D2 R' B' R D' B D2 B D' R
25364172311231	1284921	OK	R' B R B' D2 B D' B R B2 D2
74165233132313	830716	OK	R B2 R2 B' R' D2 R' D' R D' R
36725412111212	812591	OK	R B2 R D R' B R' B R2 B2 R'
74165233231313	833266	OK	R B2 R2 B' R' B2 R' B' D B' R
17326452212111	1068423	OK	R2 B2 R' B' R' D R2 D R2 D' R2
26435712222122	1057469	OK	R2 B R2 D2 B2 D' R D' R B2 R'
14367523311113	984796	OK	R D' R' B' R B' R' D2 R' D' B
36754123232222	893796	OK	R B' D B2 D' B R' B D R' B2
76312452212111	1049947	OK	R2 B D' B' D R B' D R2 D' R
63725141112323	870326	OK	R D R2 B' R B R2 D2 B R' D'
34561273313321	896024	OK	R B' R' D2 B' R D' B2 R2 B' R
12374562111212	894924	OK	R B' D B2 D2 R' D R' B' R B
56123471331332	965007	OK	R D B2 D2 B D B2 D2 B' R2 D
54367213112222	906189	OK	R B' D R' D2 R B2 R' D2 R D'
74165233131311	825556	OK	R B2 R2 B' R B' R D' R' B2 R'
71264533231223	888345	OK	R B' D R2 D' R D' R D R' B2
52741633321223	908093	OK	R B' D B' R2 B R2 B' D2 B D'
12345672321212	836283	OK	R B D' R2 B' R B2 R B' R' D2
32156741112323	1018499	OK	R2 B R' B D R2 B' D R B2 R'
76321453323311	922360	OK	R B' D' R2 D B2 D' B D2 B R'
36725412123212	814788	OK	R B2 R D B' R B' R B2 R2 B'
12367452113333	909143	OK	R B' D B2 D2 R' D R' B' R B2
76321452123323	899001	OK	R B' D R B2 R B' D2 R2 B R'
61235741313131	883746	OK	R B' D' B D R D2 R2 B' R B
12345672121232	829658	OK	R B D2 B R D' B D' B' R2 B2
24731561111111	1000377	OK	R2 B R' B R2 D R' D' B' D2 B'
72543613132232	943316	OK	R D R' D R' B R2 D2 B2 R B'
32647512333233	1070902	OK	R2 B2 R' D' B' R D2 R B2 R' B2
21347562312323	1192545	OK	R2 D2 R B' D B R2 D' R B R2
74165231121212	792181	OK	R B D2 B D B' D B' R' B2 R2
34527612231332	896726	OK	R B' D R2 D2 B' D B' R' D B2
14763251221223	952999	OK	R D R' D' B R D2 R2 B2 R D'
24315673311311	1040606	OK	R2 B D' B' D' R D2 B' D R2 D'
74165232111212	801347	OK	R B D' B2 R' B R2 B R' B' D2
75462132123212	854969	OK	R B' R D2 R2 B' D B' D' B R
14632571111111	996979	OK	R2 B R' B2 R' D' B' R D2 B R'
36125743222331	1208916	OK	R2 D B' D' B' R D2 B' R B2 R'
76541232131213	995996	OK	R D' B2 D' R B D R2 D2 R B
36725412321212	809788	OK	R B2 R B R' B R' D B2 D2 B'
12354761112323	1019044	OK	R2 B R' D R B2 D' R D R2 D'
63541271212211	1033085	OK	R2 B D B' R B R2 B2 D' B' R
54367213312133	872767	OK	R B' R B' R2 B R2 B' R2 B R'
76321453313312	889337	OK	R B' R' D2 R B2 R' D R2 D R'
67321451212211	1018895	OK	R2 B R' D' R D R' B R2 B' R
74165231313131	779370	OK	R B D2 R B' R2 B' D R' B R2
67132541133311	967637	OK	R D' R2 B2 R' B2 D B2 D2 B D'
72361542333233	1019817	OK	R2 B D R' D R B2 R2 D' R' B
31564272212111	1035118	OK	R2 B D2 B2 R D' B' D B2 R B
16527432211322	870042	OK	R B' R B R' B D2 R2 B' D R2
56274312313211	863590	OK	R D R' D B D2 R' D R B2 R'
36712542121211	850997	OK	R B' R B2 R2 D' R B' R' D R
36725413131113	790796	OK	R B D2 R B' D2 B' D R' D R2
45276131131133	1027099	OK	R2 B D' R' D' R D2 B' D B2 D'
72561432213122	867296	OK	R B' R D2 R2 B' D B' D' B R2
12765432222212	1002201	OK	R D' B2 D' B D R D2 R2 D R
73615241112323	814072	OK	R B' R B2 D2 R2 B R' B R' D
16527431222132	875457	OK	R B' R D' R B' R D2 R2 D' B2
73624513121132	973965	OK	R D2 B' D2 R D' B R' B R' D
52614372313211	858444	OK	R D R' B D B2 R' D B D2 B'
12345673131323	798443	OK	R B R2 D B' D2 B' R B' R D2
15324673113311	1009953	OK	R2 B R' D' R' D R2 B' D B2 D'
36725412121211	810578	OK	R B2 R B D' R B' D R2 D2 R'
16427532333233	1025246	OK	R2 B D2 B2 R B' R' B D2 R D
45312673132313	1040000	OK	R2 B2 R D R2 D' R2 D R' B' D2
76254313211111	1053362	OK	R2 B D2 B2 R2 D' B' R B' R D2
46127353131323	862230	OK	R B' R' D R D B2 D2 R' B R
45376213131323	1044175	OK	R2 B2 R D B2 D' R2 D B' R' D2
12345672123212	804937	OK	R B R' B2 D' R B2 R D' R' D2
76512343213313	965151	OK	R D2 B' R2 D R' B R' B D' B
17265433111313	919270	OK	R D2 R B R' D R' B2 R' B R'
76512343332311	963682	OK	R D2 B' R2 D R' D R' B D' R
72543613322312	917378	OK	R B' D' B2 D B2 D' R D2 R D'
64531271212211	1007055	OK	R2 B R2 B2 D R' D' B D2 R B
74165232121211	774904	OK	R B R' D2 B' R D2 R D' B' D2
36725411313131	746620	OK	R B R2 B2 R' D' R2 D' B' R B'
32147651213333	860113	OK	R B' R D R' B D2 R2 B' R D2
36741252122123	865753	OK	R B' R B2 R2 D' R B' R' D R2
24351761111123	1046627	OK	R2 B D2 B2 R2 D' R' B R' B D2
43675122222122	886253	OK	R B' D' R D R B2 R2 D' B D
45312673231313	1037005	OK	R2 B2 R B D2 B' R2 B R' B' D2
74165233131323	773152	OK	R B R' B D' R' B2 R' D' B2 D2
74165231212121	758905	OK	R B R2 B D R' D B' R' B2 R2
12456731132321	1144984	OK	R2 D R' B2 R' B' R' D R2 B D'
32517463131311	930640	OK	R D2 R D R' D B' D2 B' D R'
32147562333233	1002751	OK	R2 B R' B' D R D' R D2 R' B
36725411212121	756304	OK	R B R2 B D R' D B' R' D2 R2
36725412121232	756952	OK	R B R2 B R B2 R2 B' D' R B'
74165233131113	760350	OK	R B R2 B2 R' D' B2 D' R' B D'
32416753121222	890569	OK	R D R2 B' D' B2 D' B D R2 D
24615732111323	972802	OK	R D2 B' D2 B D2 R' B D2 B2 D'
26435712322322	966663	OK	R D2 B' D2 B R2 D' B R2 B2 R'
36725412121112	756384	OK	R B R2 B R D' R B' R' D2 R2
74165232121112	754009	OK	R B R2 B R D' R B' R' B2 R2
25341762313223	1024935	OK	R2 B R' D R B2 D2 R' D2 R D
36725411131313	760184	OK	R B R2 D B' R2 B' D B' D R2
36145272131213	965447	OK	R D' R2 D' B R B R2 B2 R B
67254311131133	1023951	OK	R2 B D2 B' D2 R D' R2 D B D'
56347212111221	1052459	OK	R2 B2 R' B R2 D' B' R' D2 B D
36725411121212	755859	OK	R B R2 B D B2 D2 B' R' D R'
32567412222212	965897	OK	R D' R2 D' R B R B2 R2 B R
54612371112311	1017235	OK	R2 B R2 B2 D2 R' D' R D' B D2
74165231131313	770655	OK	R B R' D R' B' R2 B' R' B2 R2
36514272212111	1001438	OK	R2 B R D' R D B2 D2 R' D' R
12367451123333	816175	OK	R B2 R2 B R D' R D' R D' R2
54367212333113	823092	OK	R B2 R' B D' R' B R D' B R'
16527431123333	814850	OK	R B2 R2 B' D' R B' D R' D B2
76145231122112	1050785	OK	R2 B2 R' B D2 R' B' D' B2 R D
21345762223322	966972	OK	R D2 B' R2 B R2 D' R D2 R2 D'
76145231221112	1056995	OK	R2 B2 R' D B2 R' B' D' R2 B D
23165742131321	962823	OK	R D2 B' R2 B D2 R' D R2 D2 R'
67354211313113	1053198	OK	R2 B2 R' D B D' R2 B2 R B2 R
24351673311311	1025030	OK	R2 B D2 B' R2 D R' D2 R B D'
52741632212231	826433	OK	R B2 R' B R' B' R D R' D B'
62351743112123	1143538	OK	R2 D R' B R2 D R' B' D' B2 D'
34527612211322	816735	OK	R B2 R2 B' D R' B R' D B R2
54367211333213	825553	OK	R B2 R' D B' R' B R B' D R'
72543613223312	882990	OK	R B' R' B2 R D2 R' B D2 B D'
43765212222122	916877	OK	R D B2 D2 B' R D2 B' D2 B R
63725142123131	892737	OK	R D B D2 B2 D B R D' R2 D'
67354211333111	1048325	OK	R2 B2 R' B D B' R2 D2 R D2 R
72561433321133	811143	OK	R B2 R2 B D' R B' D R' D B2
51267342312233	843908	OK	R B' D B2 D B' R D' R' B2 D2
32147651123333	799664	OK	R B2 R D R D2 B D' R2 D' R
64125371131313	858918	OK	R B' D2 B R' D R' B2 R' B R'
34561273321133	815727	OK	R B2 R2 B D2 R' B R2 B2 R' B'
75231463211123	902442	OK	R D B2 D' R B' D B2 D' R2 D
34527613312133	814868	OK	R B2 R2 B' D2 R' D B2 D2 B' R'
13265741112323	848074	OK	R D R2 D' B2 R2 D R B' D B2
36741252123323	813929	OK	R B2 R2 B' R D' B R' D R B2
13275641112323	765455	OK	R B2 R' B R' B R' B D' R2 D2
41263751312222	924551	OK	R D2 R2 D B2 D2 R2 D R2 D2 B'
27643513311233	934196	OK	R D2 R2 D R2 D2 B2 D B2 D2 R'
56123473133132	867189	OK	R B' R D' R2 D B2 D' B2 D R'
72543611331332	883463	OK	R B' D B R' B R2 D2 B' R B2
51324673113311	997982	OK	R2 B R2 B' D2 R B' D2 B R D'
14763251222312	884367	OK	R B' R' B2 D' R B' R2 D2 R' D
47216352131333	914338	OK	R D B2 D2 B' R B2 D' B2 D R
76321453233131	811030	OK	R B2 R2 B R2 D' B R2 B2 R' D'
63542713121333	821111	OK	R B' R B2 R D' R B' R' D2 B2
63574212313211	919679	OK	R D' R B R B2 R D' B' R B'
71264533231313	781200	OK	R B D2 B' D2 B D' R2 D' R D2
46153273131131	962925	OK	R D' R2 B2 R' D2 B D2 B2 D B'
72561433321223	815974	OK	R B2 R2 B' D2 R' D R2 D2 R' D'
52163473323332	1046150	OK	R2 B2 R' D R2 B' R' D' R2 B R
62435172311132	879841	OK	R D B R2 B2 R D R D' B2 D'
34527612231122	787277	OK	R B D2 B2 D' R B2 D R2 D2 R'
36741253233131	809347	OK	R B2 R2 B R' D B' D R' B D2
32417562113321	818898	OK	R B' R D' B' D B2 D R D' B
52741633313321	790108	OK	R B D' R D' R' B R B' R B2
67154233323332	787551	OK	R B D' B R2 B2 D' R D' R' D
63752411333213	1041574	OK	R2 B2 R' B R D' R2 B2 R B2 R
32165741111111	865602	OK	R D B' D B' D B2 D2 B R' B'
12367451213333	816216	OK	R B2 R2 B' R B' D R' D B D2
54321672212213	812222	OK	R B D' B R' B R B2 D2 R2 B
25471631312213	832859	OK	R B' D R2 D R' D R' B' R2 D2
34527612331322	807563	OK	R B2 R2 B D R' D R' D R' D2
63752412333113	1047427	OK	R2 B2 R' D R D' R2 B2 R D2 R
14763253222112	867847	OK	R B' R B' R B' D B2 D2 B' D2
54367212231122	791525	OK	R B D2 B2 D B D2 B2 D' R2 B
12367453112222	824620	OK	R B2 R2 B' R2 D' R B2 R2 B' D'
72435163333313	971978	OK	R D' B D' R2 D' B' D' B R2 D
34561272122321	822021	OK	R B2 R2 B' D' B R' D R' B R2
65314272313211	921461	OK	R D' R B' R' D R2 D B D B'
53714622233111	814712	OK	R B' R D2 R D' R D' B' R2 D2
12367541113331	909431	OK	R D2 B D2 B' D R' D R' B' R
56147232332213	789608	OK	R B D' R B' R B R2 D2 B2 R
32147652331322	810411	OK	R B2 R2 B' R' B R' D B' R B2
46127352131333	849284	OK	R B' R' B D B D2 B2 R' B D
63142571132321	1096924	OK	R2 B' D2 R B D2 B R2 B D' B2
34561272213122	778959	OK	R B D B' D2 R2 D R B R' D2
16527432331322	799210	OK	R B2 R B R D2 B R' D2 R' D
52741632212213	784072	OK	R B D2 R D' R' D2 R' D2 B D'
31654272313322	807171	OK	R B' R B2 R D' R B' D2 B R2
41725361321213	890709	OK	R D B2 R2 D' R' D R' B R2 B
52763143222331	1122086	OK	R2 B' D B D2 B' R D2 B' D2 B
54367212332213	783962	OK	R B D2 R D' B' R2 B' D2 R D'
34216572213122	914427	OK	R D2 R2 D R2 D2 B2 D' R2 D2 B
32674152113333	915988	OK	R D2 R2 D B2 D2 R2 D' B2 D2 R
47251363131113	826364	OK	R B' R2 B R' D B' R2 B' R B'
41352671222111	797416	OK	R B D' R' D B' R2 D2 R D' B
36741252122321	811628	OK	R B2 R2 B R B' R D' R B' D2
72145633312223	909512	OK	R D2 B R' D B R2 D' R D B2
36712542121112	750450	OK	R B R' D2 B2 D B R D' R' B
41352671212121	761930	OK	R B R' D B2 D2 R' D B' R' B
65132472212231	1031689	OK	R2 B2 R B R2 B' D2 B D' B' R2
34561273311233	779328	OK	R B D B' R2 D2 R' D' R B2 D'
54321672232211	783793	OK	R B R' D B' R D B2 R2 D2 B
76321452122321	805071	OK	R B2 R B D B2 R B' R2 B' D
52741633323311	788401	OK	R B D' R D R2 D B' R2 D2 B
52341672323312	985098	OK	R2 B R2 D B2 D R' B D2 B D
35624712121232	733894	OK	R B R2 B D2 R' D B D2 B R2
16527432231122	772026	OK	R B R' D' B D2 R' B R' D' B
52714361232113	883574	OK	R D B2 D2 R' B R' B' R D2 B'
32147651312222	766309	OK	R B D R' D2 B2 D' R' B R2 D'
36712542122111	774945	OK	R B D' R B' R2 D R' D R D2
76321452213122	778235	OK	R B D B' D2 R2 D R B R' B2
73624513332131	959189	OK	R D2 B' D2 R D' R D' B D' B
42163751121212	816112	OK	R B' R2 D' R' B R D' B2 D R
63142573112123	1073217	OK	R2 B' R2 D B R2 B R2 B D' R2
47165322133112	859589	OK	R D R2 B2 D' R' D B' R B2 R
16745233333313	961523	OK	R D' B2 R B R2 B' D' B2 D' B'
65243712121322	760814	OK	R B2 R D2 R2 D B2 R D2 R2 B2
16527432333113	777725	OK	R B D2 R2 B2 D R B' R B' R'
76321453321133	770221	OK	R B R' D' R B D2 B2 R2 B R'
15762342122213	752624	OK	R B D' R B' D R2 D R' D R'
56147232233213	757094	OK	R B R' B R' B D R2 B2 D2 R
56147232333113	773914	OK	R B D2 R2 B2 D R B' R B' R
32761453121312	959080	OK	R D' B2 R B D2 B' R' B2 R' B'
26534713333313	934715	OK	R D' R B' R B2 D R' B' R' B2
54367121113331	903423	OK	R D2 B D2 B' D R' D R' B' R'
54367211222132	761064	OK	R B R' B D' B' D B R' B D2
26547313131323	805775	OK	R B2 D2 B' D R' D R2 D' R2 D
37426513132313	744028	OK	R B R2 B' R2 B D' R2 D' B D2
71264533131323	740823	OK	R B R2 B R2 B' R D2 B' D2 B
16534723211123	894365	OK	R D2 R B D2 B' D' B2 R B D
12356743113131	780287	OK	R B D2 B' R2 B D' B2 D' B R2
67345122223133	901891	OK	R D B' R2 D2 R D B R' B2 D
16273541122133	817226	OK	R B' R2 D2 R D R2 D R B' R
34561273321223	775897	OK	R B D R2 D2 B' R B' R D R2
54367212233213	756386	OK	R B R2 D R' D' R2 D' R2 B D'
26743512121232	814302	OK	R B' R2 D' R' D R D' B2 D B
52741632232211	758422	OK	R B R2 D R' B' R2 B' D2 R D'
31524673332122	974986	OK	R D' R' D' R B' D' B2 D' R' B
45736121122211	872979	OK	R D B D2 B' D R2 B' D2 B R'
35624712331232	746156	OK	R B R' D B' R2 D B' R B D2
46275312112232	860546	OK	R D R2 B2 D' B' D B' R D2 R
12374561121212	739611	OK	R B R2 B R2 D' R B D2 B R2
67245311112311	876018	OK	R D R' D B R2 B R2 D2 B D
56123471333123	816102	OK	R B2 R' D R' B' R B R' D R'
71523463231313	786865	OK	R B2 R2 D' B D' B' D R B' D
12356741313131	745136	OK	R B R2 D B' D2 R2 D R' B' R2
14763251332331	806628	OK	R B2 R2 B' R' D B' D R' B D2
52341673323212	975718	OK	R2 B R D2 R B' R D2 R B2 D
71263542323123	1088322	OK	R2 B' D2 R B R2 B D2 B R' D2
72561433221233	772818	OK	R B D R2 B2 R' D B' D' R2 B
24376512222122	816525	OK	R B' R D2 R D' R D' R2 D B2
76321452122333	753748	OK	R B R2 B2 R' B D2 R D2 R2 D
76321452122123	775126	OK	R B D R' B2 D2 B D B R' B2
23657142121112	803974	OK	R B' R D R2 B2 D R' D2 R D2
34561272122123	775025	OK	R B D R' B2 D2 B D B R' D2
45621373211111	872294	OK	R D R' B D R2 D B2 R2 D B
36741252122333	749307	OK	R B R2 B2 R' B R2 D B2 D2 B'
26435713333133	897850	OK	R D B2 R2 D' B' R B' R B2 R
56271433132313	781688	OK	R B2 R2 D' R D' B' R D B' D
64275132211133	909063	OK	R D B' D2 R2 D B R B' R2 D
32147653112222	772425	OK	R B D B2 D2 R' B D' R D B2
35624712321332	742850	OK	R B R' B R2 D R' B2 R' B R'
47165322313211	720851	OK	R B D2 B R2 B2 D2 B R2 B' D'
25734613113323	890000	OK	R D2 R B D2 B D' B' D2 R2 B'
36125471222111	988803	OK	R2 B R2 D B2 D B' R D2 R B
41756231321213	886607	OK	R D2 R D R2 D B' D' R2 B2 D'
34675212222122	841954	OK	R B' D R' B2 D B' D B D2 B
24617532233321	1023266	OK	R2 B2 R B' R D R2 B' R B D2
27415633321322	879817	OK	R D R' D R D' B2 R D' R B'
71264533221323	747631	OK	R B R2 D B' R2 D2 R B' R' D2
52741632122333	751250	OK	R B R2 B2 R D B2 D2 B' D2 R
41352671212112	756090	OK	R B R' B' D B' D2 R2 D R' B
16527433312133	741140	OK	R B R B2 R2 D' B R' B R B2
71263541333222	1059639	OK	R2 B' R2 D B D2 B R2 B R' B2
52741633221233	774064	OK	R B D R2 B2 R' B' R2 D' R' D
42615372313211	716941	OK	R B D2 B D2 B2 R2 B D2 B' D'
34561273221233	770114	OK	R B R' D R' D2 B2 D R D R2
23517462131333	813611	OK	R B' R B' D' B D2 B R D' B
32147652113333	735712	OK	R B R B' D2 R2 D B D B' D2
54367211132222	773357	OK	R B D B2 R2 B' R B' D' B2 R'
13246571113232	965904	OK	R D' B' D2 R D R2 D' B' R2 B'
17435623211123	799991	OK	R B2 D' R B D R2 D2 B' D B
12374561211212	747795	OK	R B R' B R' B2 D R' D B D2
72365413121312	932735	OK	R D' R2 B R B2 R' D' B2 D' B'
36542712121322	758691	OK	R B2 R D2 R2 D' B2 R B2 R2 D'
12367451132222	779577	OK	R B D B2 R2 B' R B' D' B2 R
56743213121213	875849	OK	R D B2 R' D R D B2 D2 R' B
41237561313131	788341	OK	R B2 D2 B' D B' R B2 R' D2 R
23416752121211	804024	OK	R B' R B' D' B D2 B R D' B2
13642573221221	866458	OK	R B' R D2 R' D R' D R D' B2
74152363133222	836587	OK	R B' R B2 R' D B' R B D' B2
76143253333313	931988	OK	R D' R2 B R D2 R' D' R2 D' B'
32716452123212	804212	OK	R B' R D' B' D B2 D R D' B2
16527432113333	740310	OK	R B R B' D2 R2 D B D B' R2
34561273233131	764007	OK	R B R' B' D B R2 B2 D2 B R'
62435172211133	874874	OK	R D R' D2 B2 D R B D' R2 B
74123653133132	801108	OK	R B2 R2 B' R2 D' R D2 R2 D' R'
54321672212231	768215	OK	R B R2 D2 B2 R B D' R D' B
16543271332331	810234	OK	R B2 R2 B D B' R B' D B' R2
71453623311122	892729	OK	R D B2 D' B D' R B2 R' D2 R
56174321232113	854029	OK	R D R2 D2 B' D R' D' B D2 R'
14763253133222	804360	OK	R B2 R2 B R2 D' B D2 B2 D' B'
47632513212332	1048505	OK	R2 B2 R' B' D' R D2 R D2 R' D2
47132563222331	1031464	OK	R2 B D' R' D R D' B R2 B' D
43576212112232	883847	OK	R D2 R D B2 D B' D' B2 R2 D'
52741633313312	752406	OK	R B R' B D B2 D B' D2 R2 B
71643523331213	740236	OK	R B D2 B' D2 B' R D R' B D2
12376541232233	971423	OK	R D' B' R2 B' D' R2 D B R2 D'
41673252212222	736640	OK	R B D2 B' R2 B' R B D' R D2
36125471212112	972741	OK	R2 B R B2 R B' D B2 D R2 B
32147651132222	750599	OK	R B R' B D' B2 R2 B R D B2
63752141111111	836057	OK	R D R' D B' D R2 D2 R D' R'
72543613221221	810406	OK	R B2 R2 B D2 R' B D2 B2 D' R'
34715262221123	868239	OK	R B' D' R B' D R2 D R' D R2
34625172111212	794187	OK	R B' R B2 R D' R B' D2 B R'
35174262213131	829452	OK	R B' D B2 D' R D2 B' R2 B R2
74123653133222	800530	OK	R B2 R2 B R' B R' D B' R B2
67345122232133	859683	OK	R D R D2 R2 D R D B' R2 B'
16527432231332	747557	OK	R B R D' B2 R2 B R D B' R2
15746321111111	849001	OK	R D2 R B' R B R2 D' B D B2
56271433111313	758801	OK	R B2 R B2 R2 B' R2 D' R2 D2 B
42615372213311	887619	OK	R D B2 R' B D R2 B2 D B' R'
27534161111123	923627	OK	R D' R2 D' R B2 R D2 B D R2
23165741112323	696534	OK	R B R2 D' B D R2 B2 D R' D'
27365412321212	803856	OK	R B' R D2 R D' R D' R2 D B'
36172452133133	870554	OK	R D R2 D2 R' D B2 R' B2 R B
14736521321231	944822	OK	R D' R' D2 R' D' B2 D R D2 B'
63725142223133	874649	OK	R D R' B2 D2 B R B R' D2 B
16543271331332	809083	OK	R B2 R2 B' D B' D R' B D B2
71523463131311	763607	OK	R B2 R B' R2 B' D B2 R B' R2
76321542211112	853127	OK	R D B D' R B' D B2 D' B2 R'
56147231333213	745418	OK	R B R2 D2 B2 R B R' B D' R
63512743313333	747862	OK	R B D' B R B2 D2 R' D2 R2 B'
54723612131312	893580	OK	R D2 R' D2 B R D2 R2 D' R' D2
43621752213323	752260	OK	R B2 R B2 R2 B R2 D R2 D2 B2
47136252133112	877329	OK	R D2 R B R2 B R' D' B2 R2 D'
16527431333213	748337	OK	R B R2 D2 B2 R B R' B D' R'
16543273221221	824771	OK	R B2 R2 B D' B R' D R' B R2
31275461322233	842019	OK	R B' D B2 R2 D2 B D' B D' R
74521633133333	891341	OK	R D2 R' D2 B R B2 R2 B' D' R2
76321452212231	756988	OK	R B R2 D2 B2 R B D' R D' B'
53761242221213	794543	OK	R B2 R' D' R B' R D2 R D' R
71546322231212	715743	OK	R B R' B R' D B2 D R' D B'
56123472322121	785011	OK	R B D2 B2 D B R2 B2 R' B2 D
24736512222332	883031	OK	R D B' D R' B R' B2 R D2 B'
34265712212132	869083	OK	R D R2 D2 R' D R2 B' R2 B R
56123471222312	793611	OK	R B D' B D' R' B D R' D B2
64275132232133	858944	OK	R D R B2 R2 B D R B' D2 B'
17362452213311	953075	OK	R D' B2 D' R B2 R B2 D B D2
24537613231322	906324	OK	R D2 B R2 B' R B' D R' B' D
43617521223221	903151	OK	R D B' D2 R D' R B D' R2 D'
41725362313223	883896	OK	R D B2 R' B R B2 D2 R D' R'
36712542121121	733346	OK	R B R2 B R B2 D B2 D2 B' D'
56123473322312	792711	OK	R B D' B D R2 D B' D2 R2 B
12356741133131	737528	OK	R B R2 B D2 B' R B2 D' B2 D
17543261111111	834378	OK	R D B' R2 B R' B D R2 B2 D2
56321742211112	834433	OK	R D R D2 R' B R2 D' B2 D B'
24167353132232	902487	OK	R D B' R2 D R' B D B' D2 B'
32147652231332	742929	OK	R B R D' B2 R2 B R D B' D2
41725362313211	685807	OK	R B R2 B D2 B2 R2 B R2 B' D'
34617252132212	782616	OK	R B2 R' B' R B' D B2 D B' R
31275461112233	835611	OK	R B' D R2 B2 D2 R B' D R' B
52167432122222	890698	OK	R D2 R' B2 D R D2 R2 D' B' D2
23157462131123	877288	OK	R D B' R B' D R' B2 R D2 B'
71523463331312	776103	OK	R B2 R2 D' R B' R' D R B' R
73642511111111	726882	OK	R B2 R' D' R D2 B' D' R D' R2
72543611332331	794167	OK	R B2 R D B D2 R B' D2 B' R
17426531232233	946895	OK	R D' R' B2 R' D' R2 D R B2 D'
72561342313223	949676	OK	R D' B2 D' B D2 B R2 D R D2
14735621223332	1001176	OK	R2 B D' B2 R' D R D' B R2 D2
46275312313211	686013	OK	R B R2 B R2 B2 D2 B D2 B' D'
45273162222122	799531	OK	R B2 D2 B' R B' R D2 R' B2 R
52361472121313	871782	OK	R D B2 D2 B' D' B2 R B2 R' D2
21457631321123	993785	OK	R2 B D2 R' D R' D B D2 R D'
41725631111111	796365	OK	R B' D' R' D R2 B' D2 B D' B
74521633121213	893576	OK	R D2 R' B2 D R B2 R2 B' R' D2
71643252231212	741349	OK	R B D2 B2 R' B R' D' B R B'
56213743313333	707096	OK	R B R2 B' D2 R2 B R B' R B'
13246571111111	720112	OK	R B2 R' B' R D2 B' R' B D' B2
63724153121213	863557	OK	R D B R2 D2 B D' R D' R D'
15634722123332	918101	OK	R D' R2 B R2 B' D' B2 R2 D R'
46275313312211	861404	OK	R D R2 B' R D R2 B2 D R' B'
14763251333123	768727	OK	R B D2 R2 B2 D R D' B D' R'
53146272123233	830183	OK	R D R B2 R' D R2 B' R2 B R'
64357213231322	895105	OK	R D2 B R2 B' R B' D R' B' D'
14763253133231	782555	OK	R B D' R D' R2 B2 R B R D2
56271433123313	780195	OK	R B2 R2 D' B R' B' D R D' R
47653213211231	997035	OK	R2 B D2 R' D R D2 B R B' D'
31627452221333	832050	OK	R B' R' B R' D B2 D R' D B2
42167532131333	793431	OK	R B2 D2 B' R D' R D2 R' D2 R
45362712122222	746007	OK	R B D' B R' D' R D2 R B R'
56743212221222	874504	OK	R D B2 D2 B' D' R2 B R2 B' D2
73654122111122	915122	OK	R D' R2 B R2 B' R' D2 B2 R B'
34721652221222	874927	OK	R D B2 D2 B' D' R2 B R2 B' R2
31267542313133	792262	OK	R B' R D2 R' B D2 R' B2 R B2
72163453331333	841747	OK	R D R2 D2 R' B' R2 D R2 D' R2
31265472233321	978195	OK	R2 B R' D2 B' D R D' R D2 B2
27615432113321	837951	OK	R D R2 B2 D R2 D R B' R B2
17526432123233	850563	OK	R D B R' D B' D B2 D' R2 B'
74123652322121	779186	OK	R B D2 B2 D' R D2 B R2 B2 R'
35417622223133	861849	OK	R D R2 D' R B' R B2 R' B2 R
71326543333313	754665	OK	R B2 R2 B R2 B2 D2 B R2 B2 D'
27613543333133	800834	OK	R B' R B R2 D2 B R' B2 R B2
72543611223221	787653	OK	R B D' B D' R2 B2 R D B D2
31265471111111	775535	OK	R B' D B2 D' B R' D R2 B2 D2
36217452131333	807028	OK	R B' R B' D2 R D' B R D2 R
72163452122222	840600	OK	R D R2 B' D B D R2 D2 B' R
76345122211112	846491	OK	R D B D' R B' D B2 D' B2 R
13274651112323	760577	OK	R B2 D' B2 D' R D' R2 B2 D' R
27415363131113	724539	OK	R B R' B D' R' B R B D2 B2
62317453312211	921647	OK	R D' R2 D' B R2 B D2 R B D2
13572641122133	847186	OK	R D R2 D' R2 B2 D R D' B D2
16347252131312	836755	OK	R D R2 B' D R B D2 B2 R' B
26517343333313	755144	OK	R B2 R2 B D2 B2 R2 B' R2 B2 D
54127633133333	868454	OK	R D B2 R' D B D B2 D2 R' B
71534262122222	836784	OK	R D R D2 B2 R D' R B' R D'
41367253111133	790540	OK	R B' R2 B R2 B2 R B2 D B2 D'
71436253333112	948369	OK	R D' B R' B R2 D R' D' B' D2
75143263231313	762426	OK	R B2 R2 D2 B' D2 B' R' B R' B'
24761531221223	874760	OK	R D R' D2 B R' D B R' B2 R'
37651242211133	859819	OK	R D R2 D' B R' B R2 B' R2 B
14625731111111	772302	OK	R B' D R' B2 R D2 B' D R D
52763411333123	765814	OK	R B D2 R2 B2 D R D' B D' R
23147562123131	832770	OK	R D R D2 R D B2 D' B' D2 R
16453271111111	805921	OK	R D R' B2 R B' R D R2 B2 D2
71546233331213	719667	OK	R B D R' B2 R D' R D R' B2
24351673111133	860634	OK	R D B' D B2 D' B D' B R D2
53614721212121	745277	OK	R B2 R B2 R2 B' R2 D B2 D2 R'
34721652121313	873606	OK	R D B2 D2 B' D' B2 R B2 R' B2
63251743133231	875404	OK	R D R' B2 D R' D R D' B2 D'
72543613133222	755488	OK	R B R' D B' D R2 B2 D2 R B'
43126572133313	701170	OK	R B R2 B' R2 B' R D B' R D2
24637512311132	822274	OK	R D R B2 R B R2 B' D' B2 R
24563712121232	720649	OK	R B R' D2 B' R' D2 B R D2 R2
13276451113211	804201	OK	R B' R2 B' R D R2 D R' D2 R'
32175462312323	969117	OK	R2 B R2 B' R D R2 D2 R B R'
23756413322312	780570	OK	R B D' B' D B' R2 D2 R B' R
31265741233331	853007	OK	R D R D' B D' R B2 R B R
56123473222112	763506	OK	R B R' D R' D' B R B' D B2
24716532323231	806840	OK	R B' R2 B' D B R2 B R' D2 R'
56743213331333	842656	OK	R D R2 D2 R' B' R2 D R2 D' B2
16475233132313	758332	OK	R B2 R2 D2 B' R2 B' R' D R' B'
46127351131313	704739	OK	R B R2 B R' D R D2 R D R'
56123473223312	759929	OK	R B R' D R D2 R B' R2 D2 B
13276451233133	794268	OK	R B' R B R' B2 D2 B R' B2 R'
52167433133333	851985	OK	R D B2 D2 B R D R' D2 R' B
65147321232113	802952	OK	R B' D R2 B' R B D' R D2 R2
23756413222112	774179	OK	R B D' R B2 R2 D' R D' B' R
41576322212222	722476	OK	R B D B' D2 B R' D B R' B2
51472361131313	744525	OK	R B2 R B R' B D' R2 D' B D'
31275463311122	800811	OK	R B2 D' B D R D2 R2 B' R B
62174351122133	705761	OK	R B R2 D2 B R2 B R D' B D'
24563711121212	713243	OK	R B R' B2 D' R' B2 D B D2 B2
13276541213312	992829	OK	R2 B D' R2 B' D R B' D R2 B2
42136752131312	723825	OK	R B D R' B D' R D' R D2 B
23475162121112	704613	OK	R B R2 B R2 B' D R' B' D2 R2
56341273121213	855687	OK	R D B2 D2 B R B R' D2 R' B
73615241113322	800831	OK	R B' R D2 B2 R2 D B' R B' R
51732643121213	742167	OK	R B D' R B' D' R D2 R D R'
57236141323232	976085	OK	R2 B D R' B2 R D' B R D2 B2
21346752313322	834338	OK	R D R2 B2 D R' D' R' B2 R2 D'
72164353131113	748505	OK	R B2 R D R' B D' B2 D' B R'
53724612121112	732321	OK	R B D' R B R2 D2 B' R2 B2 D'
34516722313223	886923	OK	R D2 R D B2 D' B' D2 R B R
14763252322121	759565	OK	R B R' B' R B2 D' R B' R' D
46123573232123	928409	OK	R D' B2 R D' R D' B' R' D R2
17435622211133	793438	OK	R B2 D' B R D R2 D2 B' R D
14567231312213	831301	OK	R D R' D' B D2 B D' R' B R
36152741231312	827610	OK	R B' D' R D2 B' R D' B' D2 B'
21376541122211	827900	OK	R D R D' R B' R B2 R' D2 B'
13576241312213	756380	OK	R B2 R2 D' B D' B2 D' R' D R'
43216573212332	984359	OK	R2 B R2 B2 D B' D' B R2 D B
76342513322111	971963	OK	R2 B R' B2 D' B D R' D B2 R2
36714521232113	867572	OK	R D B' D2 R D' B' D' B2 D2 R
56123471223221	735898	OK	R B R B2 D2 B' R' B2 D' R' B
17425631322332	956712	OK	R2 B R D2 B R' D R2 D R' B2
24351671212211	861222	OK	R D B' R' D' B D2 R' B D2 B'
45613272233111	751253	OK	R B2 R2 D' R D' B2 D' R' B R'
14673251111111	774701	OK	R B' D' R D2 B' D B R B' R2
47126351233232	851995	OK	R D R' B R D' B2 R D' B D'
37614521111111	765528	OK	R B' D R2 D' R2 B D' R' D' R
61734523222331	979146	OK	R2 B R B' R D B2 D2 R' B' D
71462533111223	918260	OK	R D2 B' D R2 D2 R' D R2 B' R2
31754621331122	957523	OK	R2 B R2 B D2 R B D' B D' B'
41735261323313	925214	OK	R D' R D' R2 D' R' B' D B2 R
14763253221221	759950	OK	R B R' B R' D B2 R2 D2 B R'
53761242121211	697711	OK	R B R B2 R2 B' D2 R B D B2
71435263211123	747355	OK	R B2 R B' R B' R B' D' B2 D2
64275133231112	797325	OK	R B2 D' B2 D R2 B' R D2 R2 D'
76312543322222	912454	OK	R D2 B' R D2 R2 D' R D2 B' R2
13265742131312	826481	OK	R D R B2 D2 R B' D R' B D'
51642731113322	869555	OK	R D B2 D2 R' D B' R' B R2 D'
12367541112212	805538	OK	R B' D' R2 D B' R2 D B2 D' B2
36714522121322	871617	OK	R D B' D2 B' D R D R2 D2 R
41726532312233	752388	OK	R B2 R2 D' B R' B2 R' B' D R'
31246753312211	887852	OK	R D2 R D R2 D' B' R2 D B R
34617252111212	698115	OK	R B R D2 R B D B2 R' B R'
24615731122313	792109	OK	R B2 D' B2 D B2 R' B D2 B2 D'
56721432312233	813915	OK	R D R B' R' D R' D' R B2 R
21357462311111	805185	OK	R B' R2 D2 R B D2 B R D' R
72165432111122	869896	OK	R D2 R' B2 R B' R' B D2 R D2
63751242221321	830786	OK	R B' D B R' B2 D2 B D' B2 D'
56123472331331	740840	OK	R B R2 B2 R D R2 D2 R' B2 D
21345671111111	781691	OK	R B' D2 R' B R' B' R D2 R B
15246371331332	774362	OK	R B D' B R' B2 D R' B D B2
16543272331331	749516	OK	R B R2 B2 R' B D2 R B2 R2 B'
52147633111112	875295	OK	R D2 R' D B D B' D R' D2 B
52463713212332	978635	OK	R2 B R2 B' R2 D B' R2 B R B'
37642152213311	883083	OK	R D2 R B R2 B' R' D2 B R B
37624512121322	865721	OK	R D B' R2 B' R B D B2 D2 B
72543612331331	736728	OK	R B R2 B2 R' B R2 D R2 D2 R
12347652123332	874519	OK	R D2 R' D2 R B' D' R D2 B D2
47123562232133	859218	OK	R D B D2 R' B' R2 B R D2 R
53761242321212	695713	OK	R B R B2 R B R B2 D' R B'
57364212213311	858162	OK	R D B' R' D' B2 R2 D' R B' D
52463173212332	987618	OK	R2 B R' B' D' R B2 D' B D2 B'
61452731311313	799425	OK	R B' R' D' R D' R' B2 R' D' B
14763253133132	733526	OK	R B R D2 R2 B' R D' B R D2
56147322333233	834753	OK	R D R' D' B' D R2 B' R D2 R'
14763253132232	734685	OK	R B R B' R2 D2 R' D' B D2 R'
65274131111111	746348	OK	R B' R D' B2 D B2 R' D B D
51324672212111	835921	OK	R D R' B' D' B R2 D' B R2 B'
32741651121311	873315	OK	R D2 R' B R D B' R D' R2 B
14523673121312	818930	OK	R B' D' B D2 B2 D B' D' R D2
54163272233111	807227	OK	R D R B R' B2 D' B R D R
54723613333313	850842	OK	R D B2 R' D' B2 D B D2 B R'
32175461111111	744574	OK	R B' R B2 R' D B' D R2 B2 D2
56123473133231	737948	OK	R B R D2 B2 D' R' B2 D' B' R
17356242211331	961099	OK	R2 B R2 B R2 D B D' R B' R'
72543611221223	739777	OK	R B R D' R2 B2 R' B' R D2 B'
62571432321233	813962	OK	R B' D' B2 D B' R2 D B2 D' R2
34617252123212	693496	OK	R B R B R2 D2 R' D' R2 B' D2
54127632131213	796880	OK	R B' D B R' D' R B R' D R2
72163453131212	837598	OK	R D R2 D2 R' B' D2 R D2 R' D2
54127633131212	837876	OK	R D R2 D2 R' B' D2 R D2 R' B2
73615242223133	791103	OK	R B2 D' R D R B2 R2 D' B D
71452632222131	848561	OK	R D R' B R' D R' D2 R B2 D'
72563411112131	875320	OK	R D2 R' D R D B' D B' R2 D
73642513223222	916764	OK	R D2 B' D B2 D2 B' R D2 B' D2
74123653133231	733447	OK	R B R D2 B2 D' B R' D' R2 B
37615423121132	758556	OK	R B2 R2 B' D B2 R' D2 R D2 B'
72345611111111	752547	OK	R B' R2 B' R' D' R D2 B D' B
16543271223221	744206	OK	R B R B2 D2 B' D R' D' B2 R
54371621113112	972743	OK	R2 B D B' D2 B R' B R B2 D2
63725143122113	787538	OK	R B2 D' R2 D R2 B' D B2 D2 B'
15624732123212	791589	OK	R B' D B' R2 B D2 R D' B2 D
27615431312333	850151	OK	R D B D2 R2 B D' B R' D R'
54723613121312	850057	OK	R D B2 R' D' R2 D R B2 R D'
71365423331312	755657	OK	R B2 R2 D2 B' D2 B' D' B R' B'
43571262122222	699456	OK	R B R D' B D' B R' D R2 B
16735242122213	703910	OK	R B R2 B2 D' R B' D' R D R'
32671453123313	763501	OK	R B2 R2 D2 B' R2 B' D' B D' B'
24615732233321	816054	OK	R B' R' D B R2 B2 D2 B R' D
42673512232133	853164	OK	R D B R2 B R B2 R' D' B2 R
16347253121312	808648	OK	R B' D2 B' R B R D2 R2 D B
31765242322121	830119	OK	R B' D B' D2 R B' R D R2 D
41725362221213	787631	OK	R B2 D' R2 D B2 R' D B2 D2 B'
32567412131312	798984	OK	R B' D R' B2 D2 R D R' D B2
23756413223312	748244	OK	R B R' D' R B' R2 D2 R D' R
16273541321321	814032	OK	R B' D R D' B2 R2 B R' B2 R'
15724632123233	840100	OK	R D B R' D B' D B2 D' R2 B
13276541322311	958281	OK	R2 B R2 B' D B R2 B2 R B D'
42615372221213	792365	OK	R B2 D' B2 D R2 B' R B2 R2 B'
36547212131312	824293	OK	R D R2 D2 R D B R' B2 R' B
12673542331133	847683	OK	R D R' D R' D B' R2 B R2 D'
46275312132212	789097	OK	R B2 D' B2 D B2 R' B R2 B2 R'
14752631111111	765695	OK	R B' R' D' R D2 B' D2 B R' B
34721652222212	794331	OK	R B' D R D' R' D R B' D B2
12543671111111	743116	OK	R B' R D R' D2 R' D' B' D B2
54367121112212	799770	OK	R B' D' R2 D B R2 D' R2 D B2
76125343333133	738949	OK	R B2 R B2 D' B' R B' D R' B
25741361232113	778226	OK	R B' R D2 B' R D R' B D2 B2
23756411222312	736924	OK	R B R' B R2 B2 D' R B' D' R
47165322132212	784511	OK	R B2 D' R2 D R2 B' D R2 D2 R'
53462711113322	840450	OK	R D R2 D2 B' R D' R' B D2 R'
25736141111123	827853	OK	R D R' D' B' D2 R2 B' R D' R
32174561232113	838894	OK	R D R' D2 B R' B' R' D2 R2 B
73615243332311	752714	OK	R B2 R2 B' R D2 B' D2 B D2 R'
56243713121333	705500	OK	R B R2 D B D2 R' D B2 D2 R
16547321113331	761150	OK	R B2 D' R2 D B D2 R2 B' D' R2
47165321232113	728446	OK	R B D' R2 B2 R B R D' B2 R
72134562312212	767057	OK	R B2 D' R2 B D' R B' D B' D
74325613121312	786133	OK	R B' R' B D2 B2 D R' B' R D2
23165741231312	778142	OK	R B2 D' R2 D B2 R' D R2 D2 R'
36547212122222	826961	OK	R D R2 D2 R D R B' R2 B' R
12354762121211	788916	OK	R B' D R' D2 R D2 B D' B2 D
74136522322121	741435	OK	R B R' D B2 R D' R2 D' R B'
51726433123313	739166	OK	R B D2 B2 D' R B2 D' R2 D B
37651422312311	879076	OK	R D2 R' B D R D' R2 B D' B'
53421671321111	949522	OK	R2 B R D' B2 D B' D R B2 D2
67215343333133	710650	OK	R B R2 B D2 B' D R' D' B2 R2
52741362313223	858167	OK	R D B' D' B' R2 D2 B' R B' D
47251632131312	707908	OK	R B R' B R' D' B R2 B D R'
37415622333221	881012	OK	R D2 R' D B R D' R2 B D' R'
56143273332323	868408	OK	R D2 R' B D B D' B R' D2 B
61274351313131	710647	OK	R B D2 R B R2 D' B D2 B2 R
73615423213211	884051	OK	R D2 R' D R B D' R2 B R' B'
16542372112331	903482	OK	R D' R D R2 D2 B2 R' D' R B2
51472633331312	706144	OK	R B R2 D2 B D2 B R D' R B'
76354122111212	761198	OK	R B' R D' R2 D R2 B D' R2 D
76342513213112	950008	OK	R2 B R B2 D R' D B2 D B' D2
76541233333313	816846	OK	R B' D' R D2 R2 D R' B' D R2
54172633132313	720081	OK	R B D2 R B D2 R' B R2 B2 D
75613243131332	880977	OK	R D2 R' B R B R' D2 B R' B'
23165742123131	712289	OK	R B D B2 D2 B D R D' R2 D'
15246371332331	744606	OK	R B R' B2 D2 B R D R' D' R
32167451111111	741864	OK	R B' R B R' D2 R' D' R' B D2
42157633231322	773754	OK	R B2 D' B2 D B D2 R2 B' R' D2
73615243213313	751634	OK	R B2 R2 B' R B2 D' B2 D B2 R'
13254762321233	841244	OK	R D B2 D' R' B2 D B' D R B'
46135272133313	689888	OK	R B R B' D2 B D' R B R' B2
74132563131221	906965	OK	R D2 B' R B2 R2 B' D R2 B' D2
74521633121312	822117	OK	R D R2 B' D' R2 D B R2 B D'
56732143122113	802770	OK	R B' R' D R2 B' R B' R' B2 R'
75234162221111	848413	OK	R D B2 D' B' D2 R B' R B R'
45376121331311	852292	OK	R D B' R D2 R' D B' D B R2
51723643131311	706426	OK	R B R' B D R' B2 R' D2 R D
71435263333223	751849	OK	R B2 R2 B' D R2 B' D2 B D2 R'
36415272123212	707477	OK	R B D R2 D B D R2 B' R B
13765422121211	716075	OK	R B D B2 D R D B2 R' D R
21357642221132	759699	OK	R B2 D B2 D R B2 D' B R' B2
75312463333133	698431	OK	R B R2 B' D2 B' D B R' B R2
52167342121232	704182	OK	R B R' D B R2 D2 B' R2 B2 D'
21354761122211	817157	OK	R D R D' R B' R B2 R' D2 B
36721453121111	868853	OK	R D2 R2 B' D' B R' D2 R D' B2
23165742312323	807571	OK	R B' R' B R B2 R2 D2 R B' R
62134572321323	796304	OK	R B' R D R' B2 D2 B D' R2 D'
54127633333313	812176	OK	R B' D2 B' D B R D2 R2 D B
74152363133132	723484	OK	R B R2 B' D2 B R' D2 R' D R2
31257462222221	880672	OK	R D2 R2 B2 D' R' B D' R2 D B'
75316241231231	836497	OK	R D R B' R B' R D2 R D R
32164571111111	739561	OK	R B' R D2 R' D2 B D' B' R' B
54326171111231	944996	OK	R2 B R B' D2 B D' B R B2 D2
17642531112233	842089	OK	R D B' D' B R2 B R B2 R2 D'
35416723232213	823466	OK	R D R' D' B' D' R2 B D' B2 D
26714532121133	757258	OK	R B2 D R2 D R D2 B' D R' B2
42137561123333	743408	OK	R B2 R2 B R2 B2 D2 B' D2 B2 R
13642571221223	742619	OK	R B R2 D B R2 B2 D' R' D' B2
74152363133231	723796	OK	R B R2 B2 R' B2 D' R' B2 R' B'
76351421112323	752051	OK	R B' R2 B D' R B2 D' B2 D R2
13642571223221	738947	OK	R B R2 B2 R' B2 D' R' D2 R' B'
31267542222233	737616	OK	R B2 R D R' B R2 D' R D B'
74251633111313	702231	OK	R B R' D R B' R2 B' R2 B R
26435712233321	798817	OK	R B' R D' B R2 B2 D2 B R D'
13246752133211	772860	OK	R B2 D' B2 R D' B D' B R' D
74126352333122	897012	OK	R D' R B D2 B2 R2 D' R' B R2
35714623111322	727105	OK	R B D' B2 R2 B' R' D B' D R'
54321763113113	826011	OK	R D R' B D2 B' R D' B R B2
34716522223211	773469	OK	R B2 D' R2 B D' B R' D B' D
14527632333332	869701	OK	R D2 R' D2 R D' B' R D2 B R2
75431263133213	872834	OK	R D2 R2 B2 D' R' D B' R2 B R'
61543271111111	770763	OK	R B' D2 R' B D R B2 R B' D
15246372331331	735179	OK	R B R2 B D B2 R D2 R2 D' B'
71435263333133	754920	OK	R B2 R2 B' R D2 B' D2 B R2 D'
74152363132232	728113	OK	R B R2 D B D2 B2 R' B' D' B2
16524731112212	809387	OK	R D R2 D' B' R2 D B' R D B'
51624733323113	828199	OK	R B' D' B D2 R' D B' D' R2 D'
37624152311213	773565	OK	R B2 D' B2 R D' R B' R B' D
32657143121213	698926	OK	R B R B' D B' D R' D B2 R
37614252221123	762031	OK	R B2 R' D R' B' R B' R2 B R2
67354213111313	780676	OK	R B' D R B2 D' B2 R D R2 D'
74521633333313	824137	OK	R D R2 B' D' B2 D B R2 B R'
64357213312211	825923	OK	R D R' B' D' B2 R2 D' B R' D
41762532221333	811912	OK	R B' D R2 D' B D2 R' D2 R D2
13275643212221	750292	OK	R B2 R2 B' R B2 D' B2 D R2 B'
56243173133111	781254	OK	R B' R2 B D2 B2 D R2 B D2 B'
12354671111111	754436	OK	R B' R2 D' B R' B' D R2 D B
32567413133333	800197	OK	R B' D B' D2 R2 B D B' R B2
42751632321233	805856	OK	R B' D' B2 D B R2 D' R2 D R2
15763241111111	750695	OK	R B' R' D R2 B' D B D B' R2
36145273333313	785854	OK	R B' R' D R2 D2 R D' B' D R2
76524313331222	747492	OK	R B2 R D2 R2 D B2 R' D2 R2 B
24571362221213	701748	OK	R B R2 B D R' B2 R' B' R2 D
12365471111111	749646	OK	R B' R2 B' D' B' D R2 B R' D
67312542221111	787899	OK	R B' R' D2 R B' R2 D R2 D' R2
32561471211131	862743	OK	R D2 R2 B' R' B R' D2 R B' D2
35174262231113	736683	OK	R B2 R D B' R B2 D' R D R'
27543611111123	867814	OK	R D2 R' D2 R' D R' D2 B2 D' R
51342672212111	779884	OK	R B' D R B2 R' B R2 D' B2 D
31275462312212	722093	OK	R B D2 B R' D2 R B2 R' B D'
41725361232113	699010	OK	R B R' B2 D2 B D R D' R2 B
43751623123313	704715	OK	R B R2 B' R2 D2 B D B' D B'
24571631121212	696757	OK	R B R' B R B2 D2 R' B2 R2 D'
76325412112121	869609	OK	R D2 R' B2 R D' B' D B2 R B2
56741231131211	839244	OK	R D B2 D' R B D2 R' D' B R
53274163211222	743973	OK	R B2 R B2 R2 B R2 D' R2 D2 B
71435261322233	760589	OK	R B2 R' D R' B R' D R' B2 R2
35127462331331	798859	OK	R B' R D' B2 R D' B D R2 D
73542163321133	744995	OK	R B2 R2 B D2 B2 R2 B D2 B2 R'
41736521233232	887498	OK	R D2 B D2 B' R D' R D' B' R
32146752232223	809255	OK	R D R2 B' R B2 R' B D' R' B'
34617522221333	762480	OK	R B2 R' D B' R' B R' B2 R B2
41735262312233	758989	OK	R B2 D' B2 D' B R' D2 B2 R' B
13275641112233	751320	OK	R B2 R' B D' R B' R B' R2 B2
42351671212211	758947	OK	R B' R D B2 D' R B2 D' R2 D
71435623333331	873460	OK	R D2 R2 B2 D' B' D B' R2 B D'
31475262331313	870028	OK	R D2 R2 B2 D' B' R D' R2 D R'
75264132321212	757516	OK	R B' R B' R2 B D2 R D' R2 D
56743213121312	776252	OK	R B' R2 B' R D B D2 B2 D B
21345762312323	789184	OK	R B' R B' D R2 D2 B2 D B R'
76215433333133	707818	OK	R B R' D2 B D' B R B' R2 B'
62157342132212	692542	OK	R B R2 B R D' B2 D' R' B2 D
65471231132213	729996	OK	R B2 R B R' B R2 D' R B R'
73541262321212	681161	OK	R B R B2 R B R B2 D' R B
71462531113322	852172	OK	R D B' R2 D R' D' B' D2 B2 R
73615243331312	752330	OK	R B2 R2 B' D B2 R' D2 R B2 D'
75146321323331	761563	OK	R B2 D2 B' R D' R2 B' R B' R2
76325411111312	859362	OK	R D2 R2 B' R' D B' D2 B D' B2
71435263311122	737166	OK	R B2 R B' D B' R D' R' B2 R2
73652413331321	758379	OK	R B2 D B2 D B R2 D' B D' R2
54127632222212	767268	OK	R B' R D R' D' R D B' D B2
13546271231231	886894	OK	R D2 B R2 B' D R' B R' B' R
21473563331312	701765	OK	R B R2 D2 B D' B D' R D' B'
75264313231112	766436	OK	R B2 D2 R' D' B R' B2 D2 R D
32657412111212	682006	OK	R B R D2 R B D B2 R' B R
73614251112323	683212	OK	R B D B2 D B' D' R D' R2 D'
15672433312133	716608	OK	R B D B' D B' R B' R B2 D
31275462311213	724991	OK	R B D2 B D' B2 D B2 D' B D'
43721653231313	702174	OK	R B R2 D B R2 D' R B2 R2 D
52743611113121	840978	OK	R D B2 D' B D R2 B' R' B R
25763142223133	811243	OK	R B' D2 B R B2 D' B R2 B' R'
32174561112323	731320	OK	R B2 R' D' B R2 D' B' R B' R2
16572431111111	754446	OK	R B' R' D B' D2 R' D B R D2
32165742211112	786358	OK	R B' D2 R D' B' R D B' R D2
12765433121213	772210	OK	R B' R D' B2 R2 D R B' D B2
73615243123313	753650	OK	R B2 R2 B' D R2 B' D2 B R2 D'
46512372113321	690588	OK	R B R2 B' D2 R2 B R B' R D
74325163131323	693325	OK	R B R D' B2 D B' R B D' B2
74521632222212	792346	OK	R B' D2 R B D2 B' D' B2 D' R'
37615422223133	746721	OK	R B2 R D' B D' R D' R' D2 R2
34562172232313	809739	OK	R D R2 B' R D2 R' B D' B' R'
34721652131213	758891	OK	R B' R B R' D' B D B' D R2
14356721322233	836901	OK	R D B' R' D B2 D R D2 R2 B'
74512361322233	814800	OK	R D R' B' D B2 D B R2 B2 D'
37615422313331	714885	OK	R B D B' D2 R' D R' B D' R'
53762413322123	830829	OK	R D R' D B2 D' R D' B D B2
14723651111312	828083	OK	R D B D' R2 D R' D B' D2 R'
46257132211133	809151	OK	R B' D2 B D R2 B' D R2 D' R'
13267541111132	737325	OK	R B2 R2 D' R B' R2 B' R' D R'
25137461111111	734030	OK	R B' R B R' D2 R' D' R' B D'
15236471111111	740043	OK	R B' R2 B' D' B' D R2 B R' D2
36547212221222	770688	OK	R B' R2 D2 R D R B' R2 D R
21357463213331	752938	OK	R B2 R' B R' B' R D' R2 D B2
34165271211131	846302	OK	R D B' D B R D' R2 D R' D2
76341251111312	837800	OK	R D B' R D R D' B2 D R' B2
36145272122222	766781	OK	R B' R B' D2 R2 B D R' D R2
37615421113322	756922	OK	R B2 R' D B' R B' D R' D2 R2
16537421233112	850558	OK	R D2 R D R2 D2 R' B D2 R' D'
35162742213323	695181	OK	R B R' B D R2 B2 D' R2 D B
16275341312213	754872	OK	R B2 D' R2 D' B D' B2 R2 D' R
41532761233133	725637	OK	R B D2 B2 D' R D2 B' R2 B D
25134672313211	740493	OK	R B' R B' D' B D2 B D R D'
53126471231231	879534	OK	R D2 B R2 B' D R' B R' B' R'
21536742222131	744475	OK	R B2 R D2 B' D' B R' B R' D
74361253112132	878742	OK	R D2 B R' B R B2 D' B R D2
25736141233232	881574	OK	R D2 B D2 B' R D' R D' B' R'
76145232332213	779924	OK	R B' D2 B D' R2 B D R B' R
43572161111111	708383	OK	R B2 R' B' R' D R2 B D' B D'
25714632123131	818481	OK	R D R2 B2 D R' D B' R2 B R'
75246131333312	787169	OK	R B' R' B D2 R' B R' D' B2 D'
37615422211133	744359	OK	R B2 R D' R B' D R' B' D2 B2
41735622313322	692086	OK	R B R2 D2 B D2 B R D' R D
62174533311212	714971	OK	R B D' R2 B' R B D' R2 B2 D2
52167432131213	788785	OK	R B' D2 R B R2 B' R' D2 R' B'
14725363311113	774694	OK	R B' D R2 B' R2 B D' R B R
63471522323132	877377	OK	R D2 B' R B' R' B D2 B D B
52743611111312	828646	OK	R D B D' R2 D R' D B' D2 R
67452313321232	719230	OK	R B2 R D2 R2 B R' B' R B' R
64275131212223	716262	OK	R B D2 R2 B' R' D B' D R2 D
16345273233323	859171	OK	R D2 R2 B' D' R B' D2 B R' B2
67231543323122	892531	OK	R D' R2 B D' B D' R' D' R D2
62453713311122	803301	OK	R B' D B2 R' B D B' R B2 R2
25413763121222	689209	OK	R B R B' R B R2 D' B D B2
45312762221111	781352	OK	R B' R' D2 R B R2 D' B2 D R2
34721653333313	774663	OK	R B' R2 B' D B D R2 D2 R B
45621732212123	708194	OK	R B D2 R2 B2 R' D B' D B2 D'
51642371122313	759623	OK	R B2 D2 R' B' D R' B2 D2 R D
36547212121313	763345	OK	R B' R D2 B' D2 B R' B D2 B'
24531673123121	845647	OK	R D B R2 B' D R2 B' D2 B D'
67231541323112	916934	OK	R D' B2 R D' B R' B' D' R B2
56741231211131	829490	OK	R D B R' D2 R D' R B' D2 R
26573413331312	693630	OK	R B R2 B2 R' B D2 R' B2 R B
35162472123233	762855	OK	R B' R2 D R' D' R B D' B D2
73625141112323	662966	OK	R B R2 B' R2 D2 B D B' D R2
16532471111222	712334	OK	R B2 R B2 R2 D B' R' B D' R
37246511112233	816209	OK	R D R' D' B D2 B D R2 D2 B'
34567212223232	815623	OK	R D R2 D' B R B2 D' R' D B
42516372233111	752825	OK	R B2 D' R2 D' R D' B2 R2 D' B
21354672311132	811420	OK	R D R2 B2 D B' R D' R2 D R'
26435712311132	676486	OK	R B R B2 R2 B R B D' B2 D'
71426533333223	743111	OK	R B2 R' D B' D B2 D2 R2 B' D'
12376451111222	768744	OK	R B' D R D' B D' R2 B R D2
37654212311222	716346	OK	R B D' B2 R' B R D' R2 B2 D2
21354671131313	759578	OK	R B' R2 D2 B R' D2 B D' R' D'
36147252111113	812350	OK	R D R2 D' R B R2 D' R' D R
56347122333233	748811	OK	R B' R B D2 B' R B2 D' B2 D
46721533123313	698720	OK	R B R2 B' R D' B R' D R B2
41725363121222	726710	OK	R B D' R D' R B2 D B' R' B'
75346211211311	844321	OK	R D B' R D' B D2 B2 D R' D'
32647152133121	862042	OK	R D2 R' D2 R' B D' B2 R2 B' R
24715631111111	664967	OK	R B D B2 D2 B R D' B D' B'
56341273131212	768256	OK	R B' R2 D2 R B D R' B2 D B
12376541112323	723382	OK	R B2 R' B' D R2 B' R' D B' D2
73564213321322	735926	OK	R B2 R B2 D' B' D R' B R' B
61527431111111	733078	OK	R B' R B D2 R' D R' B D' R2
52174633223123	794687	OK	R B' R' B' R D' R' D2 R' D' R
67354213131311	758953	OK	R B' R D B2 R' D2 B D B2 D'
34165273133312	837417	OK	R D B' R2 B' R' B2 R D' R2 D2
21345763332233	719133	OK	R B D2 R2 B' D' R B' D R2 D
15273641112323	720398	OK	R B2 R' B2 D2 R' B D R' B2 R
21354673131113	757100	OK	R B' R2 B D B2 R' D2 B R B'
46275313121222	731787	OK	R B D' B D' R B2 D B' D' R'
61534272311132	723777	OK	R B2 R' B2 R D' B R' B2 R B
45213672221123	779693	OK	R B' R B2 R' B D2 R' B2 R D2
72534163211123	719252	OK	R B2 R D B2 D' R' B2 D B D
24715631122121	790827	OK	R B' D2 B R B2 D2 R2 B R' B'
16534271111111	747429	OK	R B' R2 D' B D B R2 B R' D
73642511113232	796035	OK	R B' D' B2 R D R2 D' R' B2 R'
15724362212132	721048	OK	R B D' R' D B R' D2 B2 D R2
26175432331133	737225	OK	R B2 R D2 B' D' R B' R B' D
56347212111311	794507	OK	R B' D' B R2 B R D' B' D2 R
63714252123131	727119	OK	R B2 R' B2 R B' R D' B2 D B
63752141122211	765329	OK	R B' R2 D R' B' R B R' B D2
14725362211121	792655	OK	R B' D2 B D R2 B2 D2 R B' D'
12563472131213	762662	OK	R B' R2 B' R' D2 R B R2 D' B'
15627431322113	841982	OK	R D2 R B R2 B2 R' D B2 R' D'
16725431211131	825246	OK	R D B R' D2 R D' R B' D2 R'
35167242132212	688102	OK	R B R2 B R D' B2 D' R' B2 D2
26435713311122	726551	OK	R B D' B2 R2 B R B D' B2 R
73642511113322	823152	OK	R D R' B2 D R' B' R' B2 R2 D
51623743313321	702477	OK	R B R' D B' D' R B2 R B D'
34516272312332	854195	OK	R D2 R' B2 R' B D' R2 B2 R' B
17426531213123	825270	OK	R D R' B2 R' B R D B2 D2 B
64321572111131	875911	OK	R D2 B' R B R D2 R D' B' D
27314652313211	737242	OK	R B' R B D B2 D B' D' R D'
74132561321231	794499	OK	R B' D' R2 B D R2 D' R' D2 R'
41625731222231	731055	OK	R B D' B' D2 B' R' D2 B R2 B'
27614353311332	729740	OK	R B D' B R' B R' B2 D2 R' D'
67412353132121	864561	OK	R D2 R' B2 R' D B' R2 D2 R' D
54671232221213	697647	OK	R B R2 B D R' B2 R' B' R2 D2
12374651111222	737769	OK	R B2 D B' D' B2 R B2 R B2 R2
14736521332121	826090	OK	R D R' D2 R' B R B D2 B2 D
24367511323112	894787	OK	R D' R2 B D' R D' R' D' B R2
35126741232212	761678	OK	R B2 D2 B' R B' R2 D' B D' R2
12745632212213	781859	OK	R B' D2 B R' B2 D B R D' B
35462712322322	723793	OK	R B2 R2 B R2 B' D2 R B' D2 B2
34561721111111	707394	OK	R B2 R' D' R' D B2 R D' R D'
36745213121111	814274	OK	R D R' B D R B' D2 B R' B2
35126742231233	765257	OK	R B2 D2 B' D B' R2 D' R D' R2
63752412312323	838805	OK	R D B2 R2 D B' R B' R2 B D'
27416533321232	774781	OK	R B' D B R' B R' B2 D R D2
67245311133233	723663	OK	R B D' R' D2 R' D' B2 R D2 R'
12354762121112	720171	OK	R B2 R' D R2 D R B' R' D R2
75264132121232	720148	OK	R B2 R' D R' B' R D B2 D B2
54723612222212	768103	OK	R B' R2 B' D' B2 D B R2 D' R'
65132472233321	839635	OK	R D B2 R2 D R' B R' B2 R D'
54712362223322	725731	OK	R B2 R2 B D2 B D2 R' B R2 B2
12364571112212	731480	OK	R B2 D2 R D2 R D' R' B' D2 B2
25634713321232	737334	OK	R B2 D R' B' D2 R D2 R B2 R2
25714633121333	775961	OK	R B' R' B D2 B R' D' B R2 B2
31275462223211	690867	OK	R B R2 B D' R2 D R2 D' B D'
46375213112111	817109	OK	R D R' B D' B R2 B2 R B' D'
36152742131321	721933	OK	R B2 R2 B D2 B' R2 D R' D2 R2
54367122211121	747999	OK	R B2 D' B' R2 B D2 R' B R D2
56213471111111	668034	OK	R B D' B2 D B2 R' D R D B'
42651733311122	766746	OK	R B' R B2 D' R D R' D B2 D2
62371453311311	707609	OK	R B D' B' D R B' D R2 D' R
26453172211133	775897	OK	R B' R2 B D B2 R' D R2 D' R'
45367122223133	774152	OK	R B' R2 B R B2 D' B D2 B' R'
76145232233213	747839	OK	R B' R2 B D' B2 R D B D' R
12576343212221	736607	OK	R B2 R' B R' D R2 D2 B2 R' D'
76324151112323	684244	OK	R B2 R B D' R2 B2 D R2 D' B'
13275642131333	710089	OK	R B D R' B2 D' R B' D B' D'
31275462133211	687585	OK	R B R2 B R' D2 R D2 R' B D'
14723653321313	844743	OK	R D B' D2 R D B2 D R2 D2 B
73645121113211	708757	OK	R B D2 R' B' D2 B' D' R2 B D
26135742132221	801579	OK	R B' D2 B' D' B2 D' R D B2 R2
62735143223213	804237	OK	R B' D2 B' R' B2 R' B D R2 B2
64275131312123	697214	OK	R B R' D R' D B2 R D' R' D'
26714531212133	686500	OK	R B R' D B' R D' R2 D R2 B'
12346751113133	722730	OK	R B2 D R' D B D' R2 B2 D R
14753261323112	844213	OK	R D2 R D B2 D2 B' D B2 R' B'
54167233232333	791810	OK	R B' D' R B2 R B D' B' R2 D
14735621233112	823191	OK	R D B2 R' B R' D R B R' D2
74561233321313	814058	OK	R D R' B2 R' B' R2 B D' R2 D2
17463251323112	843827	OK	R D2 R B D2 B2 D' B D2 R' B'
14752363232222	759867	OK	R B' R D R B' R2 B' R2 B' D2
12543673233323	814912	OK	R D R' D B R B' R2 B D' B2
52367142211121	712627	OK	R B2 R B' D2 R' B' R' B2 R' D
27415632323231	713193	OK	R B D2 R' B' R2 B' D' R2 B D
53742612323333	709213	OK	R B2 R B' R2 D' B' R' D2 R' D
35762142222113	764941	OK	R B2 D2 B' D R' D2 B' R D' B2
65321472111122	689690	OK	R B D B2 D' B R2 D' R2 D B'
65132743222331	854700	OK	R D B' D' B' R D2 B' R B2 R'
54612372222131	699529	OK	R B D R B2 D B' D2 R2 B' R
54326711112212	696598	OK	R B D' B R2 D' R B' D2 R2 B
54716232222113	721439	OK	R B D' R B' R B' R2 D2 B' R'
15367421211113	828409	OK	R D B' D2 B D' R B R2 D2 B2
76354121121212	714187	OK	R B2 R' B R2 B D R' B' D B2
32156471111111	677598	OK	R B D' B D' B D2 B2 D R' B'
46372511221331	749881	OK	R B2 R' B D' R' B R' D2 R D2
24715633131131	778449	OK	R B' D B2 R' B2 R B' D B R
14762351321231	782743	OK	R B' D' R2 B D' B' D B' R2 B'
63751423122311	711205	OK	R B D' R B' R B' D2 B D2 R'
57264132111323	721442	OK	R B2 R2 B R2 B R2 D' R B2 R2
76213543213133	746037	OK	R B2 D R2 D B R2 D' B R' D2
46275311123222	684349	OK	R B R2 D2 B' D' R D' R D2 R
56124371232323	804388	OK	R D R' B' R D' B D2 R2 B' R
72541633121111	807081	OK	R D R D' R2 D B' D B' D2 R
45621373123331	700899	OK	R B R' D' R2 D' R' B2 D B2 D'
32475163331222	691603	OK	R B R' B2 D2 B R' B2 R' B2 R2
45621732233333	682893	OK	R B R2 D2 B2 D' B R' D B2 D'
25736411133113	774127	OK	R B' D B D2 R' B2 D R B2 R'
65213741111111	666392	OK	R B D' R2 D B' R D' R2 D2 B2
64531273123121	809168	OK	R D R B' D B' D R2 D' B2 R'
24315761122322	768175	OK	R B' R2 B' D' B2 D' B R B2 D2
34172562313331	714570	OK	R B2 R B' R B' D' R2 D' R2 B2
41673521111111	666618	OK	R B D' R2 D B' R D' B2 R2 D2
74321653233323	797612	OK	R D R B' D2 B R' D B' R2 D
56174232323333	768208	OK	R B' D B R2 D2 B R B2 R2 D'
25367411211122	697274	OK	R B D2 B2 R B' R B' R D R2
37614522313322	770801	OK	R B' D2 R2 B' R B' R2 D R' D2
15642373231223	752082	OK	R B' R B R B' D2 B' D2 B' D2
56743212122222	722076	OK	R B2 R2 D' B R' B' D R2 B' D'
26415732233321	814300	OK	R D R' B2 R' B' R' D R2 B D'
63714521112323	677311	OK	R B D2 R' D' R' B R' B R' B2
37612542221111	734403	OK	R B2 D2 R B2 R B' D' R' D2 R2
46572311223122	786725	OK	R B' D B' R2 B' R' B' D R2 B
52167433331333	754670	OK	R B' R B2 D' B2 D R' B D2 B'
31462751111111	677503	OK	R B D' R2 D B' R D B2 R2 D'
51624731312123	720629	OK	R B2 R2 B R2 B' R2 D B' R2 B2
41762533123331	728249	OK	R B2 R B D' R B2 D' B R D'
47156321133311	753496	OK	R B' R D2 R D R B' D R2 D'
45327612222323	703386	OK	R B D2 R2 B2 R' B D' B' R B
16742352232313	701062	OK	R B D2 B' R2 B R' B D R' D2
23175463211222	700087	OK	R B R' D2 B2 D B' D2 B' R2 B2
23165473233221	817019	OK	R D R' D2 R B D' B D' R B2
34125673133333	722511	OK	R B2 R' D2 B D R2 D2 R' D' R2
54723612221222	723005	OK	R B2 R' D B' R2 B R2 D' R D'
63725141233121	690010	OK	R B R' B D' B D2 R B' D' B'
72163453121213	723755	OK	R B2 R2 D' B D' B' D R2 B' D'
41725363121231	692425	OK	R B R2 D2 B' R' B D' B R2 B
31264752313121	714631	OK	R B2 R B' D B' D' R2 D' B2 R2
27534612311132	694529	OK	R B D2 B' R B2 D' R' B2 R B'
13267451122211	754446	OK	R B' R2 D B2 D' B' D2 R2 B R'
12376451113133	717573	OK	R B2 D B2 D' B R' D B' D' R
51742632323333	737049	OK	R B2 D' R' D2 R D2 B' R B D2
65132471231321	782327	OK	R B' D2 R D2 R' B R' D2 R' B
65132473111331	759780	OK	R B' R2 B R B2 D' B2 R B R'
54261732231233	702338	OK	R B R' D B' R D' B2 R2 D' B'
61453721111111	667242	OK	R B D' R2 D B' R D B2 R2 D2
34165271112212	778260	OK	R B' D2 B' R B2 D2 R D' B2 R
17425631323112	823504	OK	R D B2 R' B D' B D B R' B2
37615422313121	677801	OK	R B R B' D2 R' B R' B D' B'
74561233233323	796624	OK	R D R B' D2 B R' D B' R2 D'
35614722321233	733619	OK	R B2 D2 R D2 R B' R' B' D2 B2
24765313222112	730058	OK	R B D' R B' D R2 D R' D R2
72531463321232	754298	OK	R B' R2 D B2 D' R2 D' B' D B2
76253413322312	736376	OK	R B2 R D2 R2 D B2 R D2 R2 B
52361472131312	718571	OK	R B2 R2 D' R D' B' R D2 B' D'
13675241112323	679402	OK	R B D2 R2 B2 R' B' D' R D2 B'
12354763211123	752642	OK	R B2 D' B R' D R2 D R D' R2
12375461111222	712542	OK	R B2 R' D R2 B' R D R D' B2
74125633121111	804930	OK	R D R D' R2 D B' D B' D2 R'
12745632232211	749366	OK	R B' R2 B R' B2 D B D R' B
47156321111111	661523	OK	R B D R' B R' D B2 D2 B D'
56347213111211	761650	OK	R B' R' B R2 B D B' D' B2 R
52167432121313	722266	OK	R B2 R' D R' B2 R B2 D' R D'
17452633213232	716365	OK	R B D' B2 R2 B D' B2 D' B2 D2
36417522123311	685870	OK	R B R' B2 D' R B D' B2 R2 D2
36745212122312	786749	OK	R B' D' B D' B' D B2 R' D2 R
71234563231322	733298	OK	R B2 D B' R D B' R2 D2 B D
75346212323333	752058	OK	R B' R2 B R B2 D2 R2 B R' D'
21364752311111	685729	OK	R B R2 D' B' R2 B' D' B2 R D
43167251232212	690851	OK	R B R' B R' B D' R2 B2 D' R'
14625732113321	747864	OK	R B' R D' R2 D B' D B D2 R'
74125633133312	814658	OK	R D R' D2 R' B' R2 B R' D2 R2
14567231321123	814955	OK	R D R' B' D B2 D B' R' B R
51324761111123	690668	OK	R B R' D R B2 D2 R' D2 R D
37624511232233	772022	OK	R B' R' B2 R' B' D2 B D B2 R'
31276452313313	780688	OK	R B' D R' B R2 D R' B' D' B2
64231572311132	679309	OK	R B D R2 B' R' D2 R B R2 B
32174561232233	777073	OK	R B' R' D2 R' D' R2 D B D2 R'
64357212313211	663258	OK	R B D B2 D R2 D B' R2 D2 B'
25641371213132	692525	OK	R B D2 R2 B2 R' B D' B D2 B'
65172431132333	707472	OK	R B2 R B R2 B D' R' B2 D2 R'
74321563311131	694013	OK	R B D2 R' D2 R D2 B' D B D'
24715363311332	694885	OK	R B R' D' B R' D2 B2 R' B' D2
12345761111111	652646	OK	R B R' D2 B' D R' D' B D2 B
75261432123233	750366	OK	R B' R2 D B2 D' R' B2 D2 R B'
62135473123121	800526	OK	R D R B' D B' D R2 D' B2 R
46275312232133	704919	OK	R B D R2 D2 R B R B' D2 B'
12365472321233	775215	OK	R B' D2 B' D B2 R2 D R' D2 B
71563243221221	731674	OK	R B D' B2 R D' R D R' B2 R'
25716431212223	704376	OK	R B D' B D' R2 D R B2 D' R
37256142321233	694808	OK	R B D' R B2 D' R B' R2 D2 B
24615733311122	698843	OK	R B R' D2 B2 D R D R' B2 D
47156231332313	791927	OK	R B' D' R D2 R D' B' D B2 D2
75346122133133	691529	OK	R B R' D' R B R' D2 B2 D B2
17425631322113	799158	OK	R D R2 B' R B' D R D R' D2
12357461111222	748517	OK	R B' R2 D B2 D' B2 D' R' D R2
52743613121111	774781	OK	R B' D B R2 D' B R' B R2 B'
32756141233121	719957	OK	R B2 R2 B D2 B R2 D' B D2 B2
24351761212232	714140	OK	R B D' B' R B' D2 R2 B' D' B2
56721343123331	687518	OK	R B R2 B2 R' B R2 D' B2 D B
46512371331221	712489	OK	R B D' R2 B2 R D' B2 D' B2 D2
37642513122221	734702	OK	R B2 R' B D' B D2 B2 R2 D' R'
32475161232323	690381	OK	R B R2 D2 B R2 B R D' B R
71435262222122	685540	OK	R B R D' B2 R' B R' D R' D'
23176453332233	705428	OK	R B D' R D' R2 D B R2 D' R
15672341113232	780533	OK	R B' D' B2 R D' B' R B' R2 B'
43576211123222	708177	OK	R B2 R D B2 D R' D' B2 R2 D'
47152631322131	718742	OK	R B2 R2 B' R B' R D2 R D R2
35172461232323	690201	OK	R B R2 D' B' D2 B' R' B2 D B
76541233331333	694297	OK	R B D2 B2 D' B' R2 D B2 D' B2
54716321112323	682111	OK	R B D' B2 D B' R B D2 R2 B'
52341672323222	761189	OK	R B' R' D R' B' D R B2 R2 B
16345273122323	773568	OK	R B' D B' D2 R B D2 R' B R'
74653213133222	718296	OK	R B D' R2 B D' R D B' R2 B'
21365742312323	810233	OK	R D R' B R2 D R' B' D' B2 D'
14536273311311	692190	OK	R B D2 B2 R D' B' D B2 R B
67412531131133	684767	OK	R B D2 B2 R B' R' B D2 R D
12637451132111	800235	OK	R D R' D2 R B' D B R2 D2 B2
54317621111222	676078	OK	R B D R' D2 B2 R D' R' B D2
13247563212131	683531	OK	R B R' B2 D2 B' D' B D' R D'
73654211111132	677545	OK	R B R2 B' R2 D2 B D B' D R
12765433331333	691166	OK	R B D2 B2 D' B' R2 D B2 D' R2
41756233121231	712832	OK	R B2 R B D2 B R' D' R2 B2 D'
23165471111111	651322	OK	R B R' D R' B R2 B2 R D' B'
36147251211131	769864	OK	R B' D R D2 B' D R' D R2 D'
71362453113311	675062	OK	R B R' D' R D R' B R2 B' R
54621372211121	745974	OK	R B' R D R2 B2 D R B2 R2 D'
76154323333112	749258	OK	R B2 D2 R' B' R D' B2 R2 D R
52741362313211	660689	OK	R B D R2 D B2 D R' D2 B2 R'
53721463223312	729530	OK	R B2 R B2 R2 B R2 D R2 D2 B
67345213111133	723445	OK	R B2 D2 R2 B' R D' R D2 B' R
56274132331133	676209	OK	R B R D B2 R D' B2 R2 D' B
15637423211123	670845	OK	R B R2 B' D B' D R2 D' R2 D
21375463333211	759443	OK	R B' R D' R2 D' B' R' D B2 R
54712361323313	748822	OK	R B2 D2 R' D' R D' B2 R2 D B
31247651323232	773797	OK	R B' D2 B D' B D2 R' B2 R B2
14327653121213	724088	OK	R B2 R' D2 B D B2 D2 B' R' D2
46157321331233	710586	OK	R B D' R' B R' D2 B2 R' D' R2
12357462211112	735421	OK	R B' R B R2 B2 D2 R' D' R D2
26513471122121	708650	OK	R B2 R D' B2 R' B' R' D2 R' B
45367213111133	722152	OK	R B2 D2 R2 B D B' R2 D R' D
24763151111111	637973	OK	R B R' B2 R D' R D' B2 D2 R2
23147651112323	665753	OK	R B D B2 R2 D B' D' R B2 D2
15724631111111	631029	OK	R B R D2 R2 D R B' D R' B'
73645122222311	706411	OK	R B D B D R' D2 B D2 B R2
75132463233233	679951	OK	R B R2 D2 B' R D' R' B2 D2 R
53762143222331	723856	OK	R B D' B' D B R' B2 D2 B D2
67342512222113	687416	OK	R B R' B R B' D2 R D' B R'
16753241221112	695288	OK	R B D' R B' D2 B R' B' R' D'
41725633211111	773365	OK	R B' D B' D2 B R2 D' R D B
16423572112121	694206	OK	R B D2 B2 R D' B D' R B R2
13267541232212	675264	OK	R B R D' B R' D B2 D R D
16534273211111	770922	OK	R B' D2 B' D B2 D R2 B D B2
34125672131312	715520	OK	R B2 R' B2 D B D2 B2 D' R' D2
37641252222323	727939	OK	R B2 D2 R B2 R B' D' R' D2 R'
32761452122222	718806	OK	R B2 R' B2 D B R2 B2 R' B' D2
72513641233322	743457	OK	R B' R2 B R' D B2 R' D2 R D2
17426531313131	696996	OK	R B2 R D B' R B D B2 R D2
21345762313223	704736	OK	R B D2 R' B R D2 B2 R D' R'
54276132233312	723963	OK	R B2 R' B R' B2 D' B R' D2 R2
74532163123223	735416	OK	R B2 R' D R' D B2 D2 R2 B' R'
12563473131212	713490	OK	R B2 R' B R' B2 R D2 B' R D'
57123461111111	641173	OK	R B R' D2 R B2 D' R D R B'
26135742332312	764676	OK	R B' R2 B' R' D2 R' B D B2 R2
34517622231323	724267	OK	R B2 D2 R D2 R B' R' B' D2 B'
54612733322213	731245	OK	R B2 R' D R' B2 D' R B' D2 B2
52341672211112	729127	OK	R B2 D' R2 D' B D' B' D2 B R2
63741522123131	659540	OK	R B R D2 R B R2 B' R' D2 B
36521472113321	681157	OK	R B D2 R B2 D' B' R' D2 R' B'
25163741112323	658569	OK	R B R2 B2 D2 R' B' D R' B R2
54376211113133	715036	OK	R B2 D B2 D' B R' D B' D' R'
23157461231333	682994	OK	R B R' D2 B' R D R' B2 D2 R2
64275133312211	711842	OK	R B D2 R' B D B2 R2 D R' B'
23164573213133	670616	OK	R B R B2 R D' R D' R B R
17324561211323	833778	OK	R D2 R B' D B R2 D' R B R2
51426731111111	655969	OK	R B D R2 D R' B' D R' B2 R2
34175263321232	711390	OK	R B2 R' B D2 R' B D B D' R2
76543211212112	767992	OK	R B' D B2 R B2 R' B D' B2 D2
17426531121212	698746	OK	R B2 R D B2 R' B2 D R D B'
34275162213221	756529	OK	R B' R B' R2 B' R' D' R D2 B
37614522113321	749819	OK	R B' R2 D2 B' D B' D2 R B' D2
47126532133133	709096	OK	R B D' R2 B2 R' B' D B' D B'
14735621323112	796789	OK	R D R2 B' R D' B R D R' B2
72163453133333	718412	OK	R B2 R2 D' R B' R' D R2 B' R'
65241371111111	669351	OK	R B2 R B' D R D2 B' R D R2
67341252222323	688948	OK	R B D2 R2 B' R B R' B R2 D
26543171111111	637164	OK	R B R' B2 R D' R D R2 B2 D2
71463523331222	702864	OK	R B D2 R2 B' R B' D' B2 R2 D
25736411331113	740750	OK	R B' R B D2 R' D2 B R D2 R'
74561232221111	750726	OK	R B' R2 B' R D2 B2 R B' D2 R
35426713111313	698112	OK	R B2 R B2 R2 D B' R B2 R D2
32465173233221	799673	OK	R D R D' R D' B' R2 D2 B' R
54371261113331	656141	OK	R B R2 B2 D B' D2 R D R2 B2
57364212313211	634721	OK	R B R D2 R B2 R B' R2 D2 B'
32751643321232	682085	OK	R B D B' R2 D2 B R' D' R D2
64321572311132	730619	OK	R B' R2 B D R2 B2 D R B R2
76354123313333	714696	OK	R B2 R2 D B' D B' R2 B D2 R2
67321453113311	710320	OK	R B2 R' D' R' D B2 D B2 D' R2
63471522123131	749089	OK	R B' R' B' R D2 R' D2 R' D R
47165322232133	680010	OK	R B R D2 R2 D B R B' R2 B'
52341671122211	732621	OK	R B2 D' R2 D' R D' B' R2 B R2
41723562313211	659290	OK	R B R' B R2 D R' D' B' D2 B'
65132471323121	793196	OK	R B' D' B D2 B R' B' R D2 R2
36527412211322	731022	OK	R B2 D' B' R D' R B2 D' B R'
42613572313211	658819	OK	R B R' B2 R' D' B' R D2 B R'
65271432231233	671544	OK	R B R B' D R' D R2 D B D
16745232121313	697954	OK	R B2 R B' D B2 D' B2 R D' B'
23174652123131	663281	OK	R B R2 B' R D2 B' R' D2 R B'
45367211211122	720005	OK	R B2 D2 R2 B D' B R2 D' B D'
75416323232213	668783	OK	R B R2 B' D2 B D' B R B' D2
27456133132223	678155	OK	R B R' B' D B R2 D2 B2 D' B
76345122311111	722557	OK	R B2 D2 R2 D R D B' R D' R2
63742511232221	676658	OK	R B R2 D2 B' D B' R' D2 B2 R
47156233233113	770950	OK	R B' R' D R2 D R' B' D B2 D2
71462532121112	693644	OK	R B2 R B R2 D' B2 R D B R'
74132562121121	726918	OK	R B2 D B2 D R B D R2 D B'
31257643311122	698454	OK	R B D2 B' D B' R B2 R' D2 R
76143253131212	701528	OK	R B2 R D' R B2 R' D2 B D' B'
47632153212311	774562	OK	R B' D2 B' R B2 R B2 D B R2
76354212313322	738678	OK	R B' R B2 D' B' D B' R2 B D'
14325673311131	729607	OK	R B2 D' R' D B2 D B D2 R2 D
72146352232223	666529	OK	R B R2 B' R2 B R' D R B' D2
54612732112223	724648	OK	R B2 R' B D' R2 B' D B' D2 B2
35462173131311	703012	OK	R B2 R D2 R2 B D' B R2 B D2
45673213211222	704551	OK	R B D2 R2 B' D B' D' B2 R2 D
73652413211312	681040	OK	R B R' B R' B D' B2 D B2 R'
36547213331333	716339	OK	R B2 R' B D' R2 D B2 R' D R'
75241632222323	695990	OK	R B D2 B2 R B' R2 D B D2 R2
14725361111111	631110	OK	R B R B' D R' D B2 D2 B D'
31265471122133	710044	OK	R B2 D R' B D R2 B' R D' R'
47652132231323	670295	OK	R B R2 D2 B2 D' R D' R' D B
21354672311123	779062	OK	R B' D2 R D2 R' D B' D2 B' D
51724362122222	699060	OK	R B D' B2 D B R2 B R' B' D
26153471122121	738512	OK	R B2 D' R' B2 R D2 B' D R B2
12347651122112	758861	OK	R B' D R2 B R2 B' D B' D2 B2
35476122221111	671667	OK	R B R' D B2 R' B R' B2 D2 R
56432713122122	729365	OK	R B2 R' D B' R2 D' R B' R2 B2
16723451122133	665484	OK	R B R' D2 B2 R' D B' D' R B2
53642171111111	646633	OK	R B R' B2 R D' R D R2 B2 D'
76354121313131	661740	OK	R B D R B D' R' B D2 R' D
56347212123233	729022	OK	R B2 D' R B2 R' B' R B' D2 B2
51324763113332	688951	OK	R B R' B' D B D' B2 R2 B R2
34167252213323	672186	OK	R B R' D' R B D2 R2 B2 D R
52376413222223	683422	OK	R B R' D' R B D2 R2 B2 R' B
36527412131222	754449	OK	R B' R' D R' B' R D2 B' D2 B
37614523232213	740375	OK	R B' R D' B R D' B R B' D'
12376542121232	694012	OK	R B2 R B D2 R' B2 D B R B'
16574231113133	663590	OK	R B R2 D2 B2 D' B R' D' R D
67354121111111	626244	OK	R B R B2 R B R2 B R B R'
53476121323322	792352	OK	R D R2 D2 B' R B2 R' D B2 D'
76345122211121	702288	OK	R B2 R2 B' R' D B2 R' D B D2
65174232323312	710628	OK	R B2 R' B D2 R' B' D' B2 R D
76341253221212	755352	OK	R B' R' B D' R' B D2 R' B2 R
76312453311311	704376	OK	R B2 R' B' R' D R2 D R2 D' R2
73645211231111	758868	OK	R B' D R2 D' R D' B R2 D2 B2
46123571111111	636130	OK	R B R' B2 R D' R D' R2 B2 D2
41563273113311	664860	OK	R B R2 B2 D R' D' B D2 R B
41657321222312	692736	OK	R B R' B R' D B2 D R' D B2
36745212123323	728069	OK	R B2 D' R' D B' R B2 D' R B'
17426531132312	745623	OK	R B2 D' B R2 B2 R' B D2 R' B2
72541631111312	734053	OK	R B' R B R2 D' R D' B D2 B'
32561471113133	733792	OK	R B' R B' D2 R D R2 B' R B'
34516271111111	653962	OK	R B D B' D2 B' D' R' B R2 D'
76213543311332	706898	OK	R B D' B R' B R' D2 R B2 D'
76143252221222	696020	OK	R B2 R B' R B2 R' D2 B D' R'
16543721111111	646894	OK	R B D R2 D R' B' D R' B2 D
13254763323122	804245	OK	R D R' B' D' B' R2 D R' D2 R
63472512123332	652437	OK	R B R B2 R' D B2 R' B2 R B'
14726532232313	712898	OK	R B2 D B D2 R2 B D' B D2 B'
16523741112212	654674	OK	R B R D2 R2 B' R D2 R' D2 R2
35461271111231	770731	OK	R B' D2 B R' D R2 B' D2 B R2
63142571111111	641619	OK	R B R' D' B R2 B R B' R2 B2
12357461113331	718770	OK	R B2 D2 R D2 R D' R' B' D2 B'
36714523132223	701308	OK	R B2 R B' D2 R B D2 R' B' D
13245671321111	801116	OK	R D R' B D2 R D' R' B' D2 B'
67354212111221	711023	OK	R B2 R' B R2 D' B' R' D2 B D
13246572321332	719500	OK	R B2 D R2 D R D B R2 B R'
24615732213311	688378	OK	R B R2 D' B R D2 B2 R B' R'
31264572122213	692046	OK	R B D' R2 D' B D B R2 B2 R
14573261333111	680948	OK	R B D2 R D' B R2 B2 D' R' B
25741632222323	718724	OK	R B2 D B2 D' R D' R B' R' D'
36145272131312	686139	OK	R B D2 R' D B R B2 R2 D' B
76354123211123	704582	OK	R B2 R D B2 D' R' B2 D B D'
12765432121313	690302	OK	R B D2 B2 D' B' D2 R B2 R' D2
17364251231231	753146	OK	R B2 D' B2 D R D2 B2 R' B' R2
65174233323212	717063	OK	R B2 R' D B2 R' B' D' R2 B D
71462533221113	748573	OK	R B2 D' B D2 B2 D' R D2 B' R2
47321651311133	647897	OK	R B R B R2 D' B2 D R2 B' D'
47156233211132	762130	OK	R B' R2 D R2 D' R B' D2 B' R
14523672121313	689326	OK	R B D2 B2 D' B' D2 R B2 R' B2
15426371111111	651565	OK	R B D R2 D R' B' D R' D2 B2
27134561131133	662793	OK	R B R' B' D R D' R D2 R' B
13462571111111	652213	OK	R B D R2 D R' B' D' B2 D2 R
72165432211112	703327	OK	R B2 R' D2 R D' R' D B2 R D2
37624513131323	669834	OK	R B D R B2 D2 R2 D B2 D' B2
54362171113133	644574	OK	R B R B D' B2 D R' B R' D'
45612371133221	803188	OK	R D R' B2 R B R' B D' B D2
14762351221331	799426	OK	R D R2 D' R' B2 D B' R B D'
45321671212211	682737	OK	R B D' B' D' R D2 B' D R2 D'
45321671221121	735815	OK	R B' R B R2 D2 B R D2 R2 B'
47265312131312	678985	OK	R B D B2 D' B' R2 D B' R' D'
34172562132332	713703	OK	R B2 R D' B D' B' R2 B' R2 D2
46523711331332	679596	OK	R B R2 B' D B' D R' B D B2
36147251131211	719454	OK	R B2 D2 R' B R B2 R2 D B D
72345613333331	779577	OK	R B' D' R D' B' R B2 D' B2 D
74561233111112	729709	OK	R B2 D' R' B2 D B D2 B2 D' R'
52314761322122	711962	OK	R B2 R2 B D2 B' D2 R D' R2 D2
16524731112233	749793	OK	R B' R' B2 D B' D' R D' R2 D'
65271341332331	685670	OK	R B R2 D2 B R' B D' B R' B'
63741252222323	724381	OK	R B2 D B2 D' R D' R B' R' D
24516732233111	672972	OK	R B D R2 D R' B' D R' B2 R'
73125463133132	687523	OK	R B R' B2 D B' R B D' B2 D'
32164572232223	735229	OK	R B' R B' D R D' B D B' D'
15624732133313	680515	OK	R B D2 R2 B R' B D R' B2 R'
74325613133333	684842	OK	R B D2 R' D R B R2 B2 D' B
14765231111312	738619	OK	R B' R D R' B2 D B2 D B' R
12375641113112	795994	OK	R D R' B2 R' D' R' D B2 R D'
26135742213323	665995	OK	R B R' B D R2 B' D R B2 R'
14625731131121	778211	OK	R B' D' B' D R2 B' R2 B R' D
51724363121213	696002	OK	R B D' R2 D B R2 B D' B' D
31264752132122	714944	OK	R B2 R D' R B' R' B2 R' B2 D2
76514321112323	659953	OK	R B D B2 D B' D' R D' R2 D2
35462171212121	672145	OK	R B D B2 R' B2 D B R2 B R'
25714632223331	761547	OK	R B' R2 D R2 D' B R' D2 R' D
45673212212132	684326	OK	R B R' D2 B2 D' R' D B' R B'
76341251112131	733316	OK	R B2 D' B' R2 D B D2 B2 D' R'
26715433231322	687739	OK	R B D' R B D2 B2 D' B' D2 R
32156742313223	745068	OK	R B2 D' B D' R D2 R D R' D2
32164572232313	738620	OK	R B' R D' R B2 D' R' B D2 B'
31456722111221	674942	OK	R B D R B' D2 R2 D' B2 R' B
76345123311113	699823	OK	R B2 R2 B' R D' R2 B R' B' D2
24536713231232	677174	OK	R B R D2 B D2 B2 D R' B2 D2
75264311223122	715690	OK	R B2 R2 B R2 B D2 R' D B2 D2
71432561232323	729668	OK	R B' R B2 R' D2 B R' D' B' R
32546713323212	679637	OK	R B D B D' R2 B2 R' B2 D' B
67354211212121	656890	OK	R B R' B2 R D' B2 R D B D2
13527461211113	768163	OK	R B' D' B D2 R' B D R D' R2
36721452122213	724338	OK	R B2 D2 B R B2 R D R2 D' R
43675211221331	687925	OK	R B D R B D' R2 B R2 B D2
34725611212211	723961	OK	R B2 D2 B D2 B R' D R2 D' R
36721452121322	733538	OK	R B2 D' B R D' B R' D2 R' B
46375213123121	772792	OK	R B' D2 R D' R' D B D' R B2
52147631131211	714785	OK	R B2 D B' D B' R2 B D' B' R
12354763131131	695256	OK	R B2 R B2 R2 D R' D R2 D R2
21364753212212	676827	OK	R B R D B D' B2 R B2 R B2
64271533221212	737547	OK	R B2 D' R2 B D' R' B D' R D'
36125473232222	737806	OK	R B2 D' B' R D2 R B R2 D2 R
25463713212332	687935	OK	R B R' B' D2 B' D' B2 R B2 R'
31264573222223	706821	OK	R B2 R D' B2 R B R2 D' B' D
74163251121122	722597	OK	R B2 D2 B D2 B D' B D2 B' R
46125731333123	692560	OK	R B D R' D B D2 R' D R B2
41725631211122	705650	OK	R B2 R' D R' D2 B2 R' D' R2 B'
71532463221332	676242	OK	R B R D2 R D' R B' D B D
13254761322233	754075	OK	R B' R' D2 B D' R' B D' R2 D'
76325412231212	720397	OK	R B2 D2 B D B2 D B R2 B' R
74163252131111	719102	OK	R B2 D2 R2 D' B' R B' R2 B D
14527632212111	723521	OK	R B2 D2 B R2 B R' D B2 D' R
75213642223133	699191	OK	R B D2 B' R B' R D2 R' B2 R
34725612231212	721251	OK	R B2 D2 B R D2 R D R2 D' B
73456123231322	657127	OK	R B R D B' D2 B R' B R' B'
32745612313322	655924	OK	R B R2 D B2 R' D' B' D2 B' R'
76143252131312	678484	OK	R B D2 B2 D R B D' R2 D' B
21654372231323	710444	OK	R B2 D R2 D' R D' B D' B' D'
73625143333313	668763	OK	R B R' B D2 B R2 D' B R' D'
32761453133333	682207	OK	R B D2 B2 D R D R' B2 R' B
12347561112212	683371	OK	R B D' R D R2 D2 B' R' B D2
12753462231323	663162	OK	R B R2 B2 D R' D2 B R D2 B2
54123673233323	739851	OK	R B' R D R2 B' D R' B R2 B'
35472163231322	699845	OK	R B2 R' B D2 R' B D B D' R'
36714522122213	698409	OK	R B D' B2 D' B R D R2 D2 R
12745633131131	735014	OK	R B2 D' B' D B2 D R B2 D2 B
72365413331333	701159	OK	R B2 R D' B D2 B' D2 R D' B'
76325411331311	757479	OK	R B' D R' B2 D B R2 D' R D'
74125633332323	733337	OK	R B2 D' B' D2 R B R2 B2 R' D'
16524731113133	682339	OK	R B2 R B' D2 R2 D' B R D2 R
25716433223213	722524	OK	R B2 R2 B' D B' R B2 R B D2
34725612121322	728003	OK	R B2 D' R D R' D B' D2 B' R
32456173212332	694036	OK	R B D B D2 R B' D2 R2 B' D
64275311112332	702907	OK	R B2 R2 B R' B2 D R2 D B2 D2
54376211111132	690865	OK	R B2 R2 D2 B' R B D' B D' R2
14752631112311	734379	OK	R B' R B' D2 B D2 R' D R B
13576241321321	688649	OK	R B R' D B R' B2 D R' B D'
71462532111212	665321	OK	R B D R' D2 B D' B2 R2 D R'
27516341111111	622661	OK	R B R B2 R B2 R B R B2 D2
52163471112122	705507	OK	R B2 R' D' R2 B2 D R B R' B2
27634511131133	707267	OK	R B2 R' D' B' R D2 R B2 R' B2
43615272113321	659484	OK	R B R2 B' D2 R2 B R B' R D2
71432563232213	709864	OK	R B2 D B R2 D2 B D' R B2 R'
25734162221111	657715	OK	R B R2 B2 R B2 D R2 D2 B R'
71345262132131	806958	OK	R D B2 R' D2 R' D B' D2 R2 D
31572461122133	661462	OK	R B R2 D2 B R2 B R D' B R2
17643251122112	664952	OK	R B R' B R' D2 R B' D' B' D'
12365741113331	687983	OK	R B D' B R D2 R2 D' R' B2 D
12347652123233	702130	OK	R B2 R' D2 R B' R' D R2 B D2
36714523132322	697334	OK	R B2 R B D' R B R B2 D B2
61543271112311	735849	OK	R B' R2 B' D B2 D B2 R D B2
23167541233322	734284	OK	R B2 D' B2 R D' B' D R' D R'
76325412333233	715963	OK	R B2 D2 B R2 B D' R B2 R' B
43512671313332	664620	OK	R B R' D R' D2 R B R2 D' B
76312542321212	669618	OK	R B D B' R2 D B' D2 R2 B R'
76342511111321	756855	OK	R B' D B2 D' B2 R B' D' R' D
62531472321233	688674	OK	R B D' B D R2 D2 B' D' R D2
36752143133222	766135	OK	R B' R' B' R2 D B D R' D' B
16725432211121	703201	OK	R B2 R' D R' D R2 B' D' R D'
61234572231323	711633	OK	R B2 D R2 D' R D' B D' B' D
41726352313322	660016	OK	R B R2 D2 B R' B' R' D2 R2 B'
71426353312211	709289	OK	R B2 R D R2 D' R' B2 D B R
47132562311111	687454	OK	R B2 R B2 R' B2 R B2 D2 R2 D'
71423563213232	684089	OK	R B R' D2 R' D R2 B' D2 B R'
21354761133311	696945	OK	R B2 R2 B' R B' R2 D B' R' D2
23164752131312	674967	OK	R B D R2 B2 D B' D B' R D'
43572612312323	725271	OK	R B2 R' D2 R D' B D' B2 D R
13546271321321	760137	OK	R B' R' B2 R D' R2 B D2 B' D2
31256471231222	668965	OK	R B R B2 D B2 D2 B R' B2 D2
27536412332312	712734	OK	R B2 R2 B' D R' D R2 D B D2
76341252323333	700855	OK	R B2 R' D B' D R2 B' R' B D'
74163253121111	744089	OK	R B' R D R2 B' R' B D2 B' R'
16527341111111	649832	OK	R B D R2 D B2 D R B R2 D2
12347653111133	690644	OK	R B2 R2 D B D2 B D' R' D2 B
26437512122312	736406	OK	R B2 D' R2 B D' B' R D' R D'
53476121323112	791798	OK	R D R2 D2 B' D B2 D' B R2 B'
35462172213311	739745	OK	R B2 D' R B' D R2 D R B' D2
54367122311111	704182	OK	R B2 R' B2 D2 R' D2 R' D' R2 D2
34165271121311	729758	OK	R B2 D' R' D2 B D B2 D2 B' R'
27534161111111	624521	OK	R B R B2 R D' B' R B' R2 D
15463271313113	658348	OK	R B R2 D R' D R2 D2 B' R' B
23165472111122	692684	OK	R B2 R2 B' D2 B D B' R2 D B'
74265312333233	678352	OK	R B D2 B' D2 R D' R2 D B D'
23176452132221	714933	OK	R B2 R2 B' R D' R D2 R B D2
35426713312211	742586	OK	R B2 D' R D' R D2 R B R' D2
12364751113133	701582	OK	R B2 R' D R2 B' R D R D' B'
47132652233321	725963	OK	R B2 R' D2 R B' D B' D2 B R
72541631113121	719667	OK	R B2 D2 R' D B R2 B2 D R B
54367121113211	677313	OK	R B D' B2 R2 D' R' B R' B R
65174322313211	629279	OK	R B R B2 R B2 R B' D2 R2 B'
14652733321331	670227	OK	R B R B D2 R D' B2 R2 D' R
76354122112121	685964	OK	R B D' R B R2 B R' D2 B D2
24315762213323	668364	OK	R B R' D R B2 D' R D R2 D'
14527631211131	735887	OK	R B' R B R2 D' B' D B2 D' R'
74312652333332	655983	OK	R B R2 B2 D B' D B' D R B2
12365471211122	711691	OK	R B2 D B' D2 R' D R D' R D
35462173221221	773591	OK	R B' R' D' B2 R B R B' D' B
67321451311133	678645	OK	R B D' B' R D' R B2 D' R' D2
62135743222331	689921	OK	R B R' B' R D' R2 B2 D' B' R2
72165433233323	735519	OK	R B' R B R' B2 D R2 D R' D
17246351111111	624961	OK	R B R B2 R D' B' R B' D2 R2
14625732233111	688699	OK	R B2 R D' B R D2 B' D R B
56741232111113	720682	OK	R B2 D2 R' D R B2 R2 D R D
51742632323231	701912	OK	R B2 R' B2 D2 R' B2 R' D' B2 D2
54367123311113	674403	OK	R B D2 B2 R B' R B' R D R
42573612323231	687124	OK	R B2 R B2 R' B2 D2 R' B2 R2 D'
56247132333233	672830	OK	R B D' R' D' R D2 B' D B2 D'
26453711333333	706147	OK	R B2 R2 B R' D2 B R2 B D2 B2
15724632323231	719782	OK	R B2 D2 R2 D R B R' B D' B2
24153672321233	647862	OK	R B R B2 R2 D' B R2 B' D2 B2
67345211211122	698401	OK	R B2 R2 D2 R' D R D2 R2 B2 R'
32561471122211	700586	OK	R B2 R' B2 R D' R' B D2 R D2
56423172112121	721667	OK	R B2 D2 R2 B R' D B2 R' D B'
54362711323112	799743	OK	R D R' D' R D' B R2 D2 B' R
14726531232122	745056	OK	R B' R2 D2 B' R D' B2 R D' R2
13725642332132	804205	OK	R D B2 R' D2 R' B R' D2 B2 D
65423713321322	677185	OK	R B R2 D2 B2 D' R D' R B2 R'
21354761113211	719982	OK	R B2 D2 R2 D B R B' R D' B2
12357641113331	644797	OK	R B R2 B2 D B' D2 R D B2 R2
21374653333121	704470	OK	R B2 R D R2 D R' B' R2 D2 B'
37624513231313	654174	OK	R B R2 B' D B2 D' B R D2 B'
16374521112323	657334	OK	R B D B2 D B' D' R D' B2 R2
24561372111131	762043	OK	R B' D2 B R' B R B2 D' B R
14527632122213	724685	OK	R B2 D2 B D R2 D R D2 R' B
15734622331223	664902	OK	R B R B D B' D2 R B2 R B2
23167542131222	737131	OK	R B2 D' B2 R D' R' B R' B D'
14726531223122	763485	OK	R B' D2 R2 B' D B' R2 D B' R2
17642531111111	623483	OK	R B R B2 R D' B' R' D2 R2 B
14327652131213	674963	OK	R B D2 R' D' B2 D R D2 R D'
25436712123332	693631	OK	R B2 R2 B' R2 B D R' B2 D B'
35246171111111	623166	OK	R B R B2 R D' B' R B' R2 B2
45613271331221	679867	OK	R B R' B2 R' B D2 R' D2 R B'
54721631122121	731353	OK	R B2 D' R D2 R' D' B R' B2 R2
24651731113223	689885	OK	R B D' B D' B D2 B2 D R D
32741652111113	715939	OK	R B2 D B' R D' R2 D R' B' R
56132472333332	716229	OK	R B2 D2 R2 B D' R B2 D' B R'
32741653111112	697405	OK	R B2 R2 D2 B D' B R' D2 R D'
32615473332122	779231	OK	R D R2 B' D2 B' D R' B2 D2 B
32765413231223	733139	OK	R B2 D' R' B D2 B D B2 R2 B
17462352213311	705709	OK	R B2 R B D2 B' R' B2 D R B
73625412222323	683688	OK	R B D2 B2 R B' R2 D B R2 D2
32145671221112	737907	OK	R B' R D2 B R2 B' R B' D2 B2
56347212232223	686120	OK	R B2 R D B2 D' R2 D B' R' D2
46321752111131	761732	OK	R B' D2 B D' R B R2 D' B R
37452162323312	652902	OK	R B R D B' D2 R2 D' R2 B' R
56712343211123	701229	OK	R B2 R' B R2 B' D R2 B' R' B
32761452121313	659731	OK	R B R' B2 D R2 D' B D' R2 D'
14356721112323	656895	OK	R B D B2 D B' D' R' B2 R2 D
34275161312213	646616	OK	R B R B2 R D' B' R B' R2 B'
32164572233321	762159	OK	R B' D2 R B D2 B R2 B D' B2
16345271222111	733201	OK	R B' R B2 D R2 D' B D' B2 D2
23156471222132	704852	OK	R B2 R' D R2 B' R' D' R2 B R
76342512232223	704633	OK	R B2 D R D2 B2 R D' R D2 R'
35162473332122	736962	OK	R B' R B2 R D R D' R D2 R'
65134721233232	746068	OK	R B2 D' R2 D R B2 D2 R' B' R2
15724632323333	696775	OK	R B2 R2 B' D' R B2 D' B R D2
54312672212111	654636	OK	R B R' D' R' D R2 B' D B2 D'
36752142122132	709483	OK	R B2 R2 D R' B D' R2 D B2 R2
72365413131212	655049	OK	R B R2 D2 R' B' D' B D2 R' D
34125672221222	655139	OK	R B R2 D2 R' D' B' D B2 R' D
61274532231323	657052	OK	R B R2 D2 B' R D B' R B2 D
27435612122222	653607	OK	R B R D2 B2 R D' B D' B D'
31257462312311	705851	OK	R B2 R2 D2 B' D' R D' R2 D B'
23456173233122	758725	OK	R B' D R D2 B2 R B D2 B2 R'
56423173133111	718033	OK	R B2 D2 R2 B R D' R2 B R' B
32761452222212	679983	OK	R B D2 R' D' R2 D B D2 B D'
25736411231321	713078	OK	R B2 R' D' B R2 D' B' R' D B2
35426712131132	707500	OK	R B2 R2 D B' R D' R2 D R2 B2
71542633132322	664281	OK	R B R2 D' R2 D R2 B' D B R'
76541233121213	663531	OK	R B R2 D' R D B R2 B2 D' B
31564273113311	668985	OK	R B D B' R B R2 B2 D' B' R
14736523112222	697559	OK	R B2 R D' R2 B R D2 B' D' R
16537421113331	670221	OK	R B D2 B D R' B2 D R D B'
32145671123333	692445	OK	R B2 R' B R2 D' R' D' B R' B'
14763521113211	684900	OK	R B2 R B2 D2 R B2 R' B2 R2 D'
56741233111112	696526	OK	R B2 R2 D2 B D' B R' D2 R D
31264573132313	643166	OK	R B R B' D2 B R' D' B2 D2 R'
32145671333333	722820	OK	R B2 D' B D R' B R' D2 R' D
14527631311121	719216	OK	R B2 D2 R2 D' R' D R' B2 R B
76315241112113	733895	OK	R B' R D2 R' D R' B R2 D2 B2
67321542232133	683375	OK	R B D B2 R' B' R2 B D R2 D
76215341231231	669272	OK	R B R D' R B2 D' R2 D B R2
13647521111111	617121	OK	R B R D B2 D R' B' R' B2 R2
12645371131121	764121	OK	R B' D2 R' B R B D2 B R' B'
62543711211113	717911	OK	R B2 D' B' R' D2 B D' R2 D' R2
23165472132332	731820	OK	R B' R B' R2 B R' D R B2 D'
76321543311131	664671	OK	R B D B2 D' B R2 D' R2 D B2
14752633223231	787420	OK	R D R B' D R' B' D2 R2 B' D
45367211111132	700067	OK	R B2 R' D' B2 R D' R2 D B' D2
36721453113113	739311	OK	R B' R D' B2 R D R2 B' R D'
71453262222221	719552	OK	R B2 R' D B D R' D2 B D' B'
62135471122121	701438	OK	R B2 R2 B' D' B R2 D' B D B2
37652143231322	688825	OK	R B2 R D' B2 R2 B' R D R2 D
25436712132122	735440	OK	R B' R D2 B' D' B D' R2 D R'
35617423131332	708784	OK	R B2 R2 D2 B' R' B D' B2 D B'
57246131112233	691352	OK	R B D2 B2 R' D R' D' R B2 D'
62135473131131	700014	OK	R B2 R2 B' D B' R2 D R' D' B2
67345211311133	682442	OK	R B2 R B' R2 B' R2 D B2 D' B
23756143222331	779123	OK	R B' D B D2 B' R D2 B' D2 B
32567412122222	659043	OK	R B R2 D' R B R B2 R2 D' R
53126471321321	754870	OK	R B' R' B2 R D R2 B' R2 B D2
14736521221313	737592	OK	R B2 D' R D2 R2 D' B D2 R' D2
54721632212222	697016	OK	R B2 R2 D R D' R2 D' B' R2 B
41325671212211	678937	OK	R B D2 B' R2 D R' D2 R B D'
54721633313321	685676	OK	R B2 R D' R D' B' R B' R D2
63452711311313	717258	OK	R B2 D2 R2 B R B' R2 D B' R
72356141112323	650181	OK	R B R' D2 R B' R B R2 D2 B'
14736521132222	691897	OK	R B2 R D R' B R D B2 R B2
72516342313223	700674	OK	R B2 R B R2 B' D' B2 R B R
32765411112221	699822	OK	R B2 R' B R' B2 D2 B D' B R2
54376121322233	690786	OK	R B D2 B2 R' B R' D' B R2 D'
57164322131312	661226	OK	R B R' B2 R D R2 D R' B' D
65174323223123	737821	OK	R B2 D' B' D2 B R2 D' R D R2
36125473323233	702625	OK	R B2 R' D B' R2 D2 R D' R B2
14752363233131	695306	OK	R B2 R D2 R2 B R' B R2 B R2
67145323133312	704280	OK	R B2 R2 B D' B2 R B2 R B2 R2
54361272223232	721132	OK	R B2 D2 R' B D R2 D2 B R D
54167232133313	695832	OK	R B2 R2 D B D' R2 D' R' D2 R
47265312122222	646960	OK	R B R B2 R' D' B2 R D' R' D'
74132563132112	734521	OK	R B2 D' R B2 R2 B' R D2 B' D2
63752143223123	743180	OK	R B' R2 B D B2 R2 D2 B D' R'
52341672232313	682786	OK	R B2 R D R2 D' R2 D R' B' D2
75613243133213	710532	OK	R B2 R' B R D R' D2 B D' R'
12536741112323	630989	OK	R B R D2 R D' B' D' B2 D2 R
21376541131133	658332	OK	R B D R' D R B2 R2 D' R' B
21375462312233	648238	OK	R B R D2 R D' B' D R' D2 R'
31475261322233	711126	OK	R B2 R' D2 B2 R' B D B' D2 B
13246573321223	689969	OK	R B2 R B' R2 D B D2 R' D' R
32465173133111	718211	OK	R B2 D2 R2 B' D R' D R2 B' R
56127433332323	696657	OK	R B2 R2 D2 B D' R B' D2 B R
41735621233232	660264	OK	R B R B' R B2 D' B2 D R B2
23164753333313	650316	OK	R B R D2 R2 B' R B' R2 D2 B'
16573241123123	732150	OK	R B' R D R2 D2 B2 R' B' R B2
14765231111213	716653	OK	R B2 D2 R2 D' R' B R' B2 R D
76354212312233	685232	OK	R B2 R D' R D R2 B' R B R
76341251221121	744422	OK	R B' R2 B' D B2 R2 D B' D2 R
72563411113121	701688	OK	R B2 R' D B R B' D R' B2 D
52761431113121	710917	OK	R B2 D R' D B' R2 B R' B' R
17526431231321	689296	OK	R B2 R B2 D2 R D2 R' D2 R2 B'
45312761113211	700985	OK	R B2 R' B2 R D2 B2 R' D' B2 D2
32465172112121	697133	OK	R B2 R2 D2 R' B R D2 R2 B2 R'
71456322111221	708209	OK	R B2 R' D' B' R' D2 B D2 B' R2
32741651131211	701639	OK	R B2 R' D R B R' D R' D2 B
65174233331213	672282	OK	R B D R' B2 D' R D R B2 R2
65432173232321	748539	OK	R B' R2 D' B R B R2 B D' B'
74132562122111	676389	OK	R B D2 R' B' D' B2 R D' B2 D
34521672223232	712064	OK	R B2 D R' B D' R2 D B' R' B
72546313323212	700357	OK	R B2 R' B' R' D' R2 B R2 B' R2
54167233331213	694947	OK	R B2 R2 D R B' D2 B' R' B2 R
65132471212112	677779	OK	R B D' R D' R' B R2 D' B' R'
12356471113133	651823	OK	R B R2 D2 B' D B D' B D2 R
45721363321313	707697	OK	R B2 R2 B D' R2 B R2 B R2 B2
67354212311132	673674	OK	R B D2 R2 B R' B R' D2 R B'
36147251121311	697947	OK	R B2 R2 D2 B R' D B' D2 B D
61534721112311	703617	OK	R B2 R' D2 R' D B' D2 R2 D' B
31475262333221	702505	OK	R B2 R2 D2 B' D' B D' R2 D R'
12734561112323	628103	OK	R B R D2 R D' B' D R' B2 D2
14275633323122	780052	OK	R D R2 B' D2 B' R D' B2 R2 B
36241753212311	739971	OK	R B' R2 B' R D2 R D2 B R B2
72143651131112	681228	OK	R B D' B' D2 B' D2 B D' B' R'
32174562231212	665457	OK	R B R' D2 R' B D R B2 R2 B
15724631322233	719741	OK	R B2 D2 R' B' D R' D2 B R' B2
35462171131313	642171	OK	R B R D2 B2 D' B' R2 B' D2 B2
13275461112233	702012	OK	R B2 R' B2 D2 R' D B R' B2 R
73651241113322	709621	OK	R B2 R' D2 B2 R' D R D' B2 D
15672342323312	704735	OK	R B2 R' D' R' D' B2 R B2 R' B2
45167323322231	686513	OK	R B D' R D' B R2 B2 R B D
52147631121311	697188	OK	R B2 R2 D2 B R' D B' D2 B D'
14736251111132	680100	OK	R B2 R D R2 B2 R' D' B2 D R'
56423171231321	694188	OK	R B2 R2 D2 B' R D B' D B' R2
72165433121333	697151	OK	R B2 R2 D2 R D' B2 R B D2 R2
45376211333123	749504	OK	R B' R2 D2 B D' R2 B D' B' R'
14725361322332	721179	OK	R B2 D2 R' D' R D' R2 B R' D2
76345123311131	663910	OK	R B D B2 D' B' R2 D B2 D' B2
16745232122222	650693	OK	R B R2 B2 R B D B' D2 B' R
13675242331313	710404	OK	R B2 R' D R D R' B2 D B' R'
54621371133311	673670	OK	R B D' B D2 B' D B' D R D2
34165271311133	676537	OK	R B2 R B2 R2 D' B D R' D2 R
16547233332323	695454	OK	R B2 R2 D2 B D' R B' D2 B R'
14736521133131	665528	OK	R B D B D2 R2 B2 R B2 R' D2
67354213313333	670616	OK	R B D R2 D B2 D B' R' B R2
41765231233232	724455	OK	R B2 D B' R' D2 B R2 B D2 B2
73625143121213	651429	OK	R B R B2 D2 R D' B R' B D'
75246313212311	686537	OK	R B D' R D2 B' D' B D' R2 D2
61472532123332	657207	OK	R B D R' D R' B D2 B' D2 R'
17463251321231	686566	OK	R B2 R D' R2 B D R D2 B' R2
32157642231323	668754	OK	R B D2 B R B' D2 R B D B'
25436711311313	714809	OK	R B2 D2 R2 B' D B' R B2 D' B
43651722323132	728201	OK	R B' R2 B R' B D R2 B' D R
63712542221111	659364	OK	R B R' B D B2 D2 R' B' R D2
65274131312213	679863	OK	R B2 R B' R D R2 B' R D R
32576142313223	696739	OK	R B2 R' D R2 D' R D2 B' D' B
32567413131212	650450	OK	R B R2 B2 R' D' B2 R D2 R' D2
25436713232321	751218	OK	R B' R' B' D R2 B' R2 B D' R
15642373221323	669964	OK	R B D B D R' D' B R2 D' B
62135473322321	727337	OK	R B2 D2 R' D' B R' D2 B D' R2
56132473213211	687359	OK	R B2 R D B' D2 B D B2 D2 R'
41625373121213	655775	OK	R B R D2 R' D' R2 B D' R' D'
76143253331333	662313	OK	R B R' D2 B R2 B' D R' D2 R'
35246172213311	696041	OK	R B2 R' D B2 D' R D2 B' D' R
56132473211111	682341	OK	R B D' B' D' R2 B2 D' R D' B
14625732112121	700324	OK	R B2 R' B D' B2 R2 D' R' B2 D'
52147632111113	697236	OK	R B2 R' B R B D' R D' R2 B
52761431112131	695784	OK	R B2 R2 D2 B R' B R' D2 R B'
21354761112233	717529	OK	R B2 D2 R' B' R D' R2 B R' B2
72541631112131	694390	OK	R B2 R2 D2 B R' B R' D2 R B
67354212212222	669949	OK	R B D R2 D B D B' R2 D' R2
67345211111132	691099	OK	R B2 R2 D2 B D' B' D R' D R2
41236753232321	741576	OK	R B' R' B R' D2 B' D R D B2
54327612223232	698967	OK	R B2 R' B D R B' R B' D2 R
76315243323323	709656	OK	R B2 D R' D B R2 D' B R' D'
67354213211132	715292	OK	R B2 R' D' R D2 B' D' R' B R2
62135473132121	723741	OK	R B2 D2 R2 D B D B' R B' R2
12364753311131	664644	OK	R B D2 R' B R B2 R D' B' R
32175462233111	669686	OK	R B D2 R' B2 R B R2 B' D2 B
16257431132111	734775	OK	R B' R' B D2 R' D R B D' R2
67321451112311	669089	OK	R B D' R B2 R' B R' D' B R2
32145673311113	682575	OK	R B2 R D B' R D2 R' B2 D R2
13275463213211	706614	OK	R B2 R2 D2 B' R' D R' D2 R B'
53741621332112	746676	OK	R B' D2 R D' B D' B' D' R D2
23165471311133	678440	OK	R B2 R B2 R2 D B D R' D2 R'
17426532121211	640343	OK	R B R B' R2 D R' B2 D2 R B'
76541232221222	651889	OK	R B R2 B2 R' D' R2 B D2 B' D2
16345272322232	716403	OK	R B2 D2 R2 D' B' D R' D2 R D
34725613111112	694502	OK	R B2 R2 D2 B' D R' D R2 D' B
14723652331232	707045	OK	R B2 D B' R2 D' R B D' B R
27453161132111	718333	OK	R B2 D' B' D' B2 R D' B2 D' B2
52134761232113	673915	OK	R B D' R' D R2 D B D2 B2 R'
32157641232323	680205	OK	R B2 R B' D2 R D B D2 R' D2
52341673232213	679043	OK	R B2 R B D2 B' R2 B R' B' D2
13246573221233	687750	OK	R B2 R B R' B R B D2 R B2
37624512231212	660495	OK	R B R' B2 R' D B D B2 D2 B
43561271111111	625544	OK	R B R D' B2 D' R' B' R B2 D'
41725633111133	657225	OK	R B D R' D B2 D' B2 R B' R
73615423333331	710043	OK	R B2 R' B D B R' D2 B R' D'
32164572312323	737458	OK	R B' R2 D B R2 B R2 B D' R2
72345612122111	705821	OK	R B2 D R' B2 D' R B R' D B
16745233121213	652660	OK	R B R2 B2 R B R D' B2 D' B
47632153232321	741168	OK	R B' R2 D' B R B R2 B D' B
17453262211133	662516	OK	R B R2 B' R D' B R2 B' R2 B
15624732333332	657984	OK	R B R' D B R2 B D' B2 R D2
21376541111123	658270	OK	R B D B' R B2 R' B D' R B2
25471362323132	728229	OK	R B' R2 B D' B D B2 R' D R
65714323223123	707378	OK	R B2 R D' R2 B' R' D' R2 D' R
15642372231332	683526	OK	R B D' B R B2 R B' D2 R B2
76354212333332	692208	OK	R B2 R' B R' D2 B2 R' B' R2 D'
32167451213333	722548	OK	R B2 D' R' B D' R B2 D' B D'
52374161112323	629446	OK	R B R D2 R D' B' D R' D2 R2
25743611233232	704505	OK	R B2 R D2 R2 B D' B' R D' B
43176252311132	673563	OK	R B D' B2 R B D R2 B' R D2
34275162112322	682054	OK	R B D2 B' R B2 D2 R B' R D2
76354122212222	656201	OK	R B R2 D2 B R' B R B' D2 B'
51324671211122	649613	OK	R B R' B' D B' R B2 D2 R' D'
52471631323112	749120	OK	R B' D2 R D' R B' R' D' R B2
76523413223231	719739	OK	R B2 D R' D R D2 B' R B R2
71562433123232	664593	OK	R B D B' D2 B' D R2 B R' B
75264133331213	656835	OK	R B R2 D2 B D' B R B' R2 B'
36147253111112	670807	OK	R B D2 B' R B R2 D' R' B R
14352672212111	651736	OK	R B R2 B' D2 R B' D2 B R D'
32146751232323	681765	OK	R B2 R D B2 D2 B' D R2 B' R'
51426733312211	695298	OK	R B2 R' B D2 B' R D2 B' R' B
12467351131121	753838	OK	R B' D2 R' B R B D2 B R' B
12364751112212	663695	OK	R B D2 B D' R D' R' D2 B R'
12376542123212	642105	OK	R B R D' R2 B D' R2 B2 D B'
64257131113223	670602	OK	R B D B2 R2 D' B R' B' D2 R2
72365412222212	647220	OK	R B R2 B R D2 R' D' R2 B D'
14765231112131	694365	OK	R B2 R2 D2 B' R B' R D2 R' D
14527633312133	673258	OK	R B D' B2 R2 D R' B' R B' D
12463751231231	702656	OK	R B2 R B2 R2 D R' D' R D' R
15367423211123	665392	OK	R B D' B R B' D R' B2 R2 D
74325613131212	649629	OK	R B R2 B2 R' D' B2 R D2 R' B2
67312452233321	689488	OK	R B D2 B' D B2 R' B' R2 B R'
35426713131113	639167	OK	R B R B2 D' R B R' B D' B'
54761233322321	692204	OK	R B D' B2 R2 D' B D' B' D R2
34125672131213	646311	OK	R B R2 B D R2 D' R' D2 B D'
32156472333332	688327	OK	R B2 R2 D2 R' D B D2 B2 R2 B'
14527631121311	696614	OK	R B2 R2 D2 B' R D' R D2 R' B
17426532331331	715639	OK	R B2 D R2 D R' B R2 B R B
76354212213323	667463	OK	R B D2 B D R2 B D2 B D2 B
14736521213333	693446	OK	R B2 R D R2 B' R2 D R B D'
76325411113121	685788	OK	R B2 R2 B D B' D' B R' B' R
72165433331213	677797	OK	R B D' B2 R2 D' R D R B2 D2
54163271133221	711947	OK	R B2 D R' B R D2 B' D R D2
45312672223331	709127	OK	R B2 R' B' D R2 B' R' D' R D2
74325612221222	651322	OK	R B R2 B2 R' D' R2 B D2 B' R2
34725612322232	689654	OK	R B2 R2 B R' D R B' R D B
76325411111213	685834	OK	R B2 R2 B D' R D B' R B R
13276542323312	700314	OK	R B2 R' D' R' D B2 R' D2 R B2
36125471111333	671877	OK	R B D' B D' B2 D' B D R B2
36721452122321	701467	OK	R B2 R' D R2 B' D' R' D B' R'
12543671211212	703521	OK	R B2 D R' D2 B' R B D' R B
71432562111221	702619	OK	R B2 R' D' B' R D2 B' R2 B R2
12745632111122	664470	OK	R B D2 B R2 B' R2 B R' D' R2
13276541321123	753970	OK	R B' D2 R B R2 B D2 B R' D2
42751632323231	672366	OK	R B D' R2 B2 D' R' B D' R B
24615371112332	676707	OK	R B D2 B R' B' R B' D2 R D'
62471532232133	651312	OK	R B R B2 R B D2 B' R' B2 D
56347213131332	689908	OK	R B2 R2 D B R' D2 R' D' R2 D
12347651133311	675785	OK	R B2 R B R' B D2 B' R2 D R2
41752632311123	707712	OK	R B2 R' B' R D2 B' R' B' R D2
12347653332323	691132	OK	R B2 R2 D2 B' D B' R B2 R' B
74523611131112	678657	OK	R B D' B' D2 B' D2 B D' B' R
32561471311121	687109	OK	R B2 R2 B R' B D R' B D R
32741651311121	674802	OK	R B D' R2 D' B2 R B' D' B R'
54721631311133	664710	OK	R B D2 B' R D2 B' R2 B R D2
37516422333311	668801	OK	R B D R2 D2 R D' B R' D B
74365211313113	696510	OK	R B2 R' D B D' R2 B2 R B2 R
32167452211121	665806	OK	R B D2 R2 D R2 D' B D R2 B'
74561232111113	684634	OK	R B2 R D' R D R2 B2 R B D2
27634512233321	677666	OK	R B2 R B R2 D2 R' B' D2 B D'
15634722321233	667141	OK	R B D2 B R' B D' B' R2 D R'
41735263123223	687729	OK	R B D' R2 B D' R' D' B D2 B'
32547611121113	669164	OK	R B D2 B2 D B' D B2 D2 B R'
16245371231231	719863	OK	R B2 D R' D' B2 R D2 R D2 R2
76342513323212	694902	OK	R B2 R' B' R' D R2 B' D2 B R2
71423653213232	750296	OK	R B' R' D' R B2 D' B R2 B' D
12745633313333	671661	OK	R B D' R' B R' D' B D2 R' D2
76543211333333	719054	OK	R B2 D' R B D' B D' B2 D' B
76312542322121	719414	OK	R B2 D B2 D R' D B2 D B R
32167453313333	670176	OK	R B D2 B' D' B2 R B' R' B2 D2
65132471222111	652561	OK	R B R' B D' B' D B2 R' D' R'
13276541133122	729489	OK	R B' R2 D B D2 B R2 B R' B2
16275343122221	694148	OK	R B D' B2 R D' R' D' R B2 R'
26153473131131	669570	OK	R B D2 B2 R D' B D' R B R
32145672212222	674517	OK	R B D' R2 B2 D' R D B R2 D2
75264133121333	648220	OK	R B R D2 R B D' R B2 D B2
34127651312111	678150	OK	R B D' R' D2 R' B2 R B' D' R'
16357421223113	690901	OK	R B D' R' D' B D2 B' R D' B'
74365211333111	691999	OK	R B2 R' B D B' R2 D2 R D2 R
63721541233322	675743	OK	R B D' R2 D' R' D' B D2 R' D
63125743133312	679150	OK	R B D2 B D' R' B D' R2 B R'
46273512122312	683395	OK	R B D' B2 D' R' D' R B2 D' R
45721363322231	668212	OK	R B D R2 B2 D' R D' R' D2 B2
12347652223232	686528	OK	R B2 R2 B D R' B' D B' R' B
14537622231323	649484	OK	R B R2 B2 D R' D2 B R B2 D2
34627512232313	657863	OK	R B D B2 R D2 R B' R B2 D2
47135622132332	682685	OK	R B D2 B' D B2 R2 D B' D R2
75246313332332	703919	OK	R B2 R2 D R' D B' R2 B R2 D2
76354121311313	640344	OK	R B R D2 B' R B D' B D' R'
76543212132323	671167	OK	R B D' R D' B2 R2 D R B D'
34165271131211	679636	OK	R B2 R B' D R D2 B2 D B D2
35462171332331	703346	OK	R B2 R' B R' B' R B D2 B D2
16537421113322	683644	OK	R B2 R D' B2 R D B R2 D' R2
74163252112211	665520	OK	R B D2 R' B D' B2 R D R2 D2
36752143211132	688980	OK	R B D' B D2 R' B' D R' B2 R2
76514321232113	672161	OK	R B D' R' D R2 D B' R B2 R2
75246313312211	695833	OK	R B2 R D R2 D' R' B2 D B R'
32547611312111	674339	OK	R B D' R' D2 R' B2 R B' D' R
46215372121223	684058	OK	R B D' B R2 D' R2 D' R B' R'
76351423321232	639921	OK	R B R2 B' D' B2 R B' R D R'
76354213222223	689214	OK	R B2 R D2 R2 B D R D' R2 D'
14752633222223	689491	OK	R B2 R D' B2 D' R2 B D2 B' R
76312453211111	642211	OK	R B R' B R2 B' D B' D' B R2
36721452131111	689746	OK	R B2 R2 B D' B D B' R D R
76325411122121	697705	OK	R B2 R' B2 R B' D' B D2 R B2
76231451123111	715433	OK	R B2 D' B R' D' R D2 R D B'
65123472312311	676371	OK	R B2 R B R' D2 R B D2 B2 R'
52761432131111	679623	OK	R B D' B2 D' B2 R D' R' B R'
21354671221112	645551	OK	R B R2 D B2 D R' B D2 B D
75634123323122	687059	OK	R B D2 B' D2 B R' B R B' R2
32465172332321	698619	OK	R B2 R' D R2 D' R D2 B' D' B2
75243611113232	675906	OK	R B2 R B' R2 D R B D2 R' B2
34725613132223	693415	OK	R B2 R2 D R D2 R B' D' R2 B
76341251311313	674546	OK	R B2 R B2 R2 D' R D R' B2 R
34725612331322	696035	OK	R B2 R' D B2 R' D' R' D R' B'
45312762311111	651059	OK	R B R' D2 B2 R' B' R B' D B
16427531231321	682057	OK	R B2 R D B2 R2 B' D' B2 D R'
72543163211111	696351	OK	R B2 R' B2 R' D R' B2 D2 B' R
31462751113322	673555	OK	R B D' B' D R2 D B R2 B2 D'
12376451221211	663388	OK	R B D2 R' D R' B2 R' B2 D' R2
72165432111113	686287	OK	R B2 R2 B R B' D' B D' B' R
56723411121113	658690	OK	R B D B' R2 B' D' B D B2 R'
73516243332131	673168	OK	R B D B2 R2 D R' D R' B R'
63754213122122	669648	OK	R B R' B D' B2 D B D2 R' D
65174232123131	653693	OK	R B R2 D2 B R' B D' B2 D B'
74156322313223	687929	OK	R B2 R B R2 B' D' B2 R B R'
63471522332132	737879	OK	R B' R' D' B R2 B' D2 B' D R
17425631122112	674875	OK	R B D' B' R B' R' B R' D R'
64351272132131	678114	OK	R B D2 R' D2 R B2 D' B D B'
47162351322122	671539	OK	R B D B2 D2 B R' D R' B D
16342571331221	716111	OK	R B2 D B' D B D' B2 R2 D R
34725613311113	651870	OK	R B D R B2 D2 R2 D B2 D' B
74156322122321	665812	OK	R B D R2 B' R2 D B D2 B D'
76341251113121	680165	OK	R B2 R B' R D R2 B2 R D B2
23156473323332	652654	OK	R B R' B2 D' R2 D R' D2 B R'
15643271331221	740211	OK	R B' R' B' D B2 R' B D2 B' D
71456321322323	682066	OK	R B2 R D R' B2 D2 R D2 R' B'
17426531112233	680782	OK	R B D' R2 B D' B' D' R2 D2 B
64275313312211	675612	OK	R B D2 B2 R2 D' B' R B' R D2
45312761133311	637446	OK	R B R2 B2 D B' D B' D R B
74523611213111	668809	OK	R B D2 B2 D B' R D2 R2 D R'
32561471131211	684150	OK	R B2 R2 B R D' B' D B' D' R
76543213113131	689623	OK	R B2 R2 D B R2 B D' B' R2 D
71543623111121	685616	OK	R B2 R' B R2 B R2 B2 D' R D'
45612373132223	681326	OK	R B2 R B' D2 B' R2 D R2 D' R
34725613111133	635695	OK	R B R2 B' D B2 D' B R D2 B2
64321572132131	725185	OK	R B' R2 B R D2 B2 R B D R2
35462173123211	680739	OK	R B D2 B R2 B R' D' R D2 R
53426171112233	653462	OK	R B R2 B2 D' R B' D' R D2 B'
75321461311112	707292	OK	R B2 D' B R D R2 D R' D' B'
67321452111122	632958	OK	R B R D' R D' B D2 B' D2 R'
67245131313323	665191	OK	R B D R2 D' R' D2 B D' B' R'
53741621323112	727055	OK	R B' R2 D R' D B' R' B' R B2
65274132123332	653524	OK	R B D R' D R' B D2 B' D2 R
76325413222223	693608	OK	R B2 R2 D R B2 R D' B' D2 R
52471631223113	725878	OK	R B' R2 D R' B D' R' B' R D2
36745213133111	683946	OK	R B2 R D2 R2 B' R B R' D2 R
14736523113131	644567	OK	R B R2 B' R D2 R' D R B2 D'
36527412322232	675565	OK	R B D' B D R D' R2 D B' R2
16537421111222	637476	OK	R B R2 B' R' D2 B R' B R B'
74561231111222	663277	OK	R B D2 B D' R D2 B' R D R'
54376211111222	625924	OK	R B R B2 R' D' B2 D' B2 D B2
37612453122233	661994	OK	R B R' B2 D B' R' B' D R2 D'
36751243222322	659963	OK	R B D B2 D B' D' R' D2 B D
36527413111112	666393	OK	R B D2 B' R B R2 D' R' B R'
32145672113333	662498	OK	R B D2 B' D R2 B' D' B R2 B2
64572131122223	664981	OK	R B R' D2 B D' B' R' D B2 D'
54167231221211	703709	OK	R B2 R' D' B2 R2 D B D R' D2
36752142123221	681416	OK	R B D2 B D2 B D' B' R B2 R
15642372213311	689689	OK	R B2 R B D2 B' R' B2 D R B'
34621572132131	673268	OK	R B D R2 D' R D2 B' R2 B D'
32765411133113	690045	OK	R B2 R' B R D' R2 B2 R B2 R
41765323122212	680689	OK	R B D' R B2 D' R2 D' B D' B'
32167453321232	661997	OK	R B D2 B R' B D2 R' B R B'
14736521211212	641113	OK	R B R2 B R' D B2 D B2 R D
27534162311111	655954	OK	R B D B' R2 D B' R' B D' B2
32476513232231	726962	OK	R B' R D' B R2 B2 D2 B' R D
12376541322233	683554	OK	R B D' B2 R D' B' R' D2 R2 B
65174232133313	641701	OK	R B R B' D2 R' B D R B2 R2
13246572331232	639170	OK	R B R2 B D' R B2 R D2 B D
32765411331113	694542	OK	R B2 R' D R D' R2 B2 R D2 R
17526431131121	665811	OK	R B D2 R' D' B' D R' D B' D2
12365472223232	683957	OK	R B2 R D' B R D2 B2 D R D2
67345211112233	686729	OK	R B2 R2 B' R B D' B2 R2 D' B
36125473111211	670115	OK	R B D2 B2 D' B' D2 R D B2 R'
14632571321132	717254	OK	R B' R B' R' D B R2 D' B' D
76145231131112	663523	OK	R B D2 B2 D' B D2 R' B' D2 R
52743611111213	658127	OK	R B D B' R2 B D' B D' B2 R
63452712333221	675330	OK	R B2 R B D' B2 D B D2 B2 R'
32145671132222	693974	OK	R B2 R' D B' R2 D2 R' B' D2 B'
76543212323213	661201	OK	R B D2 R' B R' D2 B D B2 D2
67254313311113	648410	OK	R B R' D R2 D' B D' R B D2
52761431111312	657996	OK	R B D B' D2 R D' B D' B D2
65274133132223	676826	OK	R B2 R B2 R2 D R B D' R2 D'
67312541121221	658910	OK	R B D R' B2 R' B R2 D R' B
52743611112131	668862	OK	R B D2 B' D B R2 D' B' D R
42573613322231	643311	OK	R B R2 D' R' D' B R' B D' R2
72541631111213	666114	OK	R B D2 B' D B2 D B2 D2 R' B
47156322132311	670546	OK	R B D2 R' D' B R D2 B2 R2 D'
52367412322232	668548	OK	R B D2 B' R B2 R D2 R2 B' R
25741632312323	691035	OK	R B2 R2 D2 B' D B D' R B' D2
54167232112112	697087	OK	R B2 R' B' D2 R2 B R D R' D2
76341251111213	665891	OK	R B D' R D R B' R2 B R' B2
72165433221233	693103	OK	R B2 R' B R' B2 D2 B' R' B2 R'
32165741111132	662073	OK	R B D2 B D' B' D R' D' R2 D
32561471121311	666490	OK	R B D2 B' R B R D' B R' D2
73645213333112	704328	OK	R B2 D B' D B R2 D' B D' R'
37614522111221	677865	OK	R B2 R B' R D' B' D R2 D' B
21376541112311	663094	OK	R B D B' D2 R2 D B' R' B2 R2
14527633132322	681533	OK	R B2 R D R' B D2 B' D2 R D2
23147652312323	679270	OK	R B2 R B D2 R2 D' R' B2 R D'
74125632121121	695782	OK	R B2 R' B D' B R2 D' B' D B'
21654372233321	691048	OK	R B2 R2 D2 B' D R B' D B' D2
54231671123111	708102	OK	R B2 D' R B D R2 D R' B' D
41725633121123	684069	OK	R B2 R B' D R D2 B' R B D
62374513112321	729738	OK	R B' R2 B' R' D' R D2 B D' B2
31265471312213	639922	OK	R B R2 D' B2 D B D2 B' R2 B
24731562311231	697005	OK	R B2 D R B2 D2 R' D2 R D' B2
17463251122112	660471	OK	R B D2 R D' B R2 B2 D' R' B2
62147353123121	713400	OK	R B2 D' R' B' D2 R B' D2 B' R2
47256133212311	671261	OK	R B D' R' D' R2 B2 D' R B' R
31265472312233	641122	OK	R B R2 D' B2 D R D2 R' D2 R
12354763133111	634890	OK	R B R B2 D2 B' D' R2 D' R2 D2
21354671122112	635649	OK	R B R D2 R B' R D2 R B2 D
76354121122121	638627	OK	R B R B2 D' R2 B D R2 D R'
52714633223123	713342	OK	R B2 D2 R2 B D R' D2 B R' B
52641733232321	683506	OK	R B2 R D R' D2 R B R2 B2 D'
74523612111311	649612	OK	R B R' D2 B' D B' R' D2 B R
52714633213223	699705	OK	R B2 R' B' D2 R D' R2 D R' B2
71452363213232	713445	OK	R B2 D R' B D B' R2 D2 B R
54721632133232	693624	OK	R B2 R' B' R2 D2 B R D B' D2
74163253332323	666711	OK	R B D2 B' D B R D' R D' R2
27154632311132	642496	OK	R B R' D R2 D R D B R2 D2
52736141322233	655699	OK	R B R2 B2 D' B D' R' D R2 B'
32167451222222	675798	OK	R B D' B2 R D B2 D B2 D2 R
47123651233232	728885	OK	R B' R D R' B D' B2 R B R2
61572432312323	658891	OK	R B R2 B' D B2 R' B' D2 B R'
74561233311233	639389	OK	R B R' B2 R' D2 R B2 R D R2
56723411113313	652826	OK	R B D R' D2 B2 D B R2 B R2
52761431111213	667879	OK	R B D2 B' D B2 D B2 D2 R' B'
72643513212311	672495	OK	R B D' B R2 B' R B' D' B D2
14625731322233	686822	OK	R B2 R2 B' D R B' D2 R2 B' R
32156472332321	694597	OK	R B2 R' D B2 D' R D2 B' D' R2
26153473132121	700853	OK	R B2 R' B2 R B2 D2 R' B' R2 B2
47156323223123	690195	OK	R B2 R2 B' R' B R2 D' R B R2
76315241323313	705035	OK	R B2 D B' R D R2 B' D B' R'
64531273311311	635214	OK	R B R D' R D B2 D2 R' D' R
76123453233323	655475	OK	R B D R' B2 D R' B R' B R2
53126471231321	645125	OK	R B R' B2 D2 R' D' R D' B R
61534721113211	661367	OK	R B D2 B R' B R' B D2 R' B
14367252322232	668938	OK	R B D2 B' R B2 R D2 R2 B' R'
23165472311111	666297	OK	R B D' R D2 R' D B R2 D2 B2
32765412323222	667159	OK	R B D2 B2 D' B' R2 D R D2 B'
74561233131233	669031	OK	R B D' R2 B D B2 D R2 D2 B
37561241311112	703335	OK	R B2 D' R B' D' R D2 R B D'
34651271123111	706175	OK	R B2 D' R B D R2 D R' B' D'
27416532133232	656610	OK	R B D2 R' D B' R2 B' R2 D' R2
16723451322311	679401	OK	R B D' R2 B2 D' B R' D' R D2
37614522323312	675369	OK	R B2 R B' D R' B' D R2 D' R
36527412231122	634408	OK	R B R2 D' R2 D R D2 B' R2 D'
12543672321332	689845	OK	R B2 R' B R' D B2 R' D' B R'
13276543323122	722851	OK	R B' R B' R B2 D' B' D B2 D'
14325672231323	666578	OK	R B D' R D' B2 D' B R D B2
74365211121221	694368	OK	R B2 R' B D' R2 B2 R B' D R2
71432563323122	694748	OK	R B2 D R B2 D2 R B' D B2 D'
35462172223331	664692	OK	R B D R B2 D' R B' D' R2 D2
76145233133213	667694	OK	R B D2 B' D' B2 D' R D B2 R2
76324151112233	655470	OK	R B D B' D2 R B2 R' D R' D'
25436713332122	693931	OK	R B2 R' D B' D2 R2 B' D' B2 R'
14527631131211	661468	OK	R B D2 R' D' B R' D2 B R B
76341252232313	657435	OK	R B D B' R B2 R' B2 D B' D
14723651112131	667360	OK	R B D2 B' D B R2 D' B' D R'
36745212122333	628012	OK	R B R D' R2 B D' B2 D B2 D2
52163473111211	658607	OK	R B D B2 R' B D' R' B2 D B
12367541331131	636806	OK	R B R2 D2 B' D R' D B D' B'
57321642311132	626875	OK	R B R' B D B D2 R2 D B2 R2
56347211222132	676246	OK	R B2 R B' D R' B' D R' B R2
54721633231322	657782	OK	R B D B' R2 D2 R B D2 B D2
57642311113322	663829	OK	R B D' R D2 R2 D B D2 B R'
16725431211122	645548	OK	R B R' D2 B2 D' B' D2 B R2 D'
14325673123232	693507	OK	R B2 R' D R' B2 D2 B R' D B2
72143651121113	650856	OK	R B R' D' R2 D' B2 D R' B' R'
14267351321321	680086	OK	R B D2 R2 B2 R' D B' D' R B
32167451312222	641109	OK	R B R' D2 R' B2 R D2 R D B2
21354761113322	681638	OK	R B2 R D2 B2 R' D R' B2 D2 R2
31276452133322	648068	OK	R B R2 B' R D2 B2 R D' B D2
41325762313223	674163	OK	R B D2 B2 R2 D' R' B R' B D2
74523611121113	651457	OK	R B R' D' R2 D' B2 D R' B' R
35472163222313	663341	OK	R B D2 R' B D R2 D R' B' D
21367451311331	648527	OK	R B D R2 B D2 B R' D B2 R2
42367153211123	627913	OK	R B R2 B' D B' R2 D R2 D' R2
12763452322232	657284	OK	R B D R' D2 R D' B D' R2 B
62475131322323	656216	OK	R B R' D B2 R' B2 R' D B' D'
74365213111211	666915	OK	R B D2 B2 R B R' B D2 B R2
32547612111311	650112	OK	R B R' D' B R2 B' R B D B2
57321641311112	702096	OK	R B2 D' R B' D' R D2 R B D
41736522332231	665233	OK	R B D2 R2 B' R D' B D R' D'
72563411111213	646587	OK	R B R' D2 R' B2 D R' B' D R'
24157361313212	694575	OK	R B2 D B R2 B R2 D2 B D' R2
47256133321232	630204	OK	R B R B' R B2 R' D R2 B' D'
15642373212311	654661	OK	R B R' B D2 R' D' R D' B2 D2
76245311121131	669659	OK	R B D' B D2 B' R D R2 B2 D2
16243571231231	723626	OK	R B' R B R' B D' R2 B R B2
36125471312111	665886	OK	R B D2 B2 D' B R2 D' B' D2 R
74156322122123	650526	OK	R B R' B R B2 R D' R2 B R2
16345271133131	671052	OK	R B2 R B D' R D2 R' D2 B R2
12354762311123	664736	OK	R B D B D2 R' D B' R' B2 R2
12537461332112	672428	OK	R B D2 R D' R D2 R2 B' R' D
35461272222323	635831	OK	R B R2 B R B' R2 D B D R'
74156323133123	671110	OK	R B D2 R2 B D' R D B' R2 B'
32175461333111	653952	OK	R B D R' B2 R D' B2 R B' R
13267451311133	630279	OK	R B R D2 R D' B' D' R2 B R
36714252232223	629231	OK	R B R B2 D B2 D R' B R2 D2
73615421113322	664197	OK	R B D2 R2 B2 R' D' B' R D2 B'
14625732213323	634246	OK	R B R2 B D R' D2 R' D2 R' B2
14752633223123	709888	OK	R B2 D2 R2 B' R B' R D2 B' D
17425631313113	649050	OK	R B D R2 D R2 D' B2 R D R2
21654373332122	709049	OK	R B2 D2 R2 B R' B R2 D' R B'
76521433232333	649066	OK	R B R' B2 D' B R' D' R2 B D
65274133312223	630932	OK	R B R D' R2 B R D' R D2 R
36745212223232	664066	OK	R B D2 R' D' R D' R2 B D R'
32741651211131	651558	OK	R B R' D' B D2 R' D2 R' B R'
12473561132123	717613	OK	R B' R D R' D2 R' D' B' D B'
72143563222331	692918	OK	R B D' R' D R D' B R2 B' D
62173543232132	695484	OK	R B2 D R B2 R B2 D2 R B' D2
75234161322233	652090	OK	R B D R' B2 D B2 D' B R' D'
43615271333312	657281	OK	R B R' D R2 D R2 B' D B' R'
14723651111213	656113	OK	R B D B' R2 B D' B D' B2 R'
54312671131331	636869	OK	R B R' B D2 B' D R' B R B2
36721452223232	664126	OK	R B D2 R' D' R D' R2 B D R
13546271213213	661648	OK	R B D2 R2 B' D R' B D B' D'
24715631122133	630986	OK	R B R D2 B2 D' R' B' R B2 R2
31265471122112	657304	OK	R B D2 R D' B R2 B2 D' R D2
12543673221323	679004	OK	R B2 R D2 R2 B' D R D' R2 D
32165743311131	626535	OK	R B R B2 D2 R2 B R' B2 R B'
12745632222221	670900	OK	R B D2 B' R' B2 R' B D R2 B2
72356141232113	644597	OK	R B R' B' D R2 D R D2 R2 B'
32164573323212	677072	OK	R B2 R B' D B2 D2 R B R2 B'
62435711222222	661042	OK	R B R' D R' B R2 B2 R D R
14736253222223	657724	OK	R B R' D' B D' B D2 R' D' B2
53726143333121	658973	OK	R B R' D2 R B R2 B R' D' R
36527412221312	665671	OK	R B D2 B' R' B2 D R' D' B2 R2
47352612311132	648676	OK	R B D R' D' R D2 R D2 B' D2
15267431223113	655521	OK	R B R2 D R' B R2 B2 D' R' D
61234573232213	632579	OK	R B R D2 B D2 B R' B R2 D2
74563211232332	671779	OK	R B D2 R B2 D' B' D' B2 D' B'
74561233321133	629581	OK	R B R2 B D2 B' D2 B' R D R2
56741231121311	638044	OK	R B R2 B' D B D2 R' B' D R
16725431131211	662938	OK	R B D2 R' D' B R' D2 B R B'
16725433113311	649583	OK	R B D R B2 D R2 D B' D2 R2
52641733212311	648218	OK	R B R' B' D' R2 B2 D' B D' B
62135473232231	688599	OK	R B2 R D2 B2 R' B D' R2 B2 D2
56712341232113	645328	OK	R B R' B' D R2 D R' B R2 B2
31564272213311	657852	OK	R B D R' D R2 D' B R' D R2
34165272323333	633919	OK	R B R2 D2 R D2 R' B D B2 R'
76324153323122	693772	OK	R B2 R' B' D' R' D2 B R2 B' D2
53147262123131	630083	OK	R B R2 D' R2 D' B D R' B2 D2
72513641232323	635868	OK	R B R2 B' D2 R2 B R' B' R2 B'
14725361111123	648936	OK	R B D R2 D2 R D B' D R' D'
14723653313111	637860	OK	R B R2 D2 B' R2 B R' D' R B2
54763212322232	645796	OK	R B R' B2 R' D2 B D' B' D B'
72165432323312	663000	OK	R B D2 B' R B' R2 D2 B' R' B2
12546371221331	716981	OK	R B2 D2 R B2 R D' R' D' B2 D2
14263751131121	718365	OK	R B' R D B2 R' D B' D B' R2
52163473111331	676161	OK	R B2 R B R2 B' D2 B D' B' R2
32465173132121	692196	OK	R B2 R2 D2 B R' B' D R' B R2
63174522332132	652896	OK	R B R2 D' R2 D B2 R' D R B'
67345212111122	630635	OK	R B R D' R D' B D2 B' D2 R
14763521113223	636312	OK	R B R2 D' R' B' D R' B D' B2
42137653122131	696702	OK	R B2 R' D2 R' B R' D2 B2 D' R
61257343232123	665383	OK	R B D' B2 D B' R B' R2 B2 D2
15243671331221	704794	OK	R B2 R' D B2 R' B D R B' D2
12456733223321	727161	OK	R B' R D' R' D R D2 B' D' B
65132473323311	647454	OK	R B R2 D B2 D B' R D2 R B
65123471112311	646796	OK	R B R' D' R' D2 B2 R' B R' B
56723412323222	651241	OK	R B D R2 B' R B' R' B2 D R
75346213332122	686843	OK	R B2 R2 B' D R' D2 B R' B' R2
21654373332221	701017	OK	R B2 R' D' R2 B D' B2 D R' B2
56423173132121	698989	OK	R B2 R' B' R2 D R' D2 R D' B2
76543212222221	695958	OK	R B2 R2 D2 R D' R2 B R B2 D2
73654122221111	638145	OK	R B R2 B R' B R' D' B2 R B'
37645122312221	645059	OK	R B R D2 R2 D R' B R' D R
34127651213111	647882	OK	R B R' B' D2 B' R2 B R' D' R'
15426371112233	653454	OK	R B D2 R' D2 B D' B' R D' R2
52761433121111	650093	OK	R B R' B' R B2 D' B2 D' B R'
45376213333322	665596	OK	R B D R' B2 R' D R D B2 D2
23576412233321	652812	OK	R B D B' R' B D2 B D2 R' B2
15724632313223	669943	OK	R B D' R' B2 D' B' R D2 B' D'
32754163211123	636853	OK	R B R2 D B' R2 B' R' B R2 D'
74163253133213	691928	OK	R B2 R2 D2 R B' D2 R B R2 D2
72165431113331	639695	OK	R B R' B D' R2 B2 D R B R'
12567433232333	647661	OK	R B R' B' R D2 R' B D R B2
14625733133111	654295	OK	R B D B' R D2 R' B2 D B' R
13627451332112	658963	OK	R B R' B' D' B D2 B' D R' B'
67345211113322	672200	OK	R B D' B' D R2 D B' D R2 D'
32714652332132	644145	OK	R B R D2 R' D R2 B' R2 B D'
52341673133111	663024	OK	R B D2 B' D R2 B' R2 B R B2
21354761112311	658454	OK	R B D B' D2 R2 D B' R B2 R2
72136541322233	655469	OK	R B D2 R' D2 B D' R' B D' R2
27615433313213	639310	OK	R B R B2 R2 B D' R B' R B
25436712123122	663879	OK	R B D2 B R B2 D B2 D B2 D
34526713232312	641018	OK	R B R2 D' R' B' R B2 R B D
14765233323332	663420	OK	R B D2 B' D B' R2 D2 B' D' B2
43176252123131	642876	OK	R B R' B2 D R B R2 D' R D2
26371453112111	691193	OK	R B2 R' B' D' R D2 B D' R B'
14765232211211	641408	OK	R B R2 D' B R' D2 B D R2 D2
21354763312211	669757	OK	R B D' R B' D' R2 B' R2 B' D'
24157362323111	699792	OK	R B2 D B R2 D2 B' R2 B D' B2
34562171321111	672130	OK	R B2 R B R' B2 D2 R D2 R' D'
24651731333333	644850	OK	R B R2 B D' B' D B' R2 D B'
31247651113232	634177	OK	R B R2 D2 B D2 B R' D' B2 D'
46375212132221	672652	OK	R B D' B R2 D' R' B D' B2 R'
25436712323231	642177	OK	R B R' D R2 D' R B R2 D2 B2
14735621221112	649701	OK	R B R' D' B R' B' D B' D R'
76145232123332	629163	OK	R B R2 B R2 B' D2 B R' D' B2
63574212123131	638937	OK	R B R2 D2 R B' D' R2 D' R D'
74365212222323	646306	OK	R B R' D R' B2 R' D B D R2
21367452112112	636621	OK	R B R2 D' R B' R2 B' R2 D' R2
12456731233223	715684	OK	R B' R B' D R2 D2 B2 D' B D
65417321232113	640401	OK	R B D R2 B2 D R D2 B2 R' B'
32547611213111	645254	OK	R B R' B' D2 B' R2 B R' D' R
13764252323231	658437	OK	R B D2 B D' R B' R B2 D' B
46375212113111	660093	OK	R B D2 B R' D' R D' B' D2 B
32561472133313	645404	OK	R B R' D2 B2 R' B D R B2 D2
12745633323311	677245	OK	R B2 R D B2 D2 R B' D R2 D'
65417323232123	666203	OK	R B D' B2 D B' R B D2 R2 B2
56347211213111	651809	OK	R B D R' B D R' D R2 D2 R
32547613111211	632539	OK	R B R D' B2 D R2 D R B' R'
17463251313113	642586	OK	R B R' B' D' R' B2 D R' B2 R
72345611331332	716596	OK	R B2 D' B' D B' R D2 B' R B'
63752412322112	665351	OK	R B D B' D2 B' R D R D2 R2
72563411111312	640451	OK	R B R' B2 R' B D B2 R' B R
14736251112332	626922	OK	R B R D2 B2 R B' D' B D2 R2
14725363223213	669278	OK	R B D' R B2 D' R' B R' D2 B'
67321451111123	639626	OK	R B R' B R' D' B2 R2 D' B R
14325672323222	661674	OK	R B D2 B2 R D B' R D2 R B2
46273513221212	659998	OK	R B R' D2 R' D' R' B D2 R' B
14752631323223	681717	OK	R B2 R2 B' R D B' D2 R2 B' R
36527411131133	635706	OK	R B R2 D2 B' D2 B D' B' R D2
47163522131222	651966	OK	R B R' B2 R' B' D' R D2 B' R
71326451211311	695596	OK	R B2 R' D' B' R D2 B R' D B'
67234513332122	654151	OK	R B R2 B2 D R' D B' D B D2
51423671221331	677011	OK	R B D2 B2 R D' B2 R B R2 D2
65723143321313	647926	OK	R B R2 B R' B' D B' D2 R B'
23165471312132	650708	OK	R B D R' D2 B R D' B R2 B
67345211111123	638883	OK	R B R' B R' D' B2 R2 D' B R'
25134672233321	661213	OK	R B D' R2 B R D R2 B' D B2
75346211133122	674968	OK	R B2 R B2 D2 R' D B' D2 R2 B2
32561472213122	628989	OK	R B R2 B' D R2 B' D' R B2 R2
35162473323131	650225	OK	R B R' D B2 R' B' R D' R2 B'
14765232331313	689512	OK	R B2 R2 D2 R B' R2 D B R2 D2
14753261333111	638489	OK	R B R2 D' R' D' R' B R' D2 R
43216573132223	644955	OK	R B R' B' R B' D B2 R' D' B2
63745123122212	651272	OK	R B R2 D' B R2 B' D' R2 B2 D
76321543211111	632467	OK	R B R D' B2 R2 B D' B' R2 B2
23417563232123	665653	OK	R B D' B2 D B' R B' D2 R2 B2
35162472122231	651224	OK	R B R' D2 R' B D2 B2 D' B2 R
14765232232322	646373	OK	R B R' D R' B2 D2 R D R D'
15642372331322	635741	OK	R B R D2 B' R2 D R B2 R D'
34165273311131	629453	OK	R B R D2 B' D' R B' D R2 B
34127653111211	634904	OK	R B R D' B2 D R2 D R B' R
16743252323222	632602	OK	R B R2 B D R' D B D R2 B'
52147631311121	637892	OK	R B R2 B' D B2 D R2 D2 B' D'
46572312132122	646881	OK	R B R2 B' D B2 R2 D R' D R2
32765411121113	632569	OK	R B R2 B' R D R2 D2 B D' R2
14753261221112	634204	OK	R B R2 D R' D R2 D2 B' R' B2
57236141113232	663354	OK	R B D' B2 D' R2 D B' R' D' R
36147251311121	638618	OK	R B R2 B' D B2 D R2 D2 B' D
14726531233313	657425	OK	R B D2 R' B D2 R D' B' D' B
45312672233321	666379	OK	R B D2 R2 B D' R B' D2 B R'
32417652132131	682489	OK	R B2 R' D B2 D B2 D2 R' D B'
76354123211132	655384	OK	R B R' D R2 B' D' B R' D2 R2
12543672322232	652219	OK	R B D R' D2 R D' B D' R2 B'
74365213121333	637608	OK	R B R2 B' D' B2 D' B R B2 D2
16374523211123	641595	OK	R B R' B' R2 D' R' D R2 B' R2
63125743131233	654061	OK	R B R' B D' R B2 R2 B R B
32165741233223	674244	OK	R B2 R B2 D2 R' B D' B2 R2 D2
75641323232111	687868	OK	R B2 R' D2 R' B R2 D B2 D R2
76351421113322	629392	OK	R B R2 B' R2 D2 B D' B' D2 B'
36745213232213	630984	OK	R B R D' R D2 R' B2 D R' D
35462172312131	654202	OK	R B R' B2 D' B R D R2 D2 R
14736521322233	656034	OK	R B R' D2 B D' R' B' R2 B2 D
34127651121113	636092	OK	R B R2 B' R D' B R2 D2 B2 D
21734652123131	627188	OK	R B R D R D2 R D' B R2 D2
46157233333232	626659	OK	R B R D' B D' B2 R' D B2 R'
34725612231332	661006	OK	R B D2 B' R D2 B' D' B D2 B2
72143652111311	631012	OK	R B R D2 B' R D' B' D2 R B'
74523611312111	633792	OK	R B R2 B2 R D' B D2 B2 D R'
73246153312211	648346	OK	R B D R2 D2 B2 D' R' D B' R
36721451131331	668667	OK	R B D' B D' B2 R2 D B D R'
72563412131111	634969	OK	R B R2 B' R D2 R B2 R2 D' B'
12543672121121	656256	OK	R B D2 R2 D B2 D' B R B2 D'
14325672112121	661874	OK	R B D2 B D2 B' D2 B R' B' R2
36521472331121	658553	OK	R B D R2 B' D' R2 D' B R B2
41725632322331	691825	OK	R B2 R' B D2 B' R D2 B' R' B2
56321473233323	645618	OK	R B R' D2 R' D R B2 D' B D
45612373112231	685273	OK	R B2 R2 B' D B D' R2 B2 D' R
72143651213111	637414	OK	R B R2 B' D B' D R2 B2 D2 B
45637123132121	713704	OK	R B2 D' R' D' B2 R B' R2 B' D2
26415731322323	635098	OK	R B R B' D2 R B D2 B' D' B'
25763411332322	662217	OK	R B D' R D2 R' B D' B D R2
14527631133311	618668	OK	R B R B D2 R2 B2 R B2 R' B
12745633313312	668823	OK	R B2 R B R2 B2 D B' D B2 D'
76245312132131	679378	OK	R B2 R2 B' R2 B R D' B2 R D'
35271461322233	647428	OK	R B R2 D2 B2 D' B' R' B R2 D'
16327453232333	641980	OK	R B R2 D2 R' B2 R' B D2 B' R'
35162473332131	663743	OK	R B D2 R' D' R D R2 B2 D2 R'
34761252323222	626391	OK	R B R B' D2 B R2 B D R' B
34127652111311	641968	OK	R B R2 D2 R' D2 R' B D2 B' D'
72541632131111	629892	OK	R B R D' R2 D R' B D' B2 R
47156233223312	679224	OK	R B D' B D' R' B D2 R' B' D'
42651372213311	642800	OK	R B R2 B2 D2 R' D' R D' B D2
13257641112233	640721	OK	R B R2 D2 B2 D' R' D' R B2 D'
74125631313311	630870	OK	R B R2 B D2 R2 B R' B' R B2
26741351232113	616002	OK	R B R B2 D2 R B D2 R2 B' R'
74523613111211	632636	OK	R B R D' B2 D B' R' B D' B2
32167451333111	649759	OK	R B D B2 R' B2 R B2 R2 D' B
16725432232223	626293	OK	R B R B' R D2 R' D2 B R' D
72143653111211	634010	OK	R B R2 B R D' R B D B2 R'
74125632131111	628481	OK	R B R D' R2 D R' B D' B2 R'
35416721113112	672731	OK	R B2 R D B' R2 D2 B R2 B' D'
32765412221312	675289	OK	R B D' B' R B' D' B R2 D' R2
74156323132331	657842	OK	R B R' D2 B' D B R D2 R2 D
52743612131111	636780	OK	R B R2 B' R D2 R B2 R2 D' B
32175461221112	635162	OK	R B R2 D R' D R2 D2 B' R D2
41765322221312	651054	OK	R B R' B R2 D' B2 D' B D' R'
65132473313312	632079	OK	R B R B2 R B' D B2 D R2 B
34165271311121	644549	OK	R B R' D R D B' R2 B R' D2
51264731113322	642615	OK	R B R' D' R D2 R B D2 B2 R'
36527412111113	638385	OK	R B R2 D' R' D R' D2 B D B'
76354213312223	628882	OK	R B R B' R2 D B D' R B2 R
54321761211221	627560	OK	R B R B' D B' D2 R' D R2 B'
26415732121223	651843	OK	R B R2 D' B D2 B' D' R2 B2 D
14752633213223	688262	OK	R B2 R2 D2 B R' D' R D' B D2
14765231133131	649283	OK	R B D B D2 R2 B2 R B2 R' D
63752141123213	643789	OK	R B R' B2 R' D B2 D2 B' D2 R
54716322313223	650515	OK	R B D B2 D2 R2 D' B' R B' R
21365742221312	641529	OK	R B R D' B2 R B R2 B' D' B'
17425631323223	659082	OK	R B D2 R' D R' D B D2 R D'
16573241312312	646516	OK	R B D R2 D R' B' D' R2 B R
45612373332221	687811	OK	R B2 R2 D2 B D' R' D R' B D2
72165433111112	634041	OK	R B R2 B' D B D R' D R' D2
15643271221331	706233	OK	R B2 D2 R B2 R D' R' D' B2 D'
47352612123131	627245	OK	R B R D' R' D R2 D R2 B' D2
25736413123112	664596	OK	R B D B2 D R2 D R' B' D B2
76345123211111	631760	OK	R B R D' B2 R2 B D' B R2 B2
16523473332323	633042	OK	R B R2 B' R D B2 R' D' B D
12643571321321	669034	OK	R B D2 R2 B' D B R' B D2 R
65132741223323	648300	OK	R B R' D' R B' D B2 R2 D' B'
32465173123121	680551	OK	R B2 R D' R2 D' B2 R B2 R' D
14725363211213	640320	OK	R B R2 D' R' D R D2 B2 R2 D'
16725431121311	635237	OK	R B R2 B' D B D2 R' B' D R'
14723651113121	637054	OK	R B R2 D' R' B R' D2 B R D'
34562171321231	624978	OK	R B R B' D2 R D2 R' B R' B'
46375212332222	638138	OK	R B R2 D' R' B R D2 B2 R2 D'
65742311212313	681664	OK	R B2 R' B2 R' B R2 D B2 D B2
73516243323113	637152	OK	R B R B2 R2 D' B D' R2 B2 D'
35162473122221	658834	OK	R B D B2 R2 B' D' B' D R2 D2
35461271321231	635285	OK	R B R2 D2 B R2 B R' D' R2 D'
73542613132322	626704	OK	R B R B2 R' D B2 R' B2 R B2
32547611131112	631218	OK	R B R2 B2 R D' R B2 R2 B R'
56423171321321	699331	OK	R B2 D R2 D' B D' B R' D' R'
34127651131112	624368	OK	R B R B' R D' R2 B2 D R' B
54261373123121	643067	OK	R B R D R2 B' R2 B R2 D' B'
34651272332132	677127	OK	R B2 R' D R2 D B2 D2 R' D R'
35426712311312	642105	OK	R B R2 B D2 B D' R' B R2 B
13246571112233	647600	OK	R B R' B2 D B' D' R' B2 R2 D
36541272323222	625297	OK	R B R B' D2 B R2 B D R' B'
76342513323122	686755	OK	R B2 R' B' D' R D2 B' D2 B D2
43216573212311	646305	OK	R B R' D B2 D' R B' D' R D2
64275311222222	642016	OK	R B R D2 B2 R' B D' B' R2 D2
16345272333212	632724	OK	R B R2 D' B D' R2 B D B2 D2
72563413121111	635546	OK	R B R D' B2 R B' D R' B D2
61453721311112	650629	OK	R B D2 B' D B' D2 R D2 R' B2
56327411211332	649138	OK	R B R' B' D B R2 D2 B2 R D
34725612111113	638613	OK	R B R2 D' R' D R' D2 B D B
41325763131233	635324	OK	R B R B2 D2 R' B D' R' B2 D2
37652141113232	623644	OK	R B R D' B2 R D2 R' D R' B'
71326453132121	692133	OK	R B2 R' B2 R' B R' B2 D2 B' D
16243571321321	698906	OK	R B2 D R2 D' B D' B R' D' R
56741231311121	628348	OK	R B R B' R2 B D' R D' B2 R
32156471113211	634851	OK	R B R' B D2 B' R B R2 D2 B2
52147631211131	628802	OK	R B R B' D2 R B' R B' D B2
14723653232222	648268	OK	R B D R2 B' D' R D' R D2 B
74213652323132	628176	OK	R B R' D B R' D B' D2 B2 R
72546311323112	677121	OK	R B2 R D R2 D2 R' B R2 D' R'
54167231131112	624853	OK	R B R D2 B2 D B D' R2 B2 D'
72361453232333	627745	OK	R B R B2 D' R D' B' R2 D B'
45612373332122	682547	OK	R B2 R2 D2 R' B D B2 D2 R2 D'
76315241322122	654955	OK	R B D2 R' B2 R D B2 D' R2 D
14765231113121	637013	OK	R B R2 D' R' B R' D2 B R D
72143651312111	625261	OK	R B R B2 D2 B D B' R2 D2 B
74365212111311	631372	OK	R B R2 B2 D B D' B R2 B R2
75264132223331	634442	OK	R B R B D2 R' B R' B' R2 B2
76145233232333	634195	OK	R B R2 B2 D R D' B D2 B D2
56723413331111	624579	OK	R B R B' R2 D2 R B R2 B R2
67412353332221	664451	OK	R B D' B2 R2 B D2 B R2 D R
36527413311311	622931	OK	R B R B D2 R B2 R B' D2 R2
72145633232231	657104	OK	R B R' D' R D2 R B' D' B D
73645213112231	660298	OK	R B D2 R' D R D2 B R B' D'
14726533323122	669211	OK	R B2 R B' R B2 R2 D B D2 B'
47512632312323	630925	OK	R B R2 D2 R D' R' D2 R' D B'
56723413221212	660883	OK	R B D2 R2 D B R2 B R B2 R'
12543671331113	642096	OK	R B D R2 B' R2 B D2 B2 R' D
13254761323322	669196	OK	R B2 R B R2 B2 R' D R2 B' D'
17423653213232	698284	OK	R B2 R' B R2 D' B R D R' D2
12543673231223	649441	OK	R B D B2 R' D' B R' B D2 R
72356143211123	626339	OK	R B R D2 R2 B2 R' B' D B' D
14735621333111	622673	OK	R B R B2 R D2 R' D2 B D R2
14563272323222	624452	OK	R B R B' D2 B D' R' B D' R2
41752632312323	646473	OK	R B R2 D2 B D' B D' R2 D R'
32745611223332	643691	OK	R B R2 D B2 R' D' R' B2 R' D'
76245313123121	678043	OK	R B2 R D2 R2 B R D R' D2 R'
52163471213111	633923	OK	R B R2 B' D B' D R2 B2 D2 B'
76245311213312	664362	OK	R B D' R' D R2 D B' R B2 R'
56324171221331	654999	OK	R B R' B R2 D' B D' R2 B2 D
74512362313223	619105	OK	R B R B' D2 B' R' B D2 R' D2
72145631233223	649923	OK	R B R' B' D R2 D R' D' B D
17426531331332	664608	OK	R B D2 R' B' R' B2 D B' D2 B
16542371331221	692260	OK	R B2 R' D B2 R' B D R B' D'
36125471213111	631404	OK	R B R2 B2 R' D R2 B' D' B2 R
16453272111131	651746	OK	R B D' R B R' D R' D2 R2 B
76325411112131	631749	OK	R B R2 B' R D B D' B R' B2
12543673111331	648815	OK	R B D R' D R2 D' B2 R B' R
74365211213111	632591	OK	R B R2 B' D B R2 B2 D B' R2
23576412312323	620029	OK	R B R B' R' D B2 D B2 R' B2
14752632332132	676507	OK	R B2 R2 B' D2 B R D' R2 B D'
12564733323122	640219	OK	R B R B D' B2 R2 B' D2 R' B
35246171113322	629759	OK	R B R' B D2 B2 D B R2 B D'
36745212131111	639634	OK	R B R' B D B D' R2 D R' B2
57236141322233	633073	OK	R B R' B2 R' B2 R D' R' D' R
56327413213112	648487	OK	R B R' B2 D2 R' B R' B' R D2
54326171321231	656106	OK	R B D' R2 D' R2 D R' B' D' R
52163472111311	628396	OK	R B R D2 B' R D' B' D2 R B
45612372331121	684607	OK	R B2 R' B R2 B' D R2 B' R' B2
54721633333331	634991	OK	R B R2 D2 R B R2 B D R2 D'
61453723111121	644774	OK	R B D B2 R2 D B R2 D2 B' D'
36125472111311	632754	OK	R B R2 B2 R' D' B2 R B D2 R'
41752631222123	634149	OK	R B R B2 R B2 R D' B' R D2
76345122213311	639131	OK	R B R' B R' D' B2 R' D2 R' D'
76145232331313	629969	OK	R B R2 B' R' D2 R' B D B2 R2
36745212121223	634815	OK	R B R2 B' R' D2 B R' D' R2 B2
76245313122122	655729	OK	R B D B' R2 D R B' D B2 D
65314272311132	619552	OK	R B R B' R2 B' D' R B2 R2 D'
15724631211311	652252	OK	R B D B' D R' B D2 B2 D B'
54167231333213	631681	OK	R B R' B D R B2 D' R D2 R'
32156742333131	632139	OK	R B R B2 R B R' D B2 R D2
71432563332113	636387	OK	R B R2 D' B R2 D B' D' B' R
72165433321223	643046	OK	R B R' D2 B2 R B' R' B D' B
54167231121113	632412	OK	R B R2 B' R D' B R2 D2 B2 D'
52673413232123	627860	OK	R B R2 D' R2 D' R D R' D2 B2
75642132213311	634276	OK	R B R' B R' D' B2 R' D2 R' D2
46513272332111	639020	OK	R B R2 D2 B' R B' R B R' D'
17362451231321	643083	OK	R B D R' D2 B D' R' D B' R2
32156742311123	636896	OK	R B R D B2 R' B R' D' B2 D2
14325673232333	629349	OK	R B R2 B2 R' D' R2 B R B2 D'
31624751112233	632637	OK	R B R2 D' R2 B D' B' D B' R2
56723411131112	626682	OK	R B R D' R2 D' R' D B D2 R'
12347653132223	625280	OK	R B R D' B2 D R' D' R2 D2 B2
17425631332112	658154	OK	R B D' R' B R' B' R B' D R'
74163253133231	687665	OK	R B2 R' B D' R2 B2 R' D' B2 D'
76145231121113	630785	OK	R B R2 B2 R' D B2 R' D' B2 R
25134672312323	638538	OK	R B R' D2 B R D B2 R' D B2
12734561322233	631395	OK	R B R2 D' R2 B D' R' D B' R2
32561473323212	629797	OK	R B R2 B' D B' D2 R2 B' R' B2
23165472111332	626627	OK	R B R2 B R B2 D B2 D R2 D
46513273113221	629132	OK	R B R D' B2 D' R B2 D B' R
54721632212231	641713	OK	R B R' D R B R2 D' B D2 B'
65274131311313	622817	OK	R B R D' R B2 R' D2 B R' B
75314623113122	680226	OK	R B2 R' D2 R' D B2 R B2 R D2
73542613132121	658340	OK	R B D R' B2 D2 B R' B' D2 B2
74125632321332	631370	OK	R B R2 D2 R B2 R' D B R2 D'
32164571232323	631874	OK	R B R2 D' B R' B R B D' R2
31265471313113	620004	OK	R B R B' D2 B D' B2 R D' R
54167232333113	631854	OK	R B R' B R2 B' R2 D B R D'
16453271211113	645814	OK	R B D2 B R B2 D' R2 B R B2
52341673232333	621746	OK	R B R B2 D' R D' B' R2 D B
32165742331112	626412	OK	R B R2 B R' D R' B' R' B R2
14752363222121	642528	OK	R B R2 B R2 B D' B' D R2 D
63752411223212	635095	OK	R B R D' B2 D' B D R D2 R2
56723413222112	680647	OK	R B2 R D' B R' B' D B' D R2
54126371331221	654773	OK	R B R' B' D R D' R D2 R' D
52163471312111	622465	OK	R B R B2 D2 B D B' R2 D2 B'
74125632122111	640239	OK	R B R' B2 D2 B' R' D2 R D2 B'
74365211312111	621474	OK	R B R B2 D2 B D B' D2 B' R2
47156322313232	623317	OK	R B R2 B R' D' B R' B' R2 B
64531272132131	652009	OK	R B D R2 D' R D2 B' R2 B D2
64531273312211	625195	OK	R B R B' R D2 R' D R' D R2
71432563323113	653021	OK	R B D2 R' B R2 D R' D' B' D
16725433122212	634900	OK	R B R2 B' D' B2 R B' D' B2 R2
76543211223221	691964	OK	R B2 R' D R' B2 D2 B' D' B2 D'
74365212333332	623063	OK	R B R2 B D2 B' D2 B D' R' B2
12347652111221	628947	OK	R B R2 B' R D' B2 R2 D' B' R2
32175461113112	654367	OK	R B D2 B R' B R B2 D' B R'
34261573123121	664940	OK	R B D' R' B D' R B2 D' R' B2
72643513212332	689752	OK	R B2 R' B' D' R D2 R D2 R' D2
45312671222312	647251	OK	R B R' D2 R B' D2 R D R B2
17642533312211	623269	OK	R B R D' B2 D' R' B D2 R' D2
76543211332331	687851	OK	R B2 R' B D2 R' D' B' D R' D'
63752143123223	648315	OK	R B D R2 B2 R' B' R' D R2 D2
14725363213121	624619	OK	R B R B2 D2 B' R' B' R D2 R2
13462572213311	627879	OK	R B R2 D B' D2 B' D' R D2 B'
32765411131112	625076	OK	R B R D2 B2 D B D' B2 D' R2
26543171123111	621121	OK	R B R2 B' R D' R2 B R2 B' R2
43527612312323	639200	OK	R B D R2 B' R D' R D' R2 B
75346213132322	621623	OK	R B R B2 R' D' B2 R D2 R' B2
36127451333222	625988	OK	R B R B D' B2 R' D B D B
32174652332132	645540	OK	R B D B' R B' R D2 R' D2 B'
54326171112233	630393	OK	R B R' D2 R' D2 R D' B' D' R
16427531211311	644960	OK	R B D R2 B2 D R' B' D B2 R2
62135472132131	647592	OK	R B D R2 D' R' D2 B D2 B' D2
51632741323232	653082	OK	R B D' R2 B D R' D R2 D' R
65132472131231	631149	OK	R B R B' D2 B' D B R D2 R2
16725431311121	623998	OK	R B R B' R2 B D' R D' B2 R'
47156233322312	651130	OK	R B R' D R' D' B R2 D' R' D'
52163472131222	657241	OK	R B D2 R2 D R B2 R B R2 B'
36745213131131	621637	OK	R B R B2 D' B' R B' R B2 D
52713461232323	623170	OK	R B R2 B' D2 R2 B R' B' R2 B
32156472312332	658384	OK	R B D' R B' D' R2 B2 D' R B'
63247511123132	654073	OK	R B D' B D' B' D' R B2 D B'
52163473221323	632349	OK	R B R2 B' D R2 B' R2 B D B2
45732612233321	624797	OK	R B R D' R2 D' R' D R2 D2 B'
15763242323132	633586	OK	R B D R2 B2 R' B' R2 B' D2 B
52341671311313	625826	OK	R B R2 B' R B2 D' R2 D R B2
45671233112132	677363	OK	R B2 R' B2 R' D R2 B R2 B R2
56347211312111	622356	OK	R B R B' R2 B' D' R D B2 R'
47632152233321	619306	OK	R B R D2 B' R B' D R' D2 B
61352472233321	632806	OK	R B R' B D2 B R B R D2 B2
12365473332323	628667	OK	R B R2 B' R D B2 R' D' B D'
15672341323112	669850	OK	R B2 R B D2 B2 D' B R2 D' B'
45312673222112	651219	OK	R B R' D2 B' R2 B R' B2 D B'
32745612322331	630497	OK	R B R B2 R D B' D2 B' R' D2
36721452122123	630288	OK	R B R2 B' R B2 D' B' R D2 R2
75236143213232	651665	OK	R B R' B R2 B' D R B R' B'
51367241211113	650649	OK	R B D' R2 D B2 R' B D B D'
32561473222223	627202	OK	R B R B' D2 B R' D' B2 D2 R2
45612373132121	667633	OK	R B D' B R' D' R2 B2 D' R D'
76315241113112	654337	OK	R B D2 B D' R B R2 D' B R'
16243571132132	630487	OK	R B R2 D' R D' B2 D' R2 B' R2
75321463132121	682955	OK	R B2 R' B D2 B D2 B2 R' D R'
72543162311111	619112	OK	R B R2 B D' B D' B R2 D' R
25736411321312	633285	OK	R B R D2 R B2 R D' R' D B2
32765413122212	648420	OK	R B R' D' B R' D' R B2 D' R2
74163253131332	639614	OK	R B R' B2 D2 R' D B D B2 R2
12365473232312	647119	OK	R B D B D2 R D2 R B' R2 D2
16543721113211	613246	OK	R B R D' R2 B D' B' R D' R2
75346211311211	624356	OK	R B R2 B D' R' B R' B' D2 B
75346213132121	651882	OK	R B D R' B2 D2 B R' B D2 B2
12543672331232	622031	OK	R B R2 B D' R B2 R D2 B D2
14765233113131	629567	OK	R B R2 B' R D2 R' D R B2 D2
13762451321321	645539	OK	R B R2 B2 R B2 D R2 D2 B D'
72345611133113	616057	OK	R B R B2 D' R2 D R2 D2 B' D
31624753312211	622604	OK	R B R D R D2 B R' B D2 R2
53621471331221	642002	OK	R B R D' R2 B2 D B' R' D B2
32147562313223	623401	OK	R B R D' R D2 R' B R' D B2
21354762213311	644383	OK	R B R' D2 R B R' D R' D B2
32145673112222	636265	OK	R B R' B2 D2 R D' R' D B' R
56723411222312	673112	OK	R B2 R B' R D' B' D R' D R2
17452363322132	637166	OK	R B R2 D' R' D' R B2 R B R
76315241332112	646147	OK	R B D B' D2 B R' B2 D B' R
54371621113322	616933	OK	R B R2 B' R2 D2 B D' B' D2 B
23156471333132	622628	OK	R B R B2 R B R D' B2 R' B2
17543261132111	617213	OK	R B R2 B D B2 R' B2 D R B2
45713623223132	655257	OK	R B D' B2 R' D R D' B R2 D2
13645271221331	664976	OK	R B D2 B2 R D' B2 R B D2 R2
16534271111132	608185	OK	R B R B2 D' R B' R B' R2 D
74125633131233	643268	OK	R B R' D2 R' B' D2 B R' D2 R2
12347653132322	621309	OK	R B R D B2 R2 D2 R D2 R' B
74361253211231	631840	OK	R B R B' D' B D' R' D R2 D
73645211332112	646000	OK	R B D2 R D' R D2 R2 B' R B2
71543622111131	612489	OK	R B R D2 B2 D' R' B2 R' D2 R
36241573212332	649002	OK	R B R2 B2 D B' D' B R2 D B
35462171221223	631049	OK	R B R D B D' B' D B2 R' B
14762351331221	670605	OK	R B2 R B' R2 D2 R' B R D2 R
32465172133121	639001	OK	R B R' D B' D' R2 B2 D' B R'
32765413223312	674488	OK	R B2 R D R2 D2 B D' R D2 R'
27543611111132	626417	OK	R B R' B2 D2 B R2 B D2 R B
17425631223113	646853	OK	R B D B2 D B2 D' B2 R B R2
16572433213223	656345	OK	R B D' R2 B2 R D2 R D2 B R
64531273122131	627127	OK	R B R B' D2 R2 D R' D' R2 D2
76145231311331	634661	OK	R B R' B D' R2 D' R B R D2
17452363213232	685653	OK	R B2 R' B R2 D' B R D R' D'
24367513111121	633500	OK	R B R' D2 R B' R B' R2 D2 B2
32156472332132	642476	OK	R B D B' R B' R D2 R' D2 B
14723651211212	625732	OK	R B R2 B R' D B2 D B2 R D2
15627431332112	645539	OK	R B D2 R D' R D2 R2 B' R' D2
65274133232321	658727	OK	R B D' R D' B R2 B2 R B' R'
15724633132322	622787	OK	R B R B2 R' D B2 R' B2 R' D2
32174652312332	627393	OK	R B R2 B2 D' R D' R2 D' B2 D'
34261572133121	636641	OK	R B R' B' R2 D2 B' D B R' D
63752143212323	620552	OK	R B R B2 R2 B D R' D B' R'
74123563323221	622506	OK	R B R B' D2 B' R B2 D R' B
47156322332312	634953	OK	R B R' B R2 D' B' D B' D2 R'
12376543133132	630726	OK	R B R D' B2 D R' D' R2 D2 B'
46527133111121	636474	OK	R B R' D2 R B' R B' D2 B2 R2
62543711311112	612176	OK	R B R D2 B' R B' R D' R' B2
47621533231121	663411	OK	R B2 R B' R D R2 B' R B D2
24173652323231	611634	OK	R B R B' R2 D R' D' R D' B2
32164571111231	643745	OK	R B D B' D2 R D2 R' B R' B
42367153111121	634327	OK	R B R' D2 R B' R B R2 D2 B2
76341253233131	624520	OK	R B R2 B R2 B' D2 B' D B R2
16537421332112	631248	OK	R B R2 D' R' B' R' B R' B2 R
74163253133132	658996	OK	R B D' R2 B2 D R' D' B D' B
51264732213311	616249	OK	R B R B2 R2 D2 R' D' R D' B
72345611222222	639830	OK	R B R' B2 R' D' B2 D B' D2 B2
15346271321321	648998	OK	R B R' D R D2 R2 B' R' D B2
73146522113231	639486	OK	R B D B D2 B D B2 D2 R' D'
13276541323322	649562	OK	R B D2 R' B D' R D B R' D2
12365471313113	617846	OK	R B R D2 B' R2 B D2 B2 R' B
47152361233232	645217	OK	R B R' D B D2 B2 D' R' D2 B
14735621223113	634819	OK	R B R' B' R D' B' D R' D R'
12376543133231	628841	OK	R B R D B2 R2 D2 R D2 R' B2
17436521323232	630639	OK	R B R' B D2 R D' B' D' B2 D'
63172452312323	617380	OK	R B R B R D2 R B' R D2 B2
76342511323112	649288	OK	R B D2 R' B R' B D R B' R2
14726531333312	628443	OK	R B R2 D' B D2 R B' D' B' D
32765413322312	670015	OK	R B2 R B D2 B2 R B' R B2 R'
15643273223111	621371	OK	R B R B2 R D' B' R' B2 D R
36752143132232	625757	OK	R B R B D B' D' B D2 R' B
36125472121223	640772	OK	R B R' B' R D' R' B R2 D' B2
76345123312211	622725	OK	R B R B' R B' D' B2 R2 D' R
12467351231321	640453	OK	R B D B2 R' B R' B D' R2 B
15672343213232	674855	OK	R B2 R D' R2 B2 R' D R B2 R
36745211211221	627059	OK	R B R2 B D' B R2 D' R B R'
17463251331221	654563	OK	R B D2 B' R' B2 D R' B R D'
63714522332132	620713	OK	R B R D2 R' D R2 B' R2 B D2
17426531223221	626162	OK	R B R B D2 R2 B2 R B2 R' B2
46375213333121	623496	OK	R B R2 B D' R D' B' R' D R2
15647233213232	638140	OK	R B R B' R2 D2 B D' B' D R2
65417323223123	653369	OK	R B D2 B' R B' D2 R B2 R' D2
62154733321121	656387	OK	R B D' R' D B2 D R2 B' R2 B
56723412122312	635545	OK	R B R2 D2 R D B2 D R D2 R'
76315241223113	625450	OK	R B R2 D R' B R2 B2 D' R B2
56347211331131	619922	OK	R B R D' R2 B2 R D R2 D R2
12734562313223	611467	OK	R B R B R D2 B D' B D2 R2
24715632313223	623619	OK	R B R D' R B' R' D2 B2 R' B
62135473122131	623279	OK	R B R B' D2 R2 D R' D R2 D2
15367421223113	644439	OK	R B D2 B D R2 B' R2 D R D2
16537421223113	630235	OK	R B R2 D R' B R2 B2 D' R' D2
54637211132111	624066	OK	R B R' B2 R D2 B' D B R D'
15627431223113	637771	OK	R B R' D' R' D' R2 B R' D2 R
27453161123111	620200	OK	R B R2 D B2 D R2 D2 B' D R
76245311131121	631713	OK	R B R' B D' R B2 R2 B R' D'
54362711111231	655584	OK	R B D' B2 R D R' B D2 B' R
61472533112111	619724	OK	R B R B2 D2 R B' R' D R2 B2
57364213332122	629460	OK	R B R2 B2 D R' D B' D B D
45612373322111	639019	OK	R B R' B' D R2 D R' B R2 B'
35267141223233	641361	OK	R B D B' R' B' D R D' R D2
46375211211332	633549	OK	R B R' B' R2 D' R' D R2 B' R'
51647231113232	621874	OK	R B R2 D2 B D2 B R' D' B2 D
75243613213232	655974	OK	R B D2 B' D' B2 R B' D R D'
23674153232321	638770	OK	R B D R' B2 R' B' R' D R2 B'
57214361323232	629894	OK	R B R' D2 B D B' D R2 D' R
31527643332122	623728	OK	R B R' B R B' R D' B2 D2 R
37614521323232	636587	OK	R B D R' B2 D R2 D' R D' B
32167453222313	624417	OK	R B R D B2 R B2 R B' R2 D2
16257433223123	639916	OK	R B D B2 R2 B' D' B2 D' B2 D
46375212132131	618268	OK	R B R D2 B2 R2 D B' R2 B D'
14735621332112	616814	OK	R B R D2 R D2 R' B2 D B R2
14735621333222	622113	OK	R B R2 B D2 R B D' B D' B'
16725433333232	623410	OK	R B R2 B R' B R2 D' B D B'
63752142332132	616487	OK	R B R D2 R' D' R2 B D2 B' D2
46352171211233	647139	OK	R B D' R D R B' R2 D B D'
54317261113112	645815	OK	R B D2 B' R D' R' B2 D B' R
34165273222322	628424	OK	R B R2 B R2 D2 B R' B' D B2
42315673112111	635108	OK	R B R' B2 D' B D' R' D R2 D
67435123123121	645609	OK	R B D2 R' D2 R' D R' D2 B2 D
52731641233112	632386	OK	R B R' D' B D' B D2 R2 B' D
13542671231231	636754	OK	R B R' B R D2 R2 D' R' D2 B
56173421113112	646125	OK	R B D2 B' D R' D' B2 R D' R
31452672322331	653015	OK	R B D' B' D B2 D B2 R' B2 R
72345613221221	653546	OK	R B D2 B R2 B' R2 B' D B D2
31265471321111	621070	OK	R B R2 B D' B D B2 R' D R'
74125633133222	652388	OK	R B D2 B D2 B' D2 B' D R D2
24715633112111	621798	OK	R B R D' B R' D R2 D2 R B'
54231673123121	629542	OK	R B R' D R D B2 R2 B D2 R2
23456713212332	637965	OK	R B R2 B' R2 D B' R2 B R B'
73645211321111	623141	OK	R B R2 B R' B D R2 B' D R'
31452671332232	646478	OK	R B D' B D R D' R2 B R D'
75346213112132	632917	OK	R B R' B2 R D R' B D' R D2
73645211223113	620645	OK	R B R D' B2 D B' D2 R D' R
67435121332112	639126	OK	R B D2 R' D2 R' B D' B2 R2 B
53421671321231	622621	OK	R B R2 D2 B R2 B R' D' R2 D
15236473231121	629516	OK	R B R' D2 B' D R D' R D2 B2
32156471232332	634827	OK	R B R' D' R D2 R B' R D2 R'
42561733323122	611887	OK	R B R D2 B2 R B R2 D2 B' R'
45623712332123	646062	OK	R B D' R D' B' R' D B2 R D'
76253141123132	633735	OK	R B D R' B2 R D' B R D2 B2
36217543213112	646964	OK	R B D' R2 B' D R B' D R2 B2
62317453112111	639384	OK	R B D B2 D B' D' R D' R2 B
32465172132131	615100	OK	R B R B' R D' B R2 B' D2 R
64713253112111	636826	OK	R B D R' B2 D' R B' D' R B2
12637451332112	609672	OK	R B R2 B R B2 D' R2 B R D2
76315243211231	625744	OK	R B R2 B R2 D B D' R B' R'
56124371111231	623640	OK	R B R' B2 D B R' B R2 B' R
47156322332132	615298	OK	R B R D2 R' D R2 B' R2 B' R2
47621532232331	630445	OK	R B R' D R' B' R' B D2 R D'
15746321323211	630132	OK	R B D R B2 R D R2 D2 B' D'
43216573132121	630397	OK	R B R2 B2 D' B R' D2 R' D2 R'
25137461211323	619387	OK	R B R2 B' R D R2 D2 R B R'
13276541323112	627702	OK	R B R2 D' B D' B R B R' B2
56423171231231	633193	OK	R B R' B' D B' R2 D2 B' R' D
71432561323232	618562	OK	R B R D' B2 R B2 R' D B' D
12346571111231	626131	OK	R B R' B2 R' B' D' R D2 B D'
52163471333123	630055	OK	R B R' D B2 D' B2 R D R B'
34261572132131	614901	OK	R B R B' R D' B R2 B' D2 R'
23751463112321	626598	OK	R B R' D R D B' R2 D R B'
32451762331121	623151	OK	R B R' B' D B2 D R2 B' R2 B
62374511322311	622161	OK	R B R' B2 D' B D R' D B2 R2
57241631322113	616421	OK	R B R2 B2 D' B R2 B' D R2 D'
76253141211332	621765	OK	R B R' B D B D' R2 B D B'
45671231132231	632087	OK	R B D R' D' R' D B D' B D2
65123471233232	625671	OK	R B R' B D R2 D R' D' B' D2
76342511111231	613246	OK	R B R B' D2 R B2 R' D R' D
41357622313112	633628	OK	R B D B' D2 B R' B R B2 D2
16542371221331	622446	OK	R B R2 B D' B R' D' R2 B R'
62147353132121	610598	OK	R B R B2 D' R B' D B' R' D2
52731641323112	626420	OK	R B R' B' R B' D B2 R2 D' B
32156473223123	614469	OK	R B R B' R B2 R' D2 B R' D
75412631223332	608156	OK	R B R D2 B R' D R2 D R' B2
14723652322121	628328	OK	R B R2 D' R2 D B R2 D' R2 B'
23751461132123	626152	OK	R B R' D' R B2 R B2 D' R2 D
32647153132121	632234	OK	R B R' D2 B2 D B2 D B2 R D
17356241212313	623861	OK	R B R' B' R D2 R B R' D2 R2
15342671211311	612387	OK	R B R B' D2 R' B R' B' R D2
17463251221331	621745	OK	R B R2 B D B' R2 D R B D'
25364173223231	611178	OK	R B R D' R' D' R B D' R B2
45637123332122	614150	OK	R B R2 D B2 D B2 D2 R' B R
13764251211311	608094	OK	R B R B' D2 R' B R' B' R B2
23456173212332	635886	OK	R B R' B' D' R B2 D' B D2 B'
45623713322321	622319	OK	R B R' B D' R' B' R B2 D R'
32417653132121	609204	OK	R B R B2 D2 B' R' B2 R' B2 R
72345611221223	616552	OK	R B R D2 B' R B2 R' D R2 D2
17324561232332	605547	OK	R B R D B2 D B R2 B2 D' B'
53467211321111	615830	OK	R B R2 B' D R' B' D2 R D' R
51623471321111	614557	OK	R B R2 B' R B' D' B2 R B' R
17362451211311	609089	OK	R B R D2 R D' B' D R' D2 B
26345711223113	614706	OK	R B R2 D' R2 D' R D' R2 B2 R
42137653132121	616659	OK	R B R2 B R' B D' R D2 B' R
75314621133221	602134	OK	R B R B' R' D' B R D' R B2
74125633132232	611208	OK	R B R B2 D' R B2 R' D B2 D2
14763523222331	618530	OK	R B R B' R D B2 D2 R' B' D
31452671323211	608268	OK	R B R D' B2 D B' D R B2 D2
36217541223311	613284	OK	R B R2 B' D B R2 B2 R B D'
47653213232111	606715	OK	R B R B D2 B R' B' R' D2 R2
76421351131121	605850	OK	R B R B' D2 B' R' B' R D2 B'
57241631323112	614048	OK	R B R2 B2 D' R D2 R' B R2 B'
72345612331331	610151	OK	R B R B' R2 D R' D2 R B2 R2
15746322313112	599218	OK	R B R B D2 B D R2 D2 B' D'
62374513312112	603163	OK	R B R B2 D R' D B2 D B' D2
46352172113231	604300	OK	R B R B' D2 B D' B R B2 D2
42165373223123	616013	OK	R B R2 D' R2 D' B D' R2 B2 R
