52341671111111	8725335	OK	B R' B2 R' D' B' R D2 B R' D
12745631111111	8708583	OK	B R' B R B' D2 B' R' B' R D2
21354672313211	9909273	OK	B2 R B' D R D2 B' R D R2 D'
14325671111111	10297722	OK	B2 R' B R D B2 D R' B' R D'
54721631111111	10377121	OK	B2 R' B R' D' B R2 B R B D'
41752632313211	9938912	OK	B2 R B' R D R2 B' R B D2 B'
75246311111111	5949291	OK	R2 D R' D B D2 R' D R B2 R'
25714632313211	8584888	OK	B R2 B' D' B D2 R' B' D R' B2
45312672313211	8503464	OK	B R2 B' R' D R2 B' D' B R' D2
15642371111111	5897425	OK	R2 D R' B D B2 R' D B D2 B'
47265312313211	7676769	OK	R' D R' D B D2 R' D R B2 R'
41625372313211	7623040	OK	R' D R' B D B2 R' D B D2 B'
56147231222132	5770942	OK	R2 B D' B R2 B2 D' R D' R' D
45176233131113	5793521	OK	R2 B D' R B' R B R2 D2 B2 R
25314673131311	5742011	OK	R2 B R' D B' R D B2 R2 D2 B
25314673111313	5892044	OK	R2 B D' B R' B R B2 D2 R2 B
54321673313321	5744725	OK	R2 B R' D B2 D2 R' D B' R' B
53162743312223	6607837	OK	R' B R' B D R2 B' D R B2 R'
45176231133113	5697476	OK	R2 B D2 R2 B2 D R B' R B' R
45176231131313	5638003	OK	R2 B R' B R' B D R2 B2 D2 R
54321673323311	5851110	OK	R2 B D' R' D B' R2 D2 R D' B
51342763312223	6595122	OK	R' B R' D R B2 D' R D R2 D'
25314673111331	5629566	OK	R2 B R2 D2 B2 R B D' R D' B
76543211111111	6110964	OK	R2 D' R B R B2 R D' B' R B'
54321673313312	5669897	OK	R2 B R' B' D B' D2 R2 D R' B
45176231331113	5565848	OK	R2 B R2 D2 B2 R B R' B D' R
26154372332213	5945109	OK	R2 B' D2 B R' D R' B2 R' B R'
16345271111111	6078674	OK	R2 D' R B' R' D R2 D B D B'
54217362233213	5759945	OK	R2 B' R2 B R' D B' R2 B' R B'
24751362321113	6019384	OK	R2 D B2 R2 D' R' D R' B R2 B
64157321133212	5886859	OK	R2 D R2 B2 D' R' D B' R B2 R
74256313111232	5903156	OK	R2 D R2 B2 D' B' D B' R D2 R
52763413222112	5654564	OK	R2 B D' B' D B' R2 D2 R B' R
52763413223312	5616565	OK	R2 B D' R B2 R2 D' R D' B' R
13754262123323	5867398	OK	R2 B' D' R B' D R2 D R' D R2
32456711233133	6017560	OK	R2 D B2 R2 D' B' R B' R B2 R
65732411333123	5546468	OK	R2 B D2 R2 B2 D R D' B D' R
52763413322312	5453675	OK	R2 B R' B R2 B2 D' R B' D' R
41765322313211	5744712	OK	R2 D2 R B' R B R2 D' B D B2
52763411222312	5483582	OK	R2 B R' D' R B' R2 D2 R D' R
23671452122333	5709856	OK	R2 B' R' B R' D B2 D R' D B2
64325713121222	5381071	OK	R2 B D' B R' D' R D2 R B R'
12345673132313	4737192	OK	R B' D2 B' R' B D' R D' R2 D2
36725413131311	4592159	OK	R B' D2 B' D' B D' B R' D2 R2
35721642221213	5352348	OK	R2 B D' R B' D' R D2 R D R'
34162752132212	5262079	OK	R2 B D R' B D' R D' R D2 B
52314673311311	5760275	OK	R2 D B' R' D' B D2 R' B D2 B'
46257313312211	5760012	OK	R2 D R' D B R2 B R2 D2 B D
24615372213311	5682143	OK	R2 D R' B D R2 D B2 R2 D B
25731642232211	5194312	OK	R2 B R' B D R' B2 R' D2 R D
45176321131133	5692127	OK	R2 D R' D' B' D R2 B' R D2 R'
54217632132212	5254061	OK	R2 B R' B R' D' B R2 B D R'
12345673231313	4550496	OK	R B' R2 B' R' D B' R D' R2 D2
25341673113311	5664519	OK	R2 D R' B' D' B R2 D' B R2 B'
72561433311233	4894871	OK	R D2 R2 D R' D R' B R' D B2
27546312231122	5324205	OK	R2 B2 R D2 R2 D B2 R' D2 R2 B
75243162211322	5344010	OK	R2 B2 R B2 R2 B R2 D' R2 D2 B
25631741212121	5188529	OK	R2 B R' D B' D' R B2 R B D'
57214632212213	5163314	OK	R2 B R' D R B' R2 B' R2 B R
47165321322131	5465698	OK	R2 B2 D2 B' R D' R2 B' R B' R2
34561272212213	4777056	OK	R D B2 R2 D2 B R D' B R' D'
74513263121222	5127074	OK	R2 B R D' B D' B R' D R2 B
24615733113323	5255531	OK	R2 B D2 R2 B2 R' D B' D B2 D'
12367451312222	4961637	OK	R D2 R2 D B' D R' D B' D R2
32147652233213	4756760	OK	R D B2 R2 D2 B R B' D R' D'
23165743331312	5476553	OK	R2 B2 D2 B' R B' R2 D' B D' R2
53672142221213	5141406	OK	R2 B R B' D B' D R' D B2 R
41532672313211	5224674	OK	R2 B' R D R' D2 R' D' B' D B2
76254133311323	5242918	OK	R2 B D2 R2 B' R' D B' D R2 D
23165742131333	5484693	OK	R2 B2 D2 B' D B' R2 D' R D' R2
36725413111313	4404837	OK	R B' R2 B' D' B R' B R' D2 R2
63725143123313	5467469	OK	R2 B2 D2 B' D R' D2 B' R D' B2
47352612313211	5261463	OK	R2 B' R2 B' R' D' R D2 B D' B
42351763231133	5227935	OK	R2 B D2 R2 B' D' R B' D R2 D
71625433213133	5185217	OK	R2 B D B' D B' R B' R B2 D
32145671111111	5218544	OK	R2 B' R B' D' B D2 B D R D'
24615731132333	5145479	OK	R2 B R2 D2 B2 D' B R' D B2 D'
35267141321132	6132079	OK	R' B D R' B2 R D' B R D2 B2
63172452313211	5236298	OK	R2 B' R B R' D2 R' D' R' B D2
54367211213333	4772535	OK	R D B2 D2 B D R2 D2 R' D2 B
45321673113311	5334213	OK	R2 B' D R B2 R' B R2 D' B2 D
54312673311311	5257174	OK	R2 B' R D B2 D' R B2 D' R2 D
54367212211322	4644840	OK	R D R2 D2 R B R2 B2 R' D2 B
34561272232211	4620032	OK	R D R2 B2 D2 R D R' D B' D'
52741632123323	4613985	OK	R D R2 D2 R B D2 B2 D' B2 R
16527431312222	4653299	OK	R D R' B' D R D2 R2 B2 R B'
12347651111111	5191630	OK	R2 B' R B D B2 D B' D' R D'
32147652332213	4601035	OK	R D R2 B2 D2 R D B' D B' D'
61352472313211	5230290	OK	R2 B' R2 B' D' B' D R2 B R' D
62135743312223	4978519	OK	R2 B R2 B2 D2 R' B' D R' B R2
42615371313332	5147997	OK	R2 B D2 R2 B2 R' B D' B D2 B'
74256311321222	5049096	OK	R2 B R2 D2 B' D' R D' R D2 R
63125741112323	4953106	OK	R2 B R' B D R2 B2 D' R2 D B
76321453311233	4638624	OK	R D R' B R' B R2 D2 B2 R B'
75314621313212	6043862	OK	R' B D B' D2 B R' B R B2 D2
74123653132232	4789146	OK	R D2 R2 D B' R B' R B' R B2
41635721212121	4673932	OK	R D2 R' D' R D' B R2 B D' B
16543271221223	4834290	OK	R D2 R2 D R' B R' B R' B R2
45376121131133	5200262	OK	R2 B' R B D2 B' R B2 D' B2 D
24751362221231	5042363	OK	R2 B R2 D2 B' R' B D' B R2 B
25413672323111	5920921	OK	R' B R D' B2 D B' D R B2 D2
74165233111313	4078832	OK	R B2 R2 B' R D' R D' R' D2 R'
16254733312223	4360430	OK	R D R2 B' D' R2 D' B R B2 R
24563713121222	4664710	OK	R D2 R' B' R D' B D2 B D' R
46215372313211	4887879	OK	R2 B2 R B' D R D2 B' R D R2
26317451212211	5120584	OK	R2 B2 R' D' R' D B2 D B2 D' R2
35624712321212	4345619	OK	R B' D R2 D2 B' D B' R' D B
25364172311231	5934584	OK	R' B R B' D2 B D' B R B2 D2
74165233132313	4096496	OK	R B2 R2 B' R' D2 R' D' R D' R
74165233231313	4095044	OK	R B2 R2 B' R' B2 R' B' D B' R
36725412111212	4038488	OK	R B2 R D R' B R' B R2 B2 R'
17326452212111	5079795	OK	R2 B2 R' B' R' D R2 D R2 D' R2
26435712222122	5052073	OK	R2 B R2 D2 B2 D' R D' R B2 R'
14367523311113	4755839	OK	R D' R' B' R B' R' D2 R' D' B
34561273313321	4390332	OK	R B' R' D2 B' R D' B2 R2 B' R
12374562111212	4421720	OK	R B' D B2 D2 R' D R' B' R B
63725141112323	4269236	OK	R D R2 B' R B R2 D2 B R' D'
36754123232222	4312146	OK	R B' D B2 D' B R' B D R' B2
56123471331332	4660564	OK	R D B2 D2 B D B2 D2 B' R2 D
76312452212111	4996459	OK	R2 B D' B' D R B' D R2 D' R
12345672321212	4078712	OK	R B D' R2 B' R B2 R B' R' D2
52741633321223	4395081	OK	R B' D B' R2 B R2 B' D2 B D'
71264533231223	4302361	OK	R B' D R2 D' R D' R D R' B2
32156741112323	4911422	OK	R2 B R' B D R2 B' D R B2 R'
54367213112222	4402533	OK	R B' D R' D2 R B2 R' D2 R D'
74165233131311	4077828	OK	R B2 R2 B' R B' R D' R' B2 R'
36725412123212	4040876	OK	R B2 R D B' R B' R B2 R2 B'
12345672121232	4054887	OK	R B D2 B R D' B D' B' R2 B2
12367452113333	4456697	OK	R B' D B2 D2 R' D R' B' R B2
76321452123323	4372680	OK	R B' D R B2 R B' D2 R2 B R'
76321453323311	4477982	OK	R B' D' R2 D B2 D' B D2 B R'
61235741313131	4349722	OK	R B' D' B D R D2 R2 B' R B
74165231121212	3939526	OK	R B D2 B D B' D B' R' B2 R2
24731561111111	4780383	OK	R2 B R' B R2 D R' D' B' D2 B'
34527612231332	4356667	OK	R B' D R2 D2 B' D B' R' D B2
72543613132232	4530842	OK	R D R' D R' B R2 D2 B2 R B'
21347562312323	5520879	OK	R2 D2 R B' D B R2 D' R B R2
32647512333233	5082531	OK	R2 B2 R' D' B' R D2 R B2 R' B2
74165232111212	3984095	OK	R B D' B2 R' B R2 B R' B' D2
14632571111111	4744941	OK	R2 B R' B2 R' D' B' R D2 B R'
24315673311311	4916353	OK	R2 B D' B' D' R D2 B' D R2 D'
36125743222331	5527937	OK	R2 D B' D' B' R D2 B' R B2 R'
75462132123212	4195601	OK	R B' R D2 R2 B' D B' D' B R
14763251221223	4571533	OK	R D R' D' B R D2 R2 B2 R D'
63541271212211	4911779	OK	R2 B D B' R B R2 B2 D' B' R
54367213312133	4280329	OK	R B' R B' R2 B R2 B' R2 B R'
36725412321212	4012002	OK	R B2 R B R' B R' D B2 D2 B'
12354761112323	4896282	OK	R2 B R' D R B2 D' R D R2 D'
76321453313312	4339968	OK	R B' R' D2 R B2 R' D R2 D R'
76541232131213	4722979	OK	R D' B2 D' R B D R2 D2 R B
31564272212111	4905408	OK	R2 B D2 B2 R D' B' D B2 R B
72361542333233	4877282	OK	R2 B D R' D R B2 R2 D' R' B
67321451212211	4828998	OK	R2 B R' D' R D R' B R2 B' R
74165231313131	3906731	OK	R B D2 R B' R2 B' D R' B R2
67132541133311	4691341	OK	R D' R2 B2 R' B2 D B2 D2 B D'
16527432211322	4233780	OK	R B' R B R' B D2 R2 B' D R2
36712542121211	4180198	OK	R B' R B2 R2 D' R B' R' D R
56274312313211	4232526	OK	R D R' D B D2 R' D R B2 R'
36725413131113	3910349	OK	R B D2 R B' D2 B' D R' D R2
45276131131133	4915145	OK	R2 B D' R' D' R D2 B' D B2 D'
12765432222212	4753610	OK	R D' B2 D' B D R D2 R2 D R
72561432213122	4248600	OK	R B' R D2 R2 B' D B' D' B R2
73615241112323	4010625	OK	R B' R B2 D2 R2 B R' B R' D
52614372313211	4200341	OK	R D R' B D B2 R' D B D2 B'
15324673113311	4799919	OK	R2 B R' D' R' D R2 B' D B2 D'
73624513121132	4661565	OK	R D2 B' D2 R D' B R' B R' D
16527431222132	4265546	OK	R B' R D' R B' R D2 R2 D' B2
12345673131323	3903712	OK	R B R2 D B' D2 B' R B' R D2
36725412121211	4014880	OK	R B2 R B D' R B' D R2 D2 R'
45376213131323	4960842	OK	R2 B2 R D B2 D' R2 D B' R' D2
76254313211111	4958933	OK	R2 B D2 B2 R2 D' B' R B' R D2
16427532333233	4875702	OK	R2 B D2 B2 R B' R' B D2 R D
46127353131323	4164397	OK	R B' R' D R D B2 D2 R' B R
45312673132313	4943842	OK	R2 B2 R D R2 D' R2 D R' B' D2
12345672123212	3933177	OK	R B R' B2 D' R B2 R D' R' D2
76512343213313	4571793	OK	R D2 B' R2 D R' B R' B D' B
72543613322312	4378315	OK	R B' D' B2 D B2 D' R D2 R D'
17265433111313	4430276	OK	R D2 R B R' D R' B2 R' B R'
76512343332311	4573702	OK	R D2 B' R2 D R' D R' B D' R
64531271212211	4780356	OK	R2 B R2 B2 D R' D' B D2 R B
74165232121211	3843026	OK	R B R' D2 B' R D2 R D' B' D2
36741252122123	4196624	OK	R B' R B2 R2 D' R B' R' D R2
32147651213333	4192609	OK	R B' R D R' B D2 R2 B' R D2
24351761111123	4956369	OK	R2 B D2 B2 R2 D' R' B R' B D2
43675122222122	4295342	OK	R B' D' R D R B2 R2 D' B D
36725411313131	3767617	OK	R B R2 B2 R' D' R2 D' B' R B'
12456731132321	5289629	OK	R2 D R' B2 R' B' R' D R2 B D'
74165231212121	3758615	OK	R B R2 B D R' D B' R' B2 R2
74165233131323	3820072	OK	R B R' B D' R' B2 R' D' B2 D2
32517463131311	4452607	OK	R D2 R D R' D B' D2 B' D R'
32147562333233	4775858	OK	R2 B R' B' D R D' R D2 R' B
45312673231313	4919532	OK	R2 B2 R B D2 B' R2 B R' B' D2
36725411212121	3761311	OK	R B R2 B D R' D B' R' D2 R2
36725412121232	3756489	OK	R B R2 B R B2 R2 B' D' R B'
32416753121222	4322035	OK	R D R2 B' D' B2 D' B D R2 D
74165233131113	3769653	OK	R B R2 B2 R' D' B2 D' R' B D'
24615732111323	4696161	OK	R D2 B' D2 B D2 R' B D2 B2 D'
26435712322322	4631083	OK	R D2 B' D2 B R2 D' B R2 B2 R'
36725411131313	3789530	OK	R B R2 D B' R2 B' D B' D R2
36145272131213	4586180	OK	R D' R2 D' B R B R2 B2 R B
67254311131133	4848851	OK	R2 B D2 B' D2 R D' R2 D B D'
36725412121112	3757031	OK	R B R2 B R D' R B' R' D2 R2
74165232121112	3751965	OK	R B R2 B R D' R B' R' B2 R2
25341762313223	4853023	OK	R2 B R' D R B2 D2 R' D2 R D
36725411121212	3764828	OK	R B R2 B D B2 D2 B' R' D R'
36514272212111	4748910	OK	R2 B R D' R D B2 D2 R' D' R
32567412222212	4578305	OK	R D' R2 D' R B R B2 R2 B R
54612371112311	4822588	OK	R2 B R2 B2 D2 R' D' R D' B D2
56347212111221	4986714	OK	R2 B2 R' B R2 D' B' R' D2 B D
74165231131313	3838076	OK	R B R' D R' B' R2 B' R' B2 R2
16527431123333	4013324	OK	R B2 R2 B' D' R B' D R' D B2
54367212333113	4029344	OK	R B2 R' B D' R' B R D' B R'
76145231122112	4997531	OK	R2 B2 R' B D2 R' B' D' B2 R D
12367451123333	4025868	OK	R B2 R2 B R D' R D' R D' R2
21345762223322	4641413	OK	R D2 B' R2 B R2 D' R D2 R2 D'
76145231221112	5010151	OK	R2 B2 R' D B2 R' B' D' R2 B D
67354211313113	5012818	OK	R2 B2 R' D B D' R2 B2 R B2 R
62351743112123	5275421	OK	R2 D R' B R2 D R' B' D' B2 D'
23165742131321	4617843	OK	R D2 B' R2 B D2 R' D R2 D2 R'
34527612211322	3986369	OK	R B2 R2 B' D R' B R' D B R2
52741632212231	4001930	OK	R B2 R' B R' B' R D R' D B'
24351673311311	4840651	OK	R2 B D2 B' R2 D R' D2 R B D'
43765212222122	4381464	OK	R D B2 D2 B' R D2 B' D2 B R
72561433321133	3962001	OK	R B2 R2 B D' R B' D R' D B2
67354211333111	4987497	OK	R2 B2 R' B D B' R2 D2 R D2 R
72543613223312	4207759	OK	R B' R' B2 R D2 R' B D2 B D'
54367211333213	4055062	OK	R B2 R' D B' R' B R B' D R'
63725142123131	4335557	OK	R D B D2 B2 D B R D' R2 D'
64125371131313	4172499	OK	R B' D2 B R' D R' B2 R' B R'
32147651123333	3943621	OK	R B2 R D R D2 B D' R2 D' R
75231463211123	4392303	OK	R D B2 D' R B' D B2 D' R2 D
34527613312133	3987169	OK	R B2 R2 B' D2 R' D B2 D2 B' R'
34561273321133	3983242	OK	R B2 R2 B D2 R' B R2 B2 R' B'
51267342312233	4131028	OK	R B' D B2 D B' R D' R' B2 D2
36741252123323	3975642	OK	R B2 R2 B' R D' B R' D R B2
56123473133132	4194677	OK	R B' R D' R2 D B2 D' B2 D R'
27643513311233	4468125	OK	R D2 R2 D R2 D2 B2 D B2 D2 R'
13275641112323	3769183	OK	R B2 R' B R' B R' B D' R2 D2
41263751312222	4433596	OK	R D2 R2 D B2 D2 R2 D R2 D2 B'
13265741112323	4115773	OK	R D R2 D' B2 R2 D R B' D B2
63542713121333	3983803	OK	R B' R B2 R D' R B' R' D2 B2
14763251222312	4246883	OK	R B' R' B2 D' R B' R2 D2 R' D
72543611331332	4263889	OK	R B' D B R' B R2 D2 B' R B2
76321453233131	3926907	OK	R B2 R2 B R2 D' B R2 B2 R' D'
47216352131333	4407412	OK	R D B2 D2 B' R B2 D' B2 D R
51324673113311	4709823	OK	R2 B R2 B' D2 R B' D2 B R D'
72561433321223	3942941	OK	R B2 R2 B' D2 R' D R2 D2 R' D'
71264533231313	3811071	OK	R B D2 B' D2 B D' R2 D' R D2
46153273131131	4593740	OK	R D' R2 B2 R' D2 B D2 B2 D B'
52163473323332	4937537	OK	R2 B2 R' D R2 B' R' D' R2 B R
63574212313211	4418423	OK	R D' R B R B2 R D' B' R B'
62435172311132	4289395	OK	R D B R2 B2 R D R D' B2 D'
67154233323332	3826031	OK	R B D' B R2 B2 D' R D' R' D
36741253233131	3912432	OK	R B2 R2 B R' D B' D R' B D2
52741633313321	3876395	OK	R B D' R D' R' B R B' R B2
63752411333213	4931295	OK	R2 B2 R' B R D' R2 B2 R B2 R
34527612231122	3849234	OK	R B D2 B2 D' R B2 D R2 D2 R'
32417562113321	4008041	OK	R B' R D' B' D B2 D R D' B
54321672212213	3950554	OK	R B D' B R' B R B2 D2 R2 B
34527612331322	3932483	OK	R B2 R2 B D R' D R' D R' D2
12367451213333	3983494	OK	R B2 R2 B' R B' D R' D B D2
25471631312213	4067266	OK	R B' D R2 D R' D R' B' R2 D2
63752412333113	4950632	OK	R2 B2 R' D R D' R2 B2 R D2 R
32165741111111	4167118	OK	R D B' D B' D B2 D2 B R' B'
54367212231122	3871776	OK	R B D2 B2 D B D2 B2 D' R2 B
12367453112222	3991339	OK	R B2 R2 B' R2 D' R B2 R2 B' D'
14763253222112	4141213	OK	R B' R B' R B' D B2 D2 B' D2
65314272313211	4405387	OK	R D' R B' R' D R2 D B D B'
34561272122321	3966763	OK	R B2 R2 B' D' B R' D R' B R2
72435163333313	4649914	OK	R D' B D' R2 D' B' D' B R2 D
46127352131333	4116770	OK	R B' R' B D B D2 B2 R' B D
56147232332213	3864735	OK	R B D' R B' R B R2 D2 B2 R
12367541113331	4336078	OK	R D2 B D2 B' D R' D R' B' R
63142571132321	5056983	OK	R2 B' D2 R B D2 B R2 B D' B2
32147652331322	3945266	OK	R B2 R2 B' R' B R' D B' R B2
53714622233111	3988878	OK	R B' R D2 R D' R D' B' R2 D2
52741632212213	3821961	OK	R B D2 R D' R' D2 R' D2 B D'
16527432331322	3887152	OK	R B2 R B R D2 B R' D2 R' D
34561272213122	3817493	OK	R B D B' D2 R2 D R B R' D2
31654272313322	3962627	OK	R B' R B2 R D' R B' D2 B R2
52763143222331	5103733	OK	R2 B' D B D2 B' R D2 B' D2 B
41725361321213	4292664	OK	R D B2 R2 D' R' D R' B R2 B
54367212332213	3841986	OK	R B D2 R D' B' R2 B' D2 R D'
36741252122321	3921108	OK	R B2 R2 B R B' R D' R B' D2
47251363131113	3993930	OK	R B' R2 B R' D B' R2 B' R B'
34216572213122	4367083	OK	R D2 R2 D R2 D2 B2 D' R2 D2 B
32674152113333	4349402	OK	R D2 R2 D B2 D2 R2 D' B2 D2 R
41352671222111	3896697	OK	R B D' R' D B' R2 D2 R D' B
54321672232211	3802017	OK	R B R' D B' R D B2 R2 D2 B
34561273311233	3811835	OK	R B D B' R2 D2 R' D' R B2 D'
72145633312223	4273166	OK	R D2 B R' D B R2 D' R D B2
36712542121112	3710669	OK	R B R' D2 B2 D B R D' R' B
65132472212231	4846066	OK	R2 B2 R B R2 B' D2 B D' B' R2
41352671212121	3776113	OK	R B R' D B2 D2 R' D B' R' B
35624712121232	3626292	OK	R B R2 B D2 R' D B D2 B R2
52341672323312	4680134	OK	R2 B R2 D B2 D R' B D2 B D
52714361232113	4274416	OK	R D B2 D2 R' B R' B' R D2 B'
16527432231122	3768466	OK	R B R' D' B D2 R' B R' D' B
76321452122321	3884425	OK	R B2 R B D B2 R B' R2 B' D
52741633323311	3827438	OK	R B D' R D R2 D B' R2 D2 B
76321452213122	3812452	OK	R B D B' D2 R2 D R B R' B2
36712542122111	3771475	OK	R B D' R B' R2 D R' D R D2
32147651312222	3775747	OK	R B D R' D2 B2 D' R' B R2 D'
73624513332131	4490167	OK	R D2 B' D2 R D' R D' B D' B
42163751121212	3986970	OK	R B' R2 D' R' B R D' B2 D R
63142573112123	4935206	OK	R2 B' R2 D B R2 B R2 B D' R2
76321453321133	3759019	OK	R B R' D' R B D2 B2 R2 B R'
65243712121322	3703040	OK	R B2 R D2 R2 D B2 R D2 R2 B2
16745233333313	4519052	OK	R D' B2 R B R2 B' D' B2 D' B'
16527432333113	3793870	OK	R B D2 R2 B2 D R B' R B' R'
15762342122213	3673347	OK	R B D' R B' D R2 D R' D R'
47165322133112	4162761	OK	R D R2 B2 D' R' D B' R B2 R
56147232333113	3783845	OK	R B D2 R2 B2 D R B' R B' R
32761453121312	4477178	OK	R D' B2 R B D2 B' R' B2 R' B'
54367121113331	4316571	OK	R D2 B D2 B' D R' D R' B' R'
56147232233213	3708059	OK	R B R' B R' B D R2 B2 D2 R
26534713333313	4472740	OK	R D' R B' R B2 D R' B' R' B2
54367211222132	3696475	OK	R B R' B D' B' D B R' B D2
12356743113131	3806138	OK	R B D2 B' R2 B D' B2 D' B R2
37426513132313	3633051	OK	R B R2 B' R2 B D' R2 D' B D2
67345122223133	4296704	OK	R D B' R2 D2 R D B R' B2 D
26547313131323	3912753	OK	R B2 D2 B' D R' D R2 D' R2 D
71264533131323	3621154	OK	R B R2 B R2 B' R D2 B' D2 B
16534723211123	4286991	OK	R D2 R B D2 B' D' B2 R B D
31524673332122	4590942	OK	R D' R' D' R B' D' B2 D' R' B
52741632232211	3687158	OK	R B R2 D R' B' R2 B' D2 R D'
16273541122133	3959864	OK	R B' R2 D2 R D R2 D R B' R
26743512121232	3946846	OK	R B' R2 D' R' D R D' B2 D B
54367212233213	3708532	OK	R B R2 D R' D' R2 D' R2 B D'
34561273321223	3743499	OK	R B D R2 D2 B' R B' R D R2
46275312112232	4172330	OK	R D R2 B2 D' B' D B' R D2 R
67245311112311	4213018	OK	R D R' D B R2 B R2 D2 B D
56123471333123	3957659	OK	R B2 R' D R' B' R B R' D R'
35624712331232	3658022	OK	R B R' D B' R2 D B' R B D2
12374561121212	3672033	OK	R B R2 B R2 D' R B D2 B R2
45736121122211	4205442	OK	R D B D2 B' D R2 B' D2 B R'
71523463231313	3784142	OK	R B2 R2 D' B D' B' D R B' D
52341673323212	4641409	OK	R2 B R D2 R B' R D2 R B2 D
14763251332331	3876213	OK	R B2 R2 B' R' D B' D R' B D2
71263542323123	5000996	OK	R2 B' D2 R B R2 B D2 B R' D2
12356741313131	3702560	OK	R B R2 D B' D2 R2 D R' B' R2
72561433221233	3724253	OK	R B D R2 B2 R' D B' D' R2 B
34561272122123	3755038	OK	R B D R' B2 D2 B D B R' D2
24376512222122	3925968	OK	R B' R D2 R D' R D' R2 D B2
45621373211111	4152816	OK	R D R' B D R2 D B2 R2 D B
76321452122123	3755532	OK	R B D R' B2 D2 B D B R' B2
76321452122333	3682389	OK	R B R2 B2 R' B D2 R D2 R2 D
23657142121112	3911845	OK	R B' R D R2 B2 D R' D2 R D2
35624712321332	3632444	OK	R B R' B R2 D R' B2 R' B R'
26435713333133	4310097	OK	R D B2 R2 D' B' R B' R B2 R
36741252122333	3663333	OK	R B R2 B2 R' B R2 D B2 D2 B'
56271433132313	3779756	OK	R B2 R2 D' R D' B' R D B' D
32147653112222	3755217	OK	R B D B2 D2 R' B D' R D B2
64275132211133	4328836	OK	R D B' D2 R2 D B R B' R2 D
25734613113323	4222769	OK	R D2 R B D2 B D' B' D2 R2 B'
47165322313211	3543551	OK	R B D2 B R2 B2 D2 B R2 B' D'
36125471222111	4630231	OK	R2 B R2 D B2 D B' R D2 R B
34675212222122	4025773	OK	R B' D R' B2 D B' D B D2 B
24617532233321	4760205	OK	R2 B2 R B' R D R2 B' R B D2
41756231321213	4193883	OK	R D2 R D R2 D B' D' R2 B2 D'
71263541333222	4890125	OK	R2 B' R2 D B D2 B R2 B R' B2
71264533221323	3606459	OK	R B R2 D B' R2 D2 R B' R' D2
16527433312133	3628067	OK	R B R B2 R2 D' B R' B R B2
52741632122333	3666155	OK	R B R2 B2 R D B2 D2 B' D2 R
41352671212112	3715794	OK	R B R' B' D B' D2 R2 D R' B
27415633321322	4184905	OK	R D R' D R D' B2 R D' R B'
42615372313211	3540127	OK	R B D2 B D2 B2 R2 B D2 B' D'
23517462131333	3953289	OK	R B' R B' D' B D2 B R D' B
34561273221233	3711599	OK	R B R' D R' D2 B2 D R D R2
32147652113333	3628973	OK	R B R B' D2 R2 D B D B' D2
52741633221233	3731649	OK	R B D R2 B2 R' B' R2 D' R' D
54367211132222	3779203	OK	R B D B2 R2 B' R B' D' B2 R'
12374561211212	3682780	OK	R B R' B R' B2 D R' D B D2
17435623211123	3884565	OK	R B2 D' R B D R2 D2 B' D B
13246571113232	4604883	OK	R D' B' D2 R D R2 D' B' R2 B'
36542712121322	3666854	OK	R B2 R D2 R2 D' B2 R B2 R2 D'
72365413121312	4365303	OK	R D' R2 B R B2 R' D' B2 D' B'
12367451132222	3800364	OK	R B D B2 R2 B' R B' D' B2 R
76143253333313	4371753	OK	R D' R2 B R D2 R' D' R2 D' B'
41237561313131	3868373	OK	R B2 D2 B' D B' R B2 R' D2 R
74152363133222	3990813	OK	R B' R B2 R' D B' R B D' B2
13642573221221	4065728	OK	R B' R D2 R' D R' D R D' B2
56743213121213	4155438	OK	R D B2 R' D R D B2 D2 R' B
23416752121211	3884033	OK	R B' R B' D' B D2 B R D' B2
54321672212231	3706056	OK	R B R2 D2 B2 R B D' R D' B
62435172211133	4180555	OK	R D R' D2 B2 D R B D' R2 B
16527432113333	3639633	OK	R B R B' D2 R2 D B D B' R2
32716452123212	3894260	OK	R B' R D' B' D B2 D R D' B2
34561273233131	3700477	OK	R B R' B' D B R2 B2 D2 B R'
74123653133132	3863592	OK	R B2 R2 B' R2 D' R D2 R2 D' R'
16543271332331	3892096	OK	R B2 R2 B D B' R B' D B' R2
56174321232113	4126085	OK	R D R2 D2 B' D R' D' B D2 R'
14763253133222	3853630	OK	R B2 R2 B R2 D' B D2 B2 D' B'
47132563222331	4705066	OK	R2 B D' R' D R D' B R2 B' D
71453623311122	4307059	OK	R D B2 D' B D' R B2 R' D2 R
47632513212332	4788425	OK	R2 B2 R' B' D' R D2 R D2 R' D2
71643523331213	3592489	OK	R B D2 B' D2 B' R D R' B D2
43576212112232	4181924	OK	R D2 R D B2 D B' D' B2 R2 D'
41673252212222	3628217	OK	R B D2 B' R2 B' R B D' R D2
36125471212112	4565995	OK	R2 B R B2 R B' D B2 D R2 B
52741633313312	3674735	OK	R B R' B D B2 D B' D2 R2 B
12376541232233	4609190	OK	R D' B' R2 B' D' R2 D B R2 D'
32147651132222	3669682	OK	R B R' B D' B2 R2 B R D B2
34715262221123	4107390	OK	R B' D' R B' D R2 D R' D R2
63752141111111	3997595	OK	R D R' D B' D R2 D2 R D' R'
35174262213131	4010667	OK	R B' D B2 D' R D2 B' R2 B R2
72543613221221	3848846	OK	R B2 R2 B D2 R' B D2 B2 D' R'
34625172111212	3844320	OK	R B' R B2 R D' R B' D2 B R'
16527432231332	3627352	OK	R B R D' B2 R2 B R D B' R2
15746321111111	4001254	OK	R D2 R B' R B R2 D' B D B2
74123653133222	3837534	OK	R B2 R2 B R' B R' D B' R B2
67345122232133	4112922	OK	R D R D2 R2 D R D B' R2 B'
42615372213311	4232112	OK	R D B2 R' B D R2 B2 D B' R'
56271433111313	3682339	OK	R B2 R B2 R2 B' R2 D' R2 D2 B
27534161111123	4371927	OK	R D' R2 D' R B2 R D2 B D R2
23165741112323	3433233	OK	R B R2 D' B D R2 B2 D R' D'
27365412321212	3869842	OK	R B' R D2 R D' R D' R2 D B'
36172452133133	4141774	OK	R D R2 D2 R' D B2 R' B2 R B
14736521321231	4488128	OK	R D' R' D2 R' D' B2 D R D2 B'
63725142223133	4179218	OK	R D R' B2 D2 B R B R' D2 B
16543271331332	3902942	OK	R B2 R2 B' D B' D R' B D B2
71523463131311	3683461	OK	R B2 R B' R2 B' D B2 R B' R2
63512743313333	3639645	OK	R B D' B R B2 D2 R' D2 R2 B'
54723612131312	4223409	OK	R D2 R' D2 B R D2 R2 D' R' D2
56147231333213	3652894	OK	R B R2 D2 B2 R B R' B D' R
76321542211112	4066277	OK	R D B D' R B' D B2 D' B2 R'
74521633133333	4169404	OK	R D2 R' D2 B R B2 R2 B' D' R2
43621752213323	3702392	OK	R B2 R B2 R2 B R2 D R2 D2 B2
16527431333213	3668974	OK	R B R2 D2 B2 R B R' B D' R'
31275461322233	4057430	OK	R B' D B2 R2 D2 B D' B D' R
16543273221221	3892193	OK	R B2 R2 B D' B R' D R' B R2
47136252133112	4152278	OK	R D2 R B R2 B R' D' B2 R2 D'
56123472322121	3751071	OK	R B D2 B2 D B R2 B2 R' B2 D
76321452212231	3669577	OK	R B R2 D2 B2 R B D' R D' B'
24736512222332	4186218	OK	R D B' D R' B R' B2 R D2 B'
34265712212132	4142094	OK	R D R2 D2 R' D R2 B' R2 B R
71546322231212	3527893	OK	R B R' B R' D B2 D R' D B'
53761242221213	3817722	OK	R B2 R' D' R B' R D2 R D' R
43617521223221	4251393	OK	R D B' D2 R D' R B D' R2 D'
24537613231322	4264820	OK	R D2 B R2 B' R B' D R' B' D
64275132232133	4107116	OK	R D R B2 R2 B D R B' D2 B'
17362452213311	4433891	OK	R D' B2 D' R B2 R B2 D B D2
56123471222312	3802254	OK	R B D' B D' R' B D R' D B2
41725362313223	4231439	OK	R D B2 R' B R B2 D2 R D' R'
56321742211112	4019720	OK	R D R D2 R' B R2 D' B2 D B'
17543261111111	3951335	OK	R D B' R2 B R' B D R2 B2 D2
36712542121121	3576068	OK	R B R2 B R B2 D B2 D2 B' D'
12356741133131	3634749	OK	R B R2 B D2 B' R B2 D' B2 D
56123473322312	3782915	OK	R B D' B D R2 D B' D2 R2 B
24167353132232	4244033	OK	R D B' R2 D R' B D B' D2 B'
41725362313211	3393975	OK	R B R2 B D2 B2 R2 B R2 B' D'
34617252132212	3796634	OK	R B2 R' B' R B' D B2 D B' R
32147652231332	3610647	OK	R B R D' B2 R2 B R D B' D2
52167432122222	4195063	OK	R D2 R' B2 D R D2 R2 D' B' D2
31275461112233	4031419	OK	R B' D R2 B2 D2 R B' D R' B
23157462131123	4171717	OK	R D B' R B' D R' B2 R D2 B'
73642511111111	3563313	OK	R B2 R' D' R D2 B' D' R D' R2
71523463331312	3742010	OK	R B2 R2 D' R B' R' D R B' R
17426531232233	4513798	OK	R D' R' B2 R' D' R2 D R B2 D'
14735621223332	4634872	OK	R2 B D' B2 R' D R D' B R2 D2
72561342313223	4444433	OK	R D' B2 D' B D2 B R2 D R D2
72543611332331	3816950	OK	R B2 R D B D2 R B' D2 B' R
45273162222122	3856380	OK	R B2 D2 B' R B' R D2 R' B2 R
46275312313211	3388444	OK	R B R2 B R2 B2 D2 B D2 B' D'
74521633121213	4190244	OK	R D2 R' B2 D R B2 R2 B' R' D2
21457631321123	4604794	OK	R2 B D2 R' D R' D B D2 R D'
41725631111111	3807098	OK	R B' D' R' D R2 B' D2 B D' B
52361472121313	4111113	OK	R D B2 D2 B' D' B2 R B2 R' D2
71643252231212	3616999	OK	R B D2 B2 R' B R' D' B R B'
46275313312211	4110213	OK	R D R2 B' R D R2 B2 D R' B'
63724153121213	4150540	OK	R D B R2 D2 B D' R D' R D'
56213743313333	3481976	OK	R B R2 B' D2 R2 B R B' R B'
13246571111111	3509366	OK	R B2 R' B' R D2 B' R' B D' B2
15634722123332	4304341	OK	R D' R2 B R2 B' D' B2 R2 D R'
14763251333123	3711598	OK	R B D2 R2 B2 D R D' B D' R'
47653213211231	4607684	OK	R2 B D2 R' D R D2 B R B' D'
53146272123233	4000949	OK	R D R B2 R' D R2 B' R2 B R'
56271433123313	3747543	OK	R B2 R2 D' B R' B' D R D' R
64357213231322	4204915	OK	R D2 B R2 B' R B' D R' B' D'
14763253133231	3749299	OK	R B D' R D' R2 B2 R B R D2
31627452221333	3951344	OK	R B' R' B R' D B2 D R' D B2
42167532131333	3839620	OK	R B2 D2 B' R D' R D2 R' D2 R
45362712122222	3609541	OK	R B D' B R' D' R D2 R B R'
73654122111122	4309012	OK	R D' R2 B R2 B' R' D2 B2 R B'
56743212221222	4123077	OK	R D B2 D2 B' D' R2 B R2 B' D2
34721652221222	4117101	OK	R D B2 D2 B' D' R2 B R2 B' R2
31265472233321	4527730	OK	R2 B R' D2 B' D R D' R D2 B2
17526432123233	4066500	OK	R D B R' D B' D B2 D' R2 B'
72163453331333	3971450	OK	R D R2 D2 R' B' R2 D R2 D' R2
31267542313133	3848122	OK	R B' R D2 R' B D2 R' B2 R B2
27615432113321	4052294	OK	R D R2 B2 D R2 D R B' R B2
74123652322121	3722173	OK	R B D2 B2 D' R D2 B R2 B2 R'
72543611223221	3765682	OK	R B D' B D' R2 B2 R D B D2
36217452131333	3914575	OK	R B' R B' D2 R D' B R D2 R
71326543333313	3647702	OK	R B2 R2 B R2 B2 D2 B R2 B2 D'
27613543333133	3851613	OK	R B' R B R2 D2 B R' B2 R B2
35417622223133	4126782	OK	R D R2 D' R B' R B2 R' B2 R
31265471111111	3701534	OK	R B' D B2 D' B R' D R2 B2 D2
72163452122222	3991220	OK	R D R2 B' D B D R2 D2 B' R
62317453312211	4295211	OK	R D' R2 D' B R2 B D2 R B D2
13572641122133	4074006	OK	R D R2 D' R2 B2 D R D' B D2
13274651112323	3678733	OK	R B2 D' B2 D' R D' R2 B2 D' R
27415363131113	3507425	OK	R B R' B D' R' B R B D2 B2
76345122211112	4048697	OK	R D B D' R B' D B2 D' B2 R
16347252131312	3967078	OK	R D R2 B' D R B D2 B2 R' B
54127633133333	4087602	OK	R D B2 R' D B D B2 D2 R' B
26517343333313	3639760	OK	R B2 R2 B D2 B2 R2 B' R2 B2 D
71436253333112	4436549	OK	R D' B R' B R2 D R' D' B' D2
41367253111133	3807711	OK	R B' R2 B R2 B2 R B2 D B2 D'
71534262122222	4026923	OK	R D R D2 B2 R D' R B' R D'
37651242211133	4128746	OK	R D R2 D' B R' B R2 B' R2 B
14625731111111	3697752	OK	R B' D R' B2 R D2 B' D R D
75143263231313	3666034	OK	R B2 R2 D2 B' D2 B' R' B R' B'
23147562123131	4028921	OK	R D R D2 R D B2 D' B' D2 R
52763411333123	3701634	OK	R B D2 R2 B2 D R D' B D' R
24761531221223	4111699	OK	R D R' D2 B R' D B R' B2 R'
16453271111111	3809927	OK	R D R' B2 R B' R D R2 B2 D2
53614721212121	3626368	OK	R B2 R B2 R2 B' R2 D B2 D2 R'
24351673111133	4086519	OK	R D B' D B2 D' B D' B R D2
34721652121313	4114895	OK	R D B2 D2 B' D' B2 R B2 R' B2
71546233331213	3473421	OK	R B D R' B2 R D' R D R' B2
63251743133231	4112113	OK	R D R' B2 D R' D R D' B2 D'
72543613133222	3612841	OK	R B R' D B' D R2 B2 D2 R B'
32175462312323	4493878	OK	R2 B R2 B' R D R2 D2 R B R'
24563712121232	3506103	OK	R B R' D2 B' R' D2 B R D2 R2
24637512311132	4003256	OK	R D R B2 R B R2 B' D' B2 R
43126572133313	3439538	OK	R B R2 B' R2 B' R D B' R D2
13276451113211	3887612	OK	R B' R2 B' R D R2 D R' D2 R'
23756413322312	3719956	OK	R B D' B' D B' R2 D2 R B' R
56743213331333	3975072	OK	R D R2 D2 R' B' R2 D R2 D' B2
16475233132313	3654863	OK	R B2 R2 D2 B' R2 B' R' D R' B'
56123473222112	3636415	OK	R B R' D R' D' B R B' D B2
31265741233331	4052973	OK	R D R D' B D' R B2 R B R
24716532323231	3860736	OK	R B' R2 B' D B R2 B R' D2 R'
46127351131313	3443858	OK	R B R2 B R' D R D2 R D R'
52167433133333	3984339	OK	R D B2 D2 B R D R' D2 R' B
56123473223312	3621555	OK	R B R' D R D2 R B' R2 D2 B
65147321232113	3902420	OK	R B' D R2 B' R B D' R D2 R2
23756413222112	3681188	OK	R B D' R B2 R2 D' R D' B' R
13276451233133	3818461	OK	R B' R B R' B2 D2 B R' B2 R'
41576322212222	3522083	OK	R B D B' D2 B R' D B R' B2
51472361131313	3610381	OK	R B2 R B R' B D' R2 D' B D'
24563711121212	3484720	OK	R B R' B2 D' R' B2 D B D2 B2
31275463311122	3860014	OK	R B2 D' B D R D2 R2 B' R B
13276541213312	4562949	OK	R2 B D' R2 B' D R B' D R2 B2
62174351122133	3476687	OK	R B R2 D2 B R2 B R D' B D'
56341273121213	4016582	OK	R D B2 D2 B R B R' D2 R' B
51732643121213	3572439	OK	R B D' R B' D' R D2 R D R'
23475162121112	3441216	OK	R B R2 B R2 B' D R' B' D2 R2
73615241113322	3863953	OK	R B' R D2 B2 R2 D B' R B' R
57236141323232	4551070	OK	R2 B D R' B2 R D' B R D2 B2
42136752131312	3520406	OK	R B D R' B D' R D' R D2 B
21346752313322	4027077	OK	R D R2 B2 D R' D' R' B2 R2 D'
46123573232123	4290277	OK	R D' B2 R D' R D' B' R' D R2
72164353131113	3613762	OK	R B2 R D R' B D' B2 D' B R'
53724612121112	3544206	OK	R B D' R B R2 D2 B' R2 B2 D'
14763252322121	3618878	OK	R B R' B' R B2 D' R B' R' D
34516722313223	4210297	OK	R D2 R D B2 D' B' D2 R B R
14567231312213	3908159	OK	R D R' D' B D2 B D' R' B R
36152741231312	3936628	OK	R B' D' R D2 B' R D' B' D2 B'
17435622211133	3815074	OK	R B2 D' B R D R2 D2 B' R D
13576241312213	3680482	OK	R B2 R2 D' B D' B2 D' R' D R'
21376541122211	3918076	OK	R D R D' R B' R B2 R' D2 B'
43216573212332	4496255	OK	R2 B R2 B2 D B' D' B R2 D B
17425631322332	4439581	OK	R2 B R D2 B R' D R2 D R' B2
24351671212211	4067692	OK	R D B' R' D' B D2 R' B D2 B'
45613272233111	3634915	OK	R B2 R2 D' R D' B2 D' R' B R'
36714521232113	4175746	OK	R D B' D2 R D' B' D' B2 D2 R
56123471223221	3519935	OK	R B R B2 D2 B' R' B2 D' R' B
76342513322111	4449780	OK	R2 B R' B2 D' B D R' D B2 R2
14673251111111	3668293	OK	R B' D' R D2 B' D B R B' R2
71462533111223	4357625	OK	R D2 B' D R2 D2 R' D R2 B' R2
47126351233232	4025218	OK	R D R' B R D' B2 R D' B D'
37614521111111	3635589	OK	R B' D R2 D' R2 B D' R' D' R
61734523222331	4449493	OK	R2 B R B' R D B2 D2 R' B' D
31754621331122	4447666	OK	R2 B R2 B D2 R B D' B D' B'
64275133231112	3826105	OK	R B2 D' B2 D R2 B' R D2 R2 D'
53761242121211	3391322	OK	R B R B2 R2 B' D2 R B D B2
14763253221221	3598500	OK	R B R' B R' D B2 R2 D2 B R'
71435263211123	3633650	OK	R B2 R B' R B' R B' D' B2 D2
76312543322222	4314937	OK	R D2 B' R D2 R2 D' R D2 B' R2
41735261323313	4336908	OK	R D' R D' R2 D' R' B' D B2 R
13265742131312	4002291	OK	R D R B2 D2 R B' D R' B D'
31246753312211	4197114	OK	R D2 R D R2 D' B' R2 D B R
41726532312233	3642080	OK	R B2 R2 D' B R' B2 R' B' D R'
12367541112212	3842842	OK	R B' D' R2 D B' R2 D B2 D' B2
36714522121322	4187617	OK	R D B' D2 B' D R D R2 D2 R
51642731113322	4134333	OK	R D B2 D2 R' D B' R' B R2 D'
34617252111212	3415125	OK	R B R D2 R B D B2 R' B R'
56721432312233	3844509	OK	R D R B' R' D R' D' R B2 R
63751242221321	3905081	OK	R B' D B R' B2 D2 B D' B2 D'
21357462311111	3865900	OK	R B' R2 D2 R B D2 B R D' R
24615731122313	3834312	OK	R B2 D' B2 D B2 R' B D2 B2 D'
72165432111122	4143046	OK	R D2 R' B2 R B' R' B D2 R D2
56123472331331	3565745	OK	R B R2 B2 R D R2 D2 R' B2 D
16543272331331	3589757	OK	R B R2 B2 R' B D2 R B2 R2 B'
21345671111111	3729786	OK	R B' D2 R' B R' B' R D2 R B
15246371331332	3709754	OK	R B D' B R' B2 D R' B D B2
52147633111112	4155205	OK	R D2 R' D B D B' D R' D2 B
52463713212332	4473593	OK	R2 B R2 B' R2 D B' R2 B R B'
12347652123332	4151807	OK	R D2 R' D2 R B' D' R D2 B D2
47123562232133	4109668	OK	R D B D2 R' B' R2 B R D2 R
53761242321212	3389136	OK	R B R B2 R B R B2 D' R B'
37642152213311	4168582	OK	R D2 R B R2 B' R' D2 B R B
72543612331331	3546875	OK	R B R2 B2 R' B R2 D R2 D2 R
37624512121322	4161517	OK	R D B' R2 B' R B D B2 D2 B
14763253132232	3521084	OK	R B R B' R2 D2 R' D' B D2 R'
56147322333233	3990507	OK	R D R' D' B' D R2 B' R D2 R'
14763253133132	3534625	OK	R B R D2 R2 B' R D' B R D2
61452731311313	3862134	OK	R B' R' D' R D' R' B2 R' D' B
57364212213311	4017097	OK	R D B' R' D' B2 R2 D' R B' D
52463173212332	4502361	OK	R2 B R' B' D' R B2 D' B D2 B'
65274131111111	3568011	OK	R B' R D' B2 D B2 R' D B D
14523673121312	3854790	OK	R B' D' B D2 B2 D B' D' R D2
54723613333313	3983792	OK	R D B2 R' D' B2 D B D2 B R'
54163272233111	3797095	OK	R D R B R' B2 D' B R D R
32741651121311	4147656	OK	R D2 R' B R D B' R D' R2 B
51324672212111	3960899	OK	R D R' B' D' B R2 D' B R2 B'
34617252123212	3385793	OK	R B R B R2 D2 R' D' R2 B' D2
17356242211331	4421079	OK	R2 B R2 B R2 D B D' R B' R'
56123473133231	3550791	OK	R B R D2 B2 D' R' B2 D' B' R
72543611221223	3528060	OK	R B R D' R2 B2 R' B' R D2 B'
32175461111111	3549737	OK	R B' R B2 R' D B' D R2 B2 D2
62571432321233	3898023	OK	R B' D' B2 D B' R2 D B2 D' R2
54127632131213	3770359	OK	R B' D B R' D' R B R' D R2
72563411112131	4157707	OK	R D2 R' D R D B' D B' R2 D
71452632222131	4005097	OK	R D R' B R' D R' D2 R B2 D'
72163453131212	3951769	OK	R D R2 D2 R' B' D2 R D2 R' D2
73615242223133	3808639	OK	R B2 D' R D R B2 R2 D' B D
54127633131212	3956603	OK	R D R2 D2 R' B' D2 R D2 R' B2
74123653133231	3527892	OK	R B R D2 B2 D' B R' D' R2 B
16543271223221	3547373	OK	R B R B2 D2 B' D R' D' B2 R
37615423121132	3661760	OK	R B2 R2 B' D B2 R' D2 R D2 B'
72345611111111	3620292	OK	R B' R2 B' R' D' R D2 B D' B
73642513223222	4300049	OK	R D2 B' D B2 D2 B' R D2 B' D2
54371621113112	4480239	OK	R2 B D B' D2 B R' B R B2 D2
15624732123212	3787371	OK	R B' D B' R2 B D2 R D' B2 D
43571262122222	3385784	OK	R B R D' B D' B R' D R2 B
32671453123313	3677639	OK	R B2 R2 D2 B' R2 B' D' B D' B'
71365423331312	3624531	OK	R B2 R2 D2 B' D2 B' D' B R' B'
63725143122113	3745613	OK	R B2 D' R2 D R2 B' D B2 D2 B'
27615431312333	4074844	OK	R D B D2 R2 B D' B R' D R'
54723613121312	3972549	OK	R D B2 R' D' R2 D R B2 R D'
16735242122213	3405906	OK	R B R2 B2 D' R B' D' R D R'
31765242322121	3903001	OK	R B' D B' D2 R B' R D R2 D
42673512232133	4057789	OK	R D B R2 B R B2 R' D' B2 R
16347253121312	3796884	OK	R B' D2 B' R B R D2 R2 D B
24615732233321	3877401	OK	R B' R' D B R2 B2 D2 B R' D
16273541321321	3824723	OK	R B' D R D' B2 R2 B R' B2 R'
23756413223312	3548514	OK	R B R' D' R B' R2 D2 R D' R
41725362221213	3804639	OK	R B2 D' R2 D B2 R' D B2 D2 B'
14752631111111	3644845	OK	R B' R' D' R D2 B' D2 B R' B
32567412131312	3786528	OK	R B' D R' B2 D2 R D R' D B2
15724632123233	3986451	OK	R D B R' D B' D B2 D' R2 B
13276541322311	4394590	OK	R2 B R2 B' D B R2 B2 R B D'
42615372221213	3811035	OK	R B2 D' B2 D R2 B' R B2 R2 B'
34721652222212	3745290	OK	R B' D R D' R' D R B' D B2
12673542331133	4009652	OK	R D R' D R' D B' R2 B R2 D'
12543671111111	3568463	OK	R B' R D R' D2 R' D' B' D B2
36547212131312	3892257	OK	R D R2 D2 R D B R' B2 R' B
46275312132212	3824651	OK	R B2 D' B2 D B2 R' B R2 B2 R'
76125343333133	3559761	OK	R B2 R B2 D' B' R B' D R' B
47165322132212	3804634	OK	R B2 D' R2 D R2 B' D R2 D2 R'
23756411222312	3519471	OK	R B R' B R2 B2 D' R B' D' R
25741361232113	3775019	OK	R B' R D2 B' R D R' B D2 B2
54367121112212	3828432	OK	R B' D' R2 D B R2 D' R2 D B2
53462711113322	3994379	OK	R D R2 D2 B' R D' R' B D2 R'
32174561232113	4045215	OK	R D R' D2 B R' B' R' D2 R2 B
56243713121333	3407072	OK	R B R2 D B D2 R' D B2 D2 R
47165321232113	3542795	OK	R B D' R2 B2 R B R D' B2 R
73615243332311	3617579	OK	R B2 R2 B' R D2 B' D2 B D2 R'
16547321113331	3675019	OK	R B2 D' R2 D B D2 R2 B' D' R2
25736141111123	3901695	OK	R D R' D' B' D2 R2 B' R D' R
72134562312212	3681824	OK	R B2 D' R2 B D' R B' D B' D
74325613121312	3700786	OK	R B' R' B D2 B2 D R' B' R D2
23165741231312	3751931	OK	R B2 D' R2 D B2 R' D R2 D2 R'
12354762121211	3759550	OK	R B' D R' D2 R D2 B D' B2 D
37651422312311	4113212	OK	R D2 R' B D R D' R2 B D' B'
36547212122222	3894005	OK	R D R2 D2 R D R B' R2 B' R
52741362313223	4032380	OK	R D B' D' B' R2 D2 B' R B' D
67215343333133	3441638	OK	R B R2 B D2 B' D R' D' B2 R2
51726433123313	3526917	OK	R B D2 B2 D' R B2 D' R2 D B
74136522322121	3522882	OK	R B R' D B2 R D' R2 D' R B'
53421671321111	4361743	OK	R2 B R D' B2 D B' D R B2 D2
73615423213211	4100795	OK	R D2 R' D R B D' R2 B R' B'
56143273332323	4103732	OK	R D2 R' B D B D' B R' D2 B
47251632131312	3461217	OK	R B R' B R' D' B R2 B D R'
61274351313131	3475652	OK	R B D2 R B R2 D' B D2 B2 R
16542372112331	4186115	OK	R D' R D R2 D2 B2 R' D' R B2
76541233333313	3855320	OK	R B' D' R D2 R2 D R' B' D R2
37415622333221	4105502	OK	R D2 R' D B R D' R2 B D' R'
54172633132313	3458815	OK	R B D2 R B D2 R' B R2 B2 D
51472633331312	3422498	OK	R B R2 D2 B D2 B R D' R B'
76342513213112	4351846	OK	R2 B R B2 D R' D B2 D B' D2
76354122111212	3668996	OK	R B' R D' R2 D R2 B D' R2 D
15246371332331	3548269	OK	R B R' B2 D2 B R D R' D' R
75613243131332	4154543	OK	R D2 R' B R B R' D2 B R' B'
13254762321233	3932665	OK	R D B2 D' R' B2 D B' D R B'
23165742123131	3486356	OK	R B D B2 D2 B D R D' R2 D'
46135272133313	3352177	OK	R B R B' D2 B D' R B R' B2
42157633231322	3674425	OK	R B2 D' B2 D B D2 R2 B' R' D2
73615243213313	3621452	OK	R B2 R2 B' R B2 D' B2 D B2 R'
32167451111111	3576432	OK	R B' R B R' D2 R' D' R' B D2
74521633121312	3843099	OK	R D R2 B' D' R2 D B R2 B D'
74132563131221	4259808	OK	R D2 B' R B2 R2 B' D R2 B' D2
71435263333223	3613199	OK	R B2 R2 B' D R2 B' D2 B D2 R'
75234162221111	3949242	OK	R D B2 D' B' D2 R B' R B R'
45376121331311	3995051	OK	R D B' R D2 R' D B' D B R2
56732143122113	3773073	OK	R B' R' D R2 B' R B' R' B2 R'
21357642221132	3676687	OK	R B2 D B2 D R B2 D' B R' B2
75312463333133	3384474	OK	R B R2 B' D2 B' D B R' B R2
13765422121211	3453356	OK	R B D B2 D R D B2 R' D R
36415272123212	3430144	OK	R B D R2 D B D R2 B' R B
51723643131311	3421069	OK	R B R' B D R' B2 R' D2 R D
23165742312323	3844337	OK	R B' R' B R B2 R2 D2 R B' R
21354761122211	3860467	OK	R D R D' R B' R B2 R' D2 B
36721453121111	4112847	OK	R D2 R2 B' D' B R' D2 R D' B2
62134572321323	3753482	OK	R B' R D R' B2 D2 B D' R2 D'
52167342121232	3415918	OK	R B R' D B R2 D2 B' R2 B2 D'
54127633333313	3835847	OK	R B' D2 B' D B R D2 R2 D B
54326171111231	4362507	OK	R2 B R B' D2 B D' B R B2 D2
74152363133132	3471933	OK	R B R2 B' D2 B R' D2 R' D R2
31257462222221	4122607	OK	R D2 R2 B2 D' R' B D' R2 D B'
32164571111111	3515644	OK	R B' R D2 R' D2 B D' B' R' B
13642571221223	3522876	OK	R B R2 D B R2 B2 D' R' D' B2
17642531112233	3944359	OK	R D B' D' B R2 B R B2 R2 D'
75316241231231	3920974	OK	R D R B' R B' R D2 R D R
74152363133231	3462266	OK	R B R2 B2 R' B2 D' R' B2 R' B'
76351421112323	3569951	OK	R B' R2 B D' R B2 D' B2 D R2
26714532121133	3672375	OK	R B2 D R2 D R D2 B' D R' B2
42137561123333	3577173	OK	R B2 R2 B R2 B2 D2 B' D2 B2 R
35416723232213	3865641	OK	R D R' D' B' D' R2 B D' B2 D
13642571223221	3507473	OK	R B R2 B2 R' B2 D' R' D2 R' B'
26435712233321	3790186	OK	R B' R D' B R2 B2 D2 B R D'
13246752133211	3695139	OK	R B2 D' B2 R D' B D' B R' D
74251633111313	3402061	OK	R B R' D R B' R2 B' R2 B R
31267542222233	3568214	OK	R B2 R D R' B R2 D' R D B'
74126352333122	4158014	OK	R D' R B D2 B2 R2 D' R' B R2
34716522223211	3700409	OK	R B2 D' R2 B D' B R' D B' D
14527632333332	4131023	OK	R D2 R' D2 R D' B' R D2 B R2
35714623111322	3519772	OK	R B D' B2 R2 B' R' D B' D R'
54321763113113	3891160	OK	R D R' B D2 B' R D' B R B2
75431263133213	4124430	OK	R D2 R2 B2 D' R' D B' R2 B R'
61543271111111	3645314	OK	R B' D2 R' B D R B2 R B' D
74152363132232	3474240	OK	R B R2 D B D2 B2 R' B' D' B2
71435263333133	3657261	OK	R B2 R2 B' R D2 B' D2 B R2 D'
37624152311213	3696882	OK	R B2 D' B2 R D' R B' R B' D
51624733323113	3865954	OK	R B' D' B D2 R' D B' D' R2 D'
15246372331331	3497628	OK	R B R2 B D B2 R D2 R2 D' B'
16524731112212	3846558	OK	R D R2 D' B' R2 D B' R D B'
32657143121213	3388376	OK	R B R B' D B' D R' D B2 R
37614252221123	3629468	OK	R B2 R' D R' B' R B' R2 B R2
67354213111313	3710391	OK	R B' D R B2 D' B2 R D R2 D'
74521633333313	3853186	OK	R D R2 B' D' B2 D B R2 B R'
41762532221333	3838284	OK	R B' D R2 D' B D2 R' D2 R D2
64357213312211	3850038	OK	R D R' B' D' B2 R2 D' B R' D
13275643212221	3603893	OK	R B2 R2 B' R B2 D' B2 D R2 B'
56243173133111	3732480	OK	R B' R2 B D2 B2 D R2 B D2 B'
42751632321233	3827317	OK	R B' D' B2 D B R2 D' R2 D R2
15763241111111	3548099	OK	R B' R' D R2 B' D B D B' R2
32567413133333	3752506	OK	R B' D B' D2 R2 B D B' R B2
12354671111111	3594957	OK	R B' R2 D' B R' B' D R2 D B
67312542221111	3708273	OK	R B' R' D2 R B' R2 D R2 D' R2
12365471111111	3586728	OK	R B' R2 B' D' B' D R2 B R' D
24571362221213	3397551	OK	R B R2 B D R' B2 R' B' R2 D
32561471211131	4088658	OK	R D2 R2 B' R' B R' D2 R B' D2
76524313331222	3572205	OK	R B2 R D2 R2 D B2 R' D2 R2 B
36145273333313	3716530	OK	R B' R' D R2 D2 R D' B' D R2
41725361232113	3410795	OK	R B R' B2 D2 B D R D' R2 B
27543611111123	4028532	OK	R D2 R' D2 R' D R' D2 B2 D' R
35174262231113	3580411	OK	R B2 R D B' R B2 D' R D R'
31275462312212	3526266	OK	R B D2 B R' D2 R B2 R' B D'
43751623123313	3382240	OK	R B R2 B' R2 D2 B D B' D B'
51342672212111	3699584	OK	R B' D R B2 R' B R2 D' B2 D
24571631121212	3383137	OK	R B R' B R B2 D2 R' B2 R2 D'
76325412112121	4097740	OK	R D2 R' B2 R D' B' D B2 R B2
53274163211222	3572249	OK	R B2 R B2 R2 B R2 D' R2 D2 B
71435261322233	3645467	OK	R B2 R' D R' B R' D R' B2 R2
56741231131211	3978988	OK	R D B2 D' R B D2 R' D' B R
35127462331331	3762801	OK	R B' R D' B2 R D' B D R2 D
41736521233232	4093695	OK	R D2 B D2 B' R D' R D' B' R
73542163321133	3543688	OK	R B2 R2 B D2 B2 R2 B D2 B2 R'
34617522221333	3596311	OK	R B2 R' D B' R' B R' B2 R B2
41735262312233	3667627	OK	R B2 D' B2 D' B R' D2 B2 R' B
13275641112233	3624470	OK	R B2 R' B D' R B' R B' R2 B2
32146752232223	3806782	OK	R D R2 B' R B2 R' B D' R' B'
42351671212211	3621892	OK	R B' R D B2 D' R B2 D' R2 D
56743213121312	3651488	OK	R B' R2 B' R D B D2 B2 D B
75264132321212	3648511	OK	R B' R B' R2 B D2 R D' R2 D
21345762312323	3760073	OK	R B' R B' D R2 D2 B2 D B R'
71435623333331	4093317	OK	R D2 R2 B2 D' B' D B' R2 B D'
31475262331313	4090591	OK	R D2 R2 B2 D' B' R D' R2 D R'
73541262321212	3335659	OK	R B R B2 R B R B2 D' R B
71462531113322	4029892	OK	R D B' R2 D R' D' B' D2 B2 R
76215433333133	3410704	OK	R B R' D2 B D' B R B' R2 B'
62157342132212	3362158	OK	R B R2 B R D' B2 D' R' B2 D
65471231132213	3538889	OK	R B2 R B R' B R2 D' R B R'
73615243331312	3630954	OK	R B2 R2 B' D B2 R' D2 R B2 D'
76325411111312	4073868	OK	R D2 R2 B' R' D B' D2 B D' B2
73652413331321	3622741	OK	R B2 D B2 D B R2 D' B D' R2
75146321323331	3664041	OK	R B2 D2 B' R D' R2 B' R B' R2
54127632222212	3619217	OK	R B' R D R' D' R D B' D B2
71435263311122	3558918	OK	R B2 R B' D B' R D' R' B2 R2
13546271231231	4066082	OK	R D2 B R2 B' D R' B R' B' R
32657412111212	3321485	OK	R B R D2 R B D B2 R' B R
75264313231112	3652859	OK	R B2 D2 R' D' B R' B2 D2 R D
73614251112323	3306154	OK	R B D B2 D B' D' R D' R2 D'
31275462311213	3540051	OK	R B D2 B D' B2 D B2 D' B D'
15672433312133	3449373	OK	R B D B' D B' R B' R B2 D
21473563331312	3396427	OK	R B R2 D2 B D' B D' R D' B'
43721653231313	3350759	OK	R B R2 D B R2 D' R B2 R2 D
25763142223133	3863574	OK	R B' D2 B R B2 D' B R2 B' R'
32174561112323	3543408	OK	R B2 R' D' B R2 D' B' R B' R2
16572431111111	3575693	OK	R B' R' D B' D2 R' D B R D2
52743611113121	3975551	OK	R D B2 D' B D R2 B' R' B R
32165742211112	3757062	OK	R B' D2 R D' B' R D B' R D2
74325163131323	3322536	OK	R B R D' B2 D B' R B D' B2
46512372113321	3368869	OK	R B R2 B' D2 R2 B R B' R D
74521632222212	3711397	OK	R B' D2 R B D2 B' D' B2 D' R'
37615422223133	3584565	OK	R B2 R D' B D' R D' R' D2 R2
73615243123313	3633489	OK	R B2 R2 B' D R2 B' D2 B R2 D'
12765433121213	3656194	OK	R B' R D' B2 R2 D R B' D B2
14356721322233	3910812	OK	R D B' R' D B2 D R D2 R2 B'
74512361322233	3828754	OK	R D R' B' D B2 D B R2 B2 D'
37615422313331	3492394	OK	R B D B' D2 R' D R' B D' R'
34721652131213	3580741	OK	R B' R B R' D' B D B' D R2
53762413322123	3869944	OK	R D R' D B2 D' R D' B D B2
34562172232313	3824098	OK	R D R2 B' R D2 R' B D' B' R'
13267541111132	3545384	OK	R B2 R2 D' R B' R2 B' R' D R'
25137461111111	3483614	OK	R B' R B R' D2 R' D' R' B D'
46257132211133	3863343	OK	R B' D2 B D R2 B' D R2 D' R'
15236471111111	3497240	OK	R B' R2 B' D' B' D R2 B R' D2
36547212221222	3615065	OK	R B' R2 D2 R D R B' R2 D R
14723651111312	3934478	OK	R D B D' R2 D R' D B' D2 R'
36145272122222	3629880	OK	R B' R B' D2 R2 B D R' D R2
34165271211131	4002032	OK	R D B' D B R D' R2 D R' D2
16537421233112	3942792	OK	R D2 R D R2 D2 R' B D2 R' D'
76341251111312	3973930	OK	R D B' R D R D' B2 D R' B2
21357463213331	3553494	OK	R B2 R' B R' B' R D' R2 D B2
37615421113322	3641371	OK	R B2 R' D B' R B' D R' D2 R2
25134672313211	3527863	OK	R B' R B' D' B D2 B D R D'
16275341312213	3632490	OK	R B2 D' R2 D' B D' B2 R2 D' R
35162742213323	3350695	OK	R B R' B D R2 B2 D' R2 D B
21536742222131	3551290	OK	R B2 R D2 B' D' B R' B R' D
41532761233133	3497705	OK	R B D2 B2 D' R D2 B' R2 B D
53126471231231	4047057	OK	R D2 B R2 B' D R' B R' B' R'
74361253112132	4022722	OK	R D2 B R' B R B2 D' B R D2
25736141233232	4047507	OK	R D2 B D2 B' R D' R D' B' R'
43572161111111	3395861	OK	R B2 R' B' R' D R2 B D' B D'
25714632123131	3924979	OK	R D R2 B2 D R' D B' R2 B R'
76145232332213	3701328	OK	R B' D2 B D' R2 B D R B' R
75246131333312	3692216	OK	R B' R' B D2 R' B R' D' B2 D'
37615422211133	3577244	OK	R B2 R D' R B' D R' B' D2 B2
52167432131213	3711498	OK	R B' D2 R B R2 B' R' D2 R' B'
41735622313322	3379284	OK	R B R2 D2 B D2 B R D' R D
62174533311212	3450282	OK	R B D' R2 B' R B D' R2 B2 D2
14725363311113	3684862	OK	R B' D R2 B' R2 B D' R B R
63471522323132	4051928	OK	R D2 B' R B' R' B D2 B D B
67452313321232	3446511	OK	R B2 R D2 R2 B R' B' R B' R
52743611111312	3934354	OK	R D B D' R2 D R' D B' D2 R
64275131212223	3469898	OK	R B D2 R2 B' R' D B' D R2 D
67231543323122	4060618	OK	R D' R2 B D' B D' R' D' R D2
62453713311122	3834716	OK	R B' D B2 R' B D B' R B2 R2
16345273233323	4024923	OK	R D2 R2 B' D' R B' D2 B R' B2
45621732212123	3423965	OK	R B D2 R2 B2 R' D B' D B2 D'
45312762221111	3674541	OK	R B' R' D2 R B R2 D' B2 D R2
25413763121222	3319541	OK	R B R B' R B R2 D' B D B2
34721653333313	3642388	OK	R B' R2 B' D B D R2 D2 R B
51642371122313	3604835	OK	R B2 D2 R' B' D R' B2 D2 R D
36547212121313	3574320	OK	R B' R D2 B' D2 B R' B D2 B'
24531673123121	3922630	OK	R D B R2 B' D R2 B' D2 B D'
56741231211131	3932198	OK	R D B R' D2 R D' R B' D2 R
73625141112323	3226893	OK	R B R2 B' R2 D2 B D B' D R2
26573413331312	3335625	OK	R B R2 B2 R' B D2 R' B2 R B
35162472123233	3624299	OK	R B' R2 D R' D' R B D' B D2
67231541323112	4228985	OK	R D' B2 R D' B R' B' D' R B2
16532471111222	3425264	OK	R B2 R B2 R2 D B' R' B D' R
21354672311132	3884568	OK	R D R2 B2 D B' R D' R2 D R'
26435712311132	3315368	OK	R B R B2 R2 B R B D' B2 D'
37246511112233	3825696	OK	R D R' D' B D2 B D R2 D2 B'
42516372233111	3617941	OK	R B2 D' R2 D' R D' B2 R2 D' B
34567212223232	3846520	OK	R D R2 D' B R B2 D' R' D B
12376451111222	3642390	OK	R B' D R D' B D' R2 B R D2
71426533333223	3511577	OK	R B2 R' D B' D B2 D2 R2 B' D'
21354671131313	3634487	OK	R B' R2 D2 B R' D2 B D' R' D'
56347122333233	3577217	OK	R B' R B D2 B' R B2 D' B2 D
36147252111113	3851868	OK	R D R2 D' R B R2 D' R' D R
37654212311222	3477537	OK	R B D' B2 R' B R D' R2 B2 D2
56341273131212	3600897	OK	R B' R2 D2 R B D R' B2 D B
46721533123313	3354486	OK	R B R2 B' R D' B R' D R B2
24715631111111	3197556	OK	R B D B2 D2 B R D' B D' B'
41725363121222	3505337	OK	R B D' R D' R B2 D B' R' B'
75346211211311	3931189	OK	R D B' R D' B D2 B2 D R' D'
32647152133121	3978760	OK	R D2 R' D2 R' B D' B2 R2 B' R
61527431111111	3472009	OK	R B' R B D2 R' D R' B D' R2
34165273133312	3953985	OK	R D B' R2 B' R' B2 R D' R2 D2
52174633223123	3713414	OK	R B' R' B' R D' R' D2 R' D' R
12376541112323	3481780	OK	R B2 R' B' D R2 B' R' D B' D2
67354213131311	3609120	OK	R B' R D B2 R' D2 B D B2 D'
73564213321322	3493109	OK	R B2 R B2 D' B' D R' B R' B
21345763332233	3457696	OK	R B D2 R2 B' D' R B' D R2 D
21354673131113	3600384	OK	R B' R2 B D B2 R' D2 B R B'
46275313121222	3529281	OK	R B D' B D' R B2 D B' D' R'
45213672221123	3674402	OK	R B' R B2 R' B D2 R' B2 R D2
61534272311132	3505149	OK	R B2 R' B2 R D' B R' B2 R B
72534163211123	3465967	OK	R B2 R D B2 D' R' B2 D B D
15273641112323	3437792	OK	R B2 R' B2 D2 R' B D R' B2 R
16534271111111	3551386	OK	R B' R2 D' B D B R2 B R' D
15724362212132	3431169	OK	R B D' R' D B R' D2 B2 D R2
26175432331133	3514937	OK	R B2 R D2 B' D' R B' R B' D
73642511113232	3814131	OK	R B' D' B2 R D R2 D' R' B2 R'
63714252123131	3518221	OK	R B2 R' B2 R B' R D' B2 D B
56347212111311	3777838	OK	R B' D' B R2 B R D' B' D2 R
24715631122121	3732629	OK	R B' D2 B R B2 D2 R2 B R' B'
63752141122211	3608659	OK	R B' R2 D R' B' R B R' B D2
12563472131213	3586483	OK	R B' R2 B' R' D2 R B R2 D' B'
15627431322113	3892278	OK	R D2 R B R2 B2 R' D B2 R' D'
51623743313321	3361955	OK	R B R' D B' D' R B2 R B D'
14725362211121	3733755	OK	R B' D2 B D R2 B2 D2 R B' D'
34516272312332	3958288	OK	R D2 R' B2 R' B D' R2 B2 R' B
35167242132212	3332726	OK	R B R2 B R D' B2 D' R' B2 D2
26435713311122	3481852	OK	R B D' B2 R2 B R B D' B2 R
16725431211131	3900618	OK	R D B R' D2 R D' R B' D2 R'
73642511113322	3896373	OK	R D R' B2 D R' B' R' B2 R2 D
27614353311332	3487662	OK	R B D' B R' B R' B2 D2 R' D'
64321572111131	4024843	OK	R D2 B' R B R D2 R D' B' D
27314652313211	3516581	OK	R B' R B D B2 D B' D' R D'
74132561321231	3796203	OK	R B' D' R2 B D R2 D' R' D2 R'
17426531213123	3925812	OK	R D R' B2 R' B R D B2 D2 B
35126741232212	3633973	OK	R B2 D2 B' R B' R2 D' B D' R2
41625731222231	3484453	OK	R B D' B' D2 B' R' D2 B R2 B'
54671232221213	3360940	OK	R B R2 B D R' B2 R' B' R2 D2
14736521332121	3904530	OK	R D R' D2 R' B R B D2 B2 D
24367511323112	4121956	OK	R D' R2 B D' R D' R' D' B R2
67412353132121	4035833	OK	R D2 R' B2 R' D B' R2 D2 R' D
35462712322322	3437563	OK	R B2 R2 B R2 B' D2 R B' D2 B2
12745632212213	3686488	OK	R B' D2 B R' B2 D B R D' B
12374651111222	3524485	OK	R B2 D B' D' B2 R B2 R B2 R2
35126742231233	3640584	OK	R B2 D2 B' D B' R2 D' R D' R2
36745213121111	3837691	OK	R D R' B D R B' D2 B R' B2
63752412312323	3944106	OK	R D B2 R2 D B' R B' R2 B D'
34561721111111	3365217	OK	R B2 R' D' R' D B2 R D' R D'
27416533321232	3647449	OK	R B' D B R' B R' B2 D R D2
12354762121112	3452598	OK	R B2 R' D R2 D R B' R' D R2
67245311133233	3475184	OK	R B D' R' D2 R' D' B2 R D2 R'
75264132121232	3477643	OK	R B2 R' D R' B' R D B2 D B2
54723612222212	3604953	OK	R B' R2 B' D' B2 D B R2 D' R'
54712362223322	3455675	OK	R B2 R2 B D2 B D2 R' B R2 B2
65132472233321	3939315	OK	R D B2 R2 D R' B R' B2 R D'
25634713321232	3533226	OK	R B2 D R' B' D2 R D2 R B2 R2
31275462223211	3348823	OK	R B R2 B D' R2 D R2 D' B D'
12364571112212	3498000	OK	R B2 D2 R D2 R D' R' B' D2 B2
25714633121333	3725602	OK	R B' R' B D2 B R' D' B R2 B2
36152742131321	3430743	OK	R B2 R2 B D2 B' R2 D R' D2 R2
46375213112111	3815608	OK	R D R' B D' B R2 B2 R B' D'
42651733311122	3660056	OK	R B' R B2 D' R D R' D B2 D2
62371453311311	3379264	OK	R B D' B' D R B' D R2 D' R
26453172211133	3694837	OK	R B' R2 B D B2 R' D R2 D' R'
54367122211121	3533809	OK	R B2 D' B' R2 B D2 R' B R D2
56213471111111	3172593	OK	R B D' B2 D B2 R' D R D B'
45367122223133	3691123	OK	R B' R2 B R B2 D' B D2 B' R'
76145232233213	3541158	OK	R B' R2 B D' B2 R D B D' R
76324151112323	3261874	OK	R B2 R B D' R2 B2 D R2 D' B'
13275642131333	3437701	OK	R B D R' B2 D' R B' D B' D'
12576343212221	3455659	OK	R B2 R' B R' D R2 D2 B2 R' D'
31275462133211	3346664	OK	R B R2 B R' D2 R D2 R' B D'
73645121113211	3418525	OK	R B D2 R' B' D2 B' D' R2 B D
14723653321313	3982772	OK	R D B' D2 R D B2 D R2 D2 B
62735143223213	3778960	OK	R B' D2 B' R' B2 R' B D R2 B2
26714531212133	3346059	OK	R B R' D B' R D' R2 D R2 B'
26135742132221	3775918	OK	R B' D2 B' D' B2 D' R D B2 R2
64275131312123	3387580	OK	R B R' D R' D B2 R D' R' D'
74561233321313	3830987	OK	R D R' B2 R' B' R2 B D' R2 D2
54167233232333	3771125	OK	R B' D' R B2 R B D' B' R2 D
12346751113133	3449593	OK	R B2 D R' D B D' R2 B2 D R
14753261323112	3931083	OK	R D2 R D B2 D2 B' D B2 R' B'
14735621233112	3821401	OK	R D B2 R' B R' D R B R' D2
27415632323231	3419489	OK	R B D2 R' B' R2 B' D' R2 B D
17463251323112	3931090	OK	R D2 R B D2 B2 D' B D2 R' B'
12543673233323	3834230	OK	R D R' D B R B' R2 B D' B2
53742612323333	3398066	OK	R B2 R B' R2 D' B' R' D2 R' D
52367142211121	3400086	OK	R B2 R B' D2 R' B' R' B2 R' D
35762142222113	3624976	OK	R B2 D2 B' D R' D2 B' R D' B2
54326711112212	3346732	OK	R B D' B R2 D' R B' D2 R2 B
65321472111122	3326897	OK	R B D B2 D' B R2 D' R2 D B'
14752363232222	3602104	OK	R B' R D R B' R2 B' R2 B' D2
54716232222113	3438317	OK	R B D' R B' R B' R2 D2 B' R'
65132743222331	3891178	OK	R D B' D' B' R D2 B' R B2 R'
54612372222131	3333762	OK	R B D R B2 D B' D2 R2 B' R
63751423122311	3369938	OK	R B D' R B' R B' D2 B D2 R'
46372511221331	3513135	OK	R B2 R' B D' R' B R' D2 R D2
15367421211113	3821436	OK	R D B' D2 B D' R B R2 D2 B2
76354121121212	3442550	OK	R B2 R' B R2 B D R' B' D B2
32156471111111	3228569	OK	R B D' B D' B D2 B2 D R' B'
14762351321231	3655747	OK	R B' D' R2 B D' B' D B' R2 B'
46275311123222	3320401	OK	R B R2 D2 B' D' R D' R D2 R
45621373123331	3325203	OK	R B R' D' R2 D' R' B2 D B2 D'
24715633131131	3666999	OK	R B' D B2 R' B2 R B' D B R
56124371232323	3740232	OK	R D R' B' R D' B D2 R2 B' R
57264132111323	3444398	OK	R B2 R2 B R2 B R2 D' R B2 R2
76213543213133	3553050	OK	R B2 D R2 D B R2 D' B R' D2
72541633121111	3804365	OK	R D R D' R2 D B' D B' D2 R
32475163331222	3316668	OK	R B R' B2 D2 B R' B2 R' B2 R2
24315761122322	3657182	OK	R B' R2 B' D' B2 D' B R B2 D2
64531273123121	3729287	OK	R D R B' D B' D R2 D' B2 R'
65213741111111	3150252	OK	R B D' R2 D B' R D' R2 D2 B2
25736411133113	3690217	OK	R B' D B D2 R' B2 D R B2 R'
45621732233333	3312908	OK	R B R2 D2 B2 D' B R' D B2 D'
34172562313331	3436632	OK	R B2 R B' R B' D' R2 D' R2 B2
37614522313322	3620291	OK	R B' D2 R2 B' R B' R2 D R' D2
41673521111111	3147572	OK	R B D' R2 D B' R D' B2 R2 D2
74321653233323	3763771	OK	R D R B' D2 B R' D B' R2 D
56174232323333	3625294	OK	R B' D B R2 D2 B R B2 R2 D'
63714521112323	3235767	OK	R B D2 R' D' R' B R' B R' B2
25367411211122	3380147	OK	R B D2 B2 R B' R B' R D R2
15642373231223	3582472	OK	R B' R B R B' D2 B' D2 B' D2
37612542221111	3501703	OK	R B2 D2 R B2 R B' D' R' D2 R2
46572311223122	3693387	OK	R B' D B' R2 B' R' B' D R2 B
26415732233321	3769407	OK	R D R' B2 R' B' R' D R2 B D'
45327612222323	3329771	OK	R B D2 R2 B2 R' B D' B' R B
52167433331333	3538276	OK	R B' R B2 D' B2 D R' B D2 B'
56743212122222	3423845	OK	R B2 R2 D' B R' B' D R2 B' D'
31462751111111	3261436	OK	R B D' R2 D B' R D B2 R2 D'
41762533123331	3454179	OK	R B2 R B D' R B2 D' B R D'
47156321133311	3553476	OK	R B' R D2 R D R B' D R2 D'
23175463211222	3344172	OK	R B R' D2 B2 D B' D2 B' R2 B2
16742352232313	3354504	OK	R B D2 B' R2 B R' B D R' D2
51624731312123	3441429	OK	R B2 R2 B R2 B' R2 D B' R2 B2
63725141233121	3330978	OK	R B R' B D' B D2 R B' D' B'
54723612221222	3394241	OK	R B2 R' D B' R2 B R2 D' R D'
23165473233221	3798408	OK	R D R' D2 R B D' B D' R B2
34125673133333	3390630	OK	R B2 R' D2 B D R2 D2 R' D' R2
27534612311132	3369496	OK	R B D2 B' R B2 D' R' B2 R B'
72163453121213	3418696	OK	R B2 R2 D' B D' B' D R2 B' D'
31264752313121	3426680	OK	R B2 R B' D B' D' R2 D' B2 R2
12376451113133	3408537	OK	R B2 D B2 D' B R' D B' D' R
41725363121231	3313761	OK	R B R2 D2 B' R' B D' B R2 B
65132473111331	3595128	OK	R B' R2 B R B2 D' B2 R B R'
13267451122211	3560707	OK	R B' R2 D B2 D' B' D2 R2 B R'
51742632323333	3505518	OK	R B2 D' R' D2 R D2 B' R B D2
61453721111111	3162759	OK	R B D' R2 D B' R D B2 R2 D2
65132471231321	3714917	OK	R B' D2 R D2 R' B R' D2 R' B
34165271112212	3690922	OK	R B' D2 B' R B2 D2 R D' B2 R
54261732231233	3337126	OK	R B R' D B' R D' B2 R2 D' B'
72531463321232	3553688	OK	R B' R2 D B2 D' R2 D' B' D B2
17425631323112	3844810	OK	R D B2 R' B D' B D B R' B2
35614722321233	3502438	OK	R B2 D2 R D2 R B' R' B' D2 B2
24765313222112	3408376	OK	R B D' R B' D R2 D R' D R2
37615422313121	3299178	OK	R B R B' D2 R' B R' B D' B'
74561233233323	3761748	OK	R D R B' D2 B R' D B' R2 D'
76253413322312	3442944	OK	R B2 R D2 R2 D B2 R D2 R2 B
12375461111222	3403755	OK	R B2 R' D R2 B' R D R D' B2
13675241112323	3224599	OK	R B D2 R2 B2 R' B' D' R D2 B'
12354763211123	3598189	OK	R B2 D' B R' D R2 D R D' R2
74125633121111	3792692	OK	R D R D' R2 D B' D B' D2 R'
52361472131312	3403761	OK	R B2 R2 D' R D' B' R D2 B' D'
47156321111111	3164414	OK	R B D R' B R' D B2 D2 B D'
12745632232211	3526066	OK	R B' R2 B R' B2 D B D R' B
17452633213232	3367153	OK	R B D' B2 R2 B D' B2 D' B2 D2
56347213111211	3615726	OK	R B' R' B R2 B D B' D' B2 R
36417522123311	3316719	OK	R B R' B2 D' R B D' B2 R2 D2
52167432121313	3389127	OK	R B2 R' D R' B2 R B2 D' R D'
21364752311111	3305983	OK	R B R2 D' B' R2 B' D' B2 R D
36745212122312	3706955	OK	R B' D' B D' B' D B2 R' D2 R
43167251232212	3307092	OK	R B R' B R' B D' R2 B2 D' R'
14625732113321	3534267	OK	R B' R D' R2 D B' D B D2 R'
75346212323333	3545238	OK	R B' R2 B R B2 D2 R2 B R' D'
74125633133312	3838358	OK	R D R' D2 R' B' R2 B R' D2 R2
71234563231322	3483407	OK	R B2 D B' R D B' R2 D2 B D
14567231321123	3731524	OK	R D R' B' D B2 D B' R' B R
51324761111123	3313861	OK	R B R' D R B2 D2 R' D2 R D
37624511232233	3682601	OK	R B' R' B2 R' B' D2 B D B2 R'
64231572311132	3310789	OK	R B D R2 B' R' D2 R B R2 B
25641371213132	3356101	OK	R B D2 R2 B2 R' B D' B D2 B'
31276452313313	3700302	OK	R B' D R' B R2 D R' B' D' B2
24715363311332	3327591	OK	R B R' D' B R' D2 B2 R' B' D2
74321563311131	3341320	OK	R B D2 R' D2 R D2 B' D B D'
64357212313211	3161301	OK	R B D B2 D R2 D B' R2 D2 B'
65172431132333	3382416	OK	R B2 R B R2 B D' R' B2 D2 R'
75261432123233	3526616	OK	R B' R2 D B2 D' R' B2 D2 R B'
12345761111111	3118872	OK	R B R' D2 B' D R' D' B D2 B
32174561232233	3719901	OK	R B' R' D2 R' D' R2 D B D2 R'
12365472321233	3662968	OK	R B' D2 B' D B2 R2 D R' D2 B
46275312232133	3378172	OK	R B D R2 D2 R B R B' D2 B'
62135473123121	3683876	OK	R D R B' D B' D R2 D' B2 R
24615733311122	3352821	OK	R B R' D2 B2 D R D R' B2 D
37256142321233	3325959	OK	R B D' R B2 D' R B' R2 D2 B
71563243221221	3420467	OK	R B D' B2 R D' R D R' B2 R'
75346122133133	3289751	OK	R B R' D' R B R' D2 B2 D B2
25716431212223	3365330	OK	R B D' B D' R2 D R B2 D' R
47156231332313	3777805	OK	R B' D' R D2 R D' B' D B2 D2
56721343123331	3272573	OK	R B R2 B2 R' B R2 D' B2 D B
32756141233121	3393249	OK	R B2 R2 B D2 B R2 D' B D2 B2
17425631322113	3709234	OK	R D R2 B' R B' D R D R' D2
46512371331221	3381278	OK	R B D' R2 B2 R D' B2 D' B2 D2
12357461111222	3537170	OK	R B' R2 D B2 D' B2 D' R' D R2
52743613121111	3649233	OK	R B' D B R2 D' B R' B R2 B'
23176453332233	3332066	OK	R B D' R D' R2 D B R2 D' R
32475161232323	3294656	OK	R B R2 D2 B R2 B R D' B R
24351761212232	3376522	OK	R B D' B' R B' D2 R2 B' D' B2
43576211123222	3352655	OK	R B2 R D B2 D R' D' B2 R2 D'
37642513122221	3416990	OK	R B2 R' B D' B D2 B2 R2 D' R'
15672341113232	3647838	OK	R B' D' B2 R D' B' R B' R2 B'
35172461232323	3273046	OK	R B R2 D' B' D2 B' R' B2 D B
71435262222122	3313974	OK	R B R D' B2 R' B R' D R' D'
52341672323222	3615468	OK	R B' R' D R' B' D R B2 R2 B
47152631322131	3391841	OK	R B2 R2 B' R B' R D2 R D R2
16345273122323	3631798	OK	R B' D B' D2 R B D2 R' B R'
76541233331333	3266116	OK	R B D2 B2 D' B' R2 D B2 D' B2
14536273311311	3290304	OK	R B D2 B2 R D' B' D B2 R B
54716321112323	3268661	OK	R B D' B2 D B' R B D2 R2 B'
67412531131133	3276572	OK	R B D2 B2 R B' R' B D2 R D
54317621111222	3246273	OK	R B D R' D2 B2 R D' R' B D2
21365742312323	3746681	OK	R D R' B R2 D R' B' D' B2 D'
12637451132111	3704218	OK	R D R' D2 R B' D B R2 D2 B2
23165471111111	3109208	OK	R B R' D R' B R2 B2 R D' B'
12765433331333	3260466	OK	R B D2 B2 D' B' R2 D B2 D' R2
74653213133222	3376682	OK	R B D' R2 B D' R D B' R2 B'
13247563212131	3285435	OK	R B R' B2 D2 B' D' B D' R D'
41756233121231	3342424	OK	R B2 R B D2 B R' D' R2 B2 D'
36147251211131	3655599	OK	R B' D R D2 B' D R' D R2 D'
52741362313211	3159061	OK	R B D R2 D B2 D R' D2 B2 R'
73654211111132	3253607	OK	R B R2 B' R2 D2 B D B' D R
67345213111133	3427290	OK	R B2 D2 R2 B' R D' R D2 B' R
71362453113311	3211732	OK	R B R' D' R D R' B R2 B' R
76154323333112	3506135	OK	R B2 D2 R' B' R D' B2 R2 D R
54621372211121	3506931	OK	R B' R D R2 B2 D R B2 R2 D'
15637423211123	3250776	OK	R B R2 B' D B' D R2 D' R2 D
53721463223312	3440924	OK	R B2 R B2 R2 B R2 D R2 D2 B
21375463333211	3594729	OK	R B' R D' R2 D' B' R' D B2 R
56274132331133	3237697	OK	R B R D B2 R D' B2 R2 D' B
54712361323313	3500539	OK	R B2 D2 R' D' R D' B2 R2 D B
31247651323232	3614105	OK	R B' D2 B D' B D2 R' B2 R B2
23147651112323	3163539	OK	R B D B2 R2 D B' D' R B2 D2
14327653121213	3393794	OK	R B2 R' D2 B D B2 D2 B' R' D2
46157321331233	3361075	OK	R B D' R' B R' D2 B2 R' D' R2
24763151111111	3039379	OK	R B R' B2 R D' R D' B2 D2 R2
12357462211112	3475326	OK	R B' R B R2 B2 D2 R' D' R D2
45367213111133	3408240	OK	R B2 D2 R2 B D B' R2 D R' D
75132463233233	3247717	OK	R B R2 D2 B' R D' R' B2 D2 R
15724631111111	3012110	OK	R B R D2 R2 D R B' D R' B'
26513471122121	3373880	OK	R B2 R D' B2 R' B' R' D2 R' B
53762143222331	3368726	OK	R B D' B' D B R' B2 D2 B D2
73645122222311	3343278	OK	R B D B D R' D2 B D2 B R2
16753241221112	3329913	OK	R B D' R B' D2 B R' B' R' D'
34125672131312	3391826	OK	R B2 R' B2 D B D2 B2 D' R' D2
67342512222113	3254937	OK	R B R' B R B' D2 R D' B R'
16423572112121	3323984	OK	R B D2 B2 R D' B D' R B R2
37641252222323	3411238	OK	R B2 D2 R B2 R B' D' R' D2 R'
41725633211111	3591895	OK	R B' D B' D2 B R2 D' R D B
16534273211111	3566956	OK	R B' D2 B' D B2 D R2 B D B2
32761452122222	3380140	OK	R B2 R' B2 D B R2 B2 R' B' D2
17426531313131	3337540	OK	R B2 R D B' R B D B2 R D2
13267541232212	3217932	OK	R B R D' B R' D B2 D R D
74532163123223	3421970	OK	R B2 R' D R' D B2 D2 R2 B' R'
54276132233312	3458385	OK	R B2 R' B R' B2 D' B R' D2 R2
72513641233322	3469714	OK	R B' R2 B R' D B2 R' D2 R D2
12563473131212	3346957	OK	R B2 R' B R' B2 R D2 B' R D'
21345762313223	3372931	OK	R B D2 R' B R D2 B2 R D' R'
52341672211112	3481999	OK	R B2 D' R2 D' B D' B' D2 B R2
26135742332312	3610180	OK	R B' R2 B' R' D2 R' B D B2 R2
34517622231323	3415394	OK	R B2 D2 R D2 R B' R' B' D2 B'
54612733322213	3480638	OK	R B2 R' D R' B2 D' R B' D2 B2
57123461111111	3040952	OK	R B R' D2 R B2 D' R D R B'
63741522123131	3208346	OK	R B R D2 R B R2 B' R' D2 B
64275133312211	3380851	OK	R B D2 R' B D B2 R2 D R' B'
36521472113321	3214667	OK	R B D2 R B2 D' B' R' D2 R' B'
54376211113133	3389044	OK	R B2 D B2 D' B R' D B' D' R'
23157461231333	3284631	OK	R B R' D2 B' R D R' B2 D2 R2
25163741112323	3137660	OK	R B R2 B2 D2 R' B' D R' B R2
23164573213133	3198509	OK	R B R B2 R D' R D' R B R
17426531121212	3350351	OK	R B2 R D B2 R' B2 D R D B'
51426731111111	3151242	OK	R B D R2 D R' B' D R' B2 R2
34175263321232	3380614	OK	R B2 R' B D2 R' B D B D' R2
76543211212112	3615968	OK	R B' D B2 R B2 R' B D' B2 D2
17324561211323	3813573	OK	R D2 R B' D B R2 D' R B R2
34275162213221	3584858	OK	R B' R B' R2 B' R' D' R D2 B
14735621323112	3721882	OK	R D R2 B' R D' B R D R' B2
65241371111111	3143225	OK	R B2 R B' D R D2 B' R D R2
72163453133333	3372629	OK	R B2 R2 D' R B' R' D R2 B' R'
37614522113321	3512383	OK	R B' R2 D2 B' D B' D2 R B' D2
47126532133133	3383929	OK	R B D' R2 B2 R' B' D B' D B'
67341252222323	3256965	OK	R B D2 R2 B' R B R' B R2 D
35426713111313	3329191	OK	R B2 R B2 R2 D B' R B2 R D2
26543171111111	3024829	OK	R B R' B2 R D' R D R2 B2 D2
71463523331222	3339921	OK	R B D2 R2 B' R B' D' B2 R2 D
25736411331113	3537229	OK	R B' R B D2 R' D2 B R D2 R'
54371261113331	3166980	OK	R B R2 B2 D B' D2 R D R2 B2
74561232221111	3553923	OK	R B' R2 B' R D2 B2 R B' D2 R
32465173233221	3715559	OK	R D R D' R D' B' R2 D2 B' R
32751643321232	3252756	OK	R B D B' R2 D2 B R' D' R D2
64321572311132	3428548	OK	R B' R2 B D R2 B2 D R B R2
76354123313333	3448975	OK	R B2 R2 D B' D B' R2 B D2 R2
57364212313211	3038256	OK	R B R D2 R B2 R B' R2 D2 B'
41723562313211	3152982	OK	R B R' B R2 D R' D' B' D2 B'
65132471323121	3731641	OK	R B' D' B D2 B R' B' R D2 R2
47165322232133	3254003	OK	R B R D2 R2 D B R B' R2 B'
63471522123131	3488709	OK	R B' R' B' R D2 R' D2 R' D R
52341671122211	3485365	OK	R B2 D' R2 D' R D' B' R2 B R2
65271432231233	3194602	OK	R B R B' D R' D R2 D B D
67321453113311	3357786	OK	R B2 R' D' R' D B2 D B2 D' R2
36527412211322	3440187	OK	R B2 D' B' R D' R B2 D' B R'
23174652123131	3217102	OK	R B R2 B' R D2 B' R' D2 R B'
16745232121313	3271249	OK	R B2 R B' D B2 D' B2 R D' B'
45367211211122	3397394	OK	R B2 D2 R2 B D' B R2 D' B D'
42613572313211	3148893	OK	R B R' B2 R' D' B' R D2 B R'
75416323232213	3206290	OK	R B R2 B' D2 B D' B R B' D2
47156233233113	3657110	OK	R B' R' D R2 D R' B' D B2 D2
71462532121112	3332630	OK	R B2 R B R2 D' B2 R D B R'
63742511232221	3251669	OK	R B R2 D2 B' D B' R' D2 B2 R
76345122311111	3402973	OK	R B2 D2 R2 D R D B' R D' R2
27456133132223	3247903	OK	R B R' B' D B R2 D2 B2 D' B
31257643311122	3355489	OK	R B D2 B' D B' R B2 R' D2 R
74132562121121	3464393	OK	R B2 D B2 D R B D R2 D B'
76143253131212	3293446	OK	R B2 R D' R B2 R' D2 B D' B'
76354212313322	3496588	OK	R B' R B2 D' B' D B' R2 B D'
14325673311131	3471087	OK	R B2 D' R' D B2 D B D2 R2 D
72146352232223	3183324	OK	R B R2 B' R2 B R' D R B' D2
47632153212311	3626927	OK	R B' D2 B' R B2 R B2 D B R2
35462173131311	3342871	OK	R B2 R D2 R2 B D' B R2 B D2
73652413211312	3262455	OK	R B R' B R' B D' B2 D B2 R'
54612732112223	3458527	OK	R B2 R' B D' R2 B' D B' D2 B2
45673213211222	3351288	OK	R B D2 R2 B' D B' D' B2 R2 D
75241632222323	3279004	OK	R B D2 B2 R B' R2 D B D2 R2
47652132231323	3180994	OK	R B R2 D2 B2 D' R D' R' D B
36547213331333	3348421	OK	R B2 R' B D' R2 D B2 R' D R'
14725361111111	3018708	OK	R B R B' D R' D B2 D2 B D'
51724362122222	3357929	OK	R B D' B2 D B R2 B R' B' D
21354672311123	3688521	OK	R B' D2 R D2 R' D B' D2 B' D
31265471122133	3352016	OK	R B2 D R' B D R2 B' R D' R'
26153471122121	3469556	OK	R B2 D' R' B2 R D2 B' D R B2
12347651122112	3574011	OK	R B' D R2 B R2 B' D B' D2 B2
16723451122133	3144916	OK	R B R' D2 B2 R' D B' D' R B2
53642171111111	3106370	OK	R B R' B2 R D' R D R2 B2 D'
35476122221111	3199737	OK	R B R' D B2 R' B R' B2 D2 R
56432713122122	3431062	OK	R B2 R' D B' R2 D' R B' R2 B2
51324763113332	3266168	OK	R B R' B' D B D' B2 R2 B R2
76354121313131	3190763	OK	R B D R B D' R' B D2 R' D
52376413222223	3250779	OK	R B R' D' R B D2 R2 B2 R' B
34167252213323	3169197	OK	R B R' D' R B D2 R2 B2 D R
36527412131222	3572076	OK	R B' R' D R' B' R D2 B' D2 B
37614523232213	3471136	OK	R B' R D' B R D' B R B' D'
53476121323322	3666372	OK	R D R2 D2 B' R B2 R' D B2 D'
56347212123233	3486165	OK	R B2 D' R B2 R' B' R B' D2 B2
76345122211121	3328877	OK	R B2 R2 B' R' D B2 R' D B D2
16574231113133	3186960	OK	R B R2 D2 B2 D' B R' D' R D
12376542121232	3315851	OK	R B2 R B D2 R' B2 D B R B'
67354121111111	2975026	OK	R B R B2 R B R2 B R B R'
41563273113311	3166174	OK	R B R2 B2 D R' D' B D2 R B
76341253221212	3544899	OK	R B' R' B D' R' B D2 R' B2 R
46123571111111	3009305	OK	R B R' B2 R D' R D' R2 B2 D2
76312453311311	3333330	OK	R B2 R' B' R' D R2 D R2 D' R2
65174232323312	3394880	OK	R B2 R' B D2 R' B' D' B2 R D
41657321222312	3276744	OK	R B R' B R' D B2 D R' D B2
73645211231111	3539482	OK	R B' D R2 D' R D' B R2 D2 B2
32561471113133	3495591	OK	R B' R B' D2 R D R2 B' R B'
34516271111111	3101663	OK	R B D B' D2 B' D' R' B R2 D'
17426531132312	3540871	OK	R B2 D' B R2 B2 R' B D2 R' B2
72541631111312	3493306	OK	R B' R B R2 D' R D' B D2 B'
16543721111111	3066304	OK	R B D R2 D R' B' D R' B2 D
36745212123323	3405854	OK	R B2 D' R' D B' R B2 D' R B'
76213543311332	3361322	OK	R B D' B R' B R' D2 R B2 D'
14726532232313	3348393	OK	R B2 D B D2 R2 B D' B D2 B'
76143252221222	3264499	OK	R B2 R B' R B2 R' D2 B D' R'
13254763323122	3658907	OK	R D R' B' D' B' R2 D R' D2 R
63472512123332	3153419	OK	R B R B2 R' D B2 R' B2 R B'
12357461113331	3393547	OK	R B2 D2 R D2 R D' R' B' D2 B'
13245671321111	3693882	OK	R D R' B D2 R D' R' B' D2 B'
16523741112212	3145372	OK	R B R D2 R2 B' R D2 R' D2 R2
36714523132223	3345874	OK	R B2 R B' D2 R B D2 R' B' D
35461271111231	3565927	OK	R B' D2 B R' D R2 B' D2 B R2
63142571111111	3019170	OK	R B R' D' B R2 B R B' R2 B2
13246572321332	3425032	OK	R B2 D R2 D R D B R2 B R'
67354212111221	3381200	OK	R B2 R' B R2 D' B' R' D2 B D
24615732213311	3283767	OK	R B R2 D' B R D2 B2 R B' R'
14573261333111	3264306	OK	R B D2 R D' B R2 B2 D' R' B
31264572122213	3323555	OK	R B D' R2 D' B D B R2 B2 R
25741632222323	3365995	OK	R B2 D B2 D' R D' R B' R' D'
71462533221113	3552826	OK	R B2 D' B D2 B2 D' R D2 B' R2
36145272131312	3251432	OK	R B D2 R' D B R B2 R2 D' B
12765432121313	3246509	OK	R B D2 B2 D' B' D2 R B2 R' D2
65174233323212	3409350	OK	R B2 R' D B2 R' B' D' R2 B D
17364251231231	3485823	OK	R B2 D' B2 D R D2 B2 R' B' R2
47321651311133	3129393	OK	R B R B R2 D' B2 D R2 B' D'
14523672121313	3231080	OK	R B D2 B2 D' B' D2 R B2 R' B2
76354123211123	3378549	OK	R B2 R D B2 D' R' B2 D B D'
15426371111111	3109466	OK	R B D R2 D R' B' D R' D2 B2
27134561131133	3181791	OK	R B R' B' D R D' R D2 R' B
47156233211132	3620766	OK	R B' R2 D R2 D' R B' D2 B' R
37624513131323	3207457	OK	R B D R B2 D2 R2 D B2 D' B2
72165432211112	3353593	OK	R B2 R' D2 R D' R' D B2 R D2
13462571111111	3108146	OK	R B D R2 D R' B' D' B2 D2 R
54362171113133	3100800	OK	R B R B D' B2 D R' B R' D'
45612371133221	3688399	OK	R D R' B2 R B R' B D' B D2
14762351221331	3646401	OK	R D R2 D' R' B2 D B' R B D'
46523711331332	3239921	OK	R B R2 B' D B' D R' B D B2
34172562132332	3356962	OK	R B2 R D' B D' B' R2 B' R2 D2
45321671212211	3212141	OK	R B D' B' D' R D2 B' D R2 D'
45321671221121	3408609	OK	R B' R B R2 D2 B R D2 R2 B'
72345613333331	3676317	OK	R B' D' R D' B' R B2 D' B2 D
36147251131211	3420052	OK	R B2 D2 R' B R B2 R2 D B D
65271341332331	3246288	OK	R B R2 D2 B R' B D' B R' B'
24516732233111	3245530	OK	R B D R2 D R' B' D R' B2 R'
47265312131312	3301979	OK	R B D B2 D' B' R2 D B' R' D'
63741252222323	3401416	OK	R B2 D B2 D' R D' R B' R' D
74561233111112	3467535	OK	R B2 D' R' B2 D B D2 B2 D' R'
16524731112233	3500445	OK	R B' R' B2 D B' D' R D' R2 D'
74325613133333	3219568	OK	R B D2 R' D R B R2 B2 D' B
52314761322122	3322017	OK	R B2 R2 B D2 B' D2 R D' R2 D2
73125463133132	3247356	OK	R B R' B2 D B' R B D' B2 D'
15624732133313	3281842	OK	R B D2 R2 B R' B D R' B2 R'
32164572232223	3444276	OK	R B' R B' D R D' B D B' D'
14765231111312	3500333	OK	R B' R D R' B2 D B2 D B' R
31264752132122	3337451	OK	R B2 R D' R B' R' B2 R' B2 D2
12375641113112	3688473	OK	R D R' B2 R' D' R' D B2 R D'
35462171212121	3211217	OK	R B D B2 R' B2 D B R2 B R'
26135742213323	3207150	OK	R B R' B D R2 B' D R B2 R'
76514321112323	3149078	OK	R B D B2 D B' D' R D' R2 D2
51724363121213	3339127	OK	R B D' R2 D B R2 B D' B' D
26715433231322	3253265	OK	R B D' R B D2 B2 D' B' D2 R
76341251112131	3481695	OK	R B2 D' B' R2 D B D2 B2 D' R'
14625731131121	3602965	OK	R B' D' B' D R2 B' R2 B R' D
45673212212132	3276709	OK	R B R' D2 B2 D' R' D B' R B'
32156742313223	3534401	OK	R B2 D' B D' R D2 R D R' D2
32164572232313	3467357	OK	R B' R D' R B2 D' R' B D2 B'
31456722111221	3234093	OK	R B D R B' D2 R2 D' B2 R' B
25714632223331	3615688	OK	R B' R2 D R2 D' B R' D2 R' D
24536713231232	3211283	OK	R B R D2 B D2 B2 D R' B2 D2
76345123311113	3326748	OK	R B2 R2 B' R D' R2 B R' B' D2
75264311223122	3360737	OK	R B2 R2 B R2 B D2 R' D B2 D2
71432561232323	3394008	OK	R B' R B2 R' D2 B R' D' B' R
32546713323212	3243448	OK	R B D B D' R2 B2 R' B2 D' B
36721452121322	3501715	OK	R B2 D' B R D' B R' D2 R' B
67354211212121	3142411	OK	R B R' B2 R D' B2 R D B D2
43675211221331	3244604	OK	R B D R B D' R2 B R2 B D2
13527461211113	3551562	OK	R B' D' B D2 R' B D R D' R2
36721452122213	3467267	OK	R B2 D2 B R B2 R D R2 D' R
46375213123121	3540824	OK	R B' D2 R D' R' D B D' R B2
36125473232222	3464526	OK	R B2 D' B' R D2 R B R2 D2 R
34725611212211	3436142	OK	R B2 D2 B D2 B R' D R2 D' R
52147631131211	3397050	OK	R B2 D B' D B' R2 B D' B' R
64271533221212	3447065	OK	R B2 D' R2 B D' R' B D' R D'
21364753212212	3192686	OK	R B R D B D' B2 R B2 R B2
31264573222223	3355054	OK	R B2 R D' B2 R B R2 D' B' D
12354763131131	3317194	OK	R B2 R B2 R2 D R' D R2 D R2
25463713212332	3209389	OK	R B R' B' D2 B' D' B2 R B2 R'
71532463221332	3200869	OK	R B R D2 R D' R B' D B D
46125731333123	3270179	OK	R B D R' D B D2 R' D R B2
74163251121122	3431718	OK	R B2 D2 B D2 B D' B D2 B' R
76325412231212	3434145	OK	R B2 D2 B D B2 D B R2 B' R
34725612231212	3450486	OK	R B2 D2 B R D2 R D R2 D' B
41725631211122	3340473	OK	R B2 R' D R' D2 B2 R' D' R2 B'
13254761322233	3489483	OK	R B' R' D2 B D' R' B D' R2 D'
14527632212111	3419926	OK	R B2 D2 B R2 B R' D B2 D' R
74163252131111	3412926	OK	R B2 D2 R2 D' B' R B' R2 B D
32761453133333	3192987	OK	R B D2 B2 D R D R' B2 R' B
21654372231323	3335622	OK	R B2 D R2 D' R D' B D' B' D'
75213642223133	3342008	OK	R B D2 B' R B' R D2 R' B2 R
73456123231322	3108824	OK	R B R D B' D2 B R' B R' B'
76143252131312	3210701	OK	R B D2 B2 D R B D' R2 D' B
73625143333313	3235340	OK	R B R' B D2 B R2 D' B R' D'
32745612313322	3111973	OK	R B R2 D B2 R' D' B' D2 B' R'
54123673233323	3486990	OK	R B' R D R2 B' D R' B R2 B'
12745633131131	3473887	OK	R B2 D' B' D B2 D R B2 D2 B
35472163231322	3282958	OK	R B2 R' B D2 R' B D B D' R'
12347561112212	3259991	OK	R B D' R D R2 D2 B' R' B D2
36714522122213	3365690	OK	R B D' B2 D' B R D R2 D2 R
12753462231323	3140723	OK	R B R2 B2 D R' D2 B R D2 B2
74125633332323	3476391	OK	R B2 D' B' D2 R B R2 B2 R' D'
34725612121322	3471781	OK	R B2 D' R D R' D B' D2 B' R
16524731113133	3236463	OK	R B2 R B' D2 R2 D' B R D2 R
72365413331333	3289089	OK	R B2 R D' B D2 B' D2 R D' B'
76325411331311	3562842	OK	R B' D R' B2 D B R2 D' R D'
25716433223213	3339677	OK	R B2 R2 B' D B' R B2 R B D2
71462532111212	3201975	OK	R B D R' D2 B D' B2 R2 D R'
32456173212332	3228947	OK	R B D B D2 R B' D2 R2 B' D
54376211111132	3235504	OK	R B2 R2 D2 B' R B D' B D' R2
64275311112332	3301100	OK	R B2 R2 B R' B2 D R2 D B2 D2
14752631112311	3405766	OK	R B' R B' D2 B D2 R' D R B
27634511131133	3335150	OK	R B2 R' D' B' R D2 R B2 R' B2
13576241321321	3230387	OK	R B R' D B R' B2 D R' B D'
71432563232213	3326411	OK	R B2 D B R2 D2 B D' R B2 R'
27516341111111	2974622	OK	R B R B2 R B2 R B R B2 D2
43615272113321	3178020	OK	R B R2 B' D2 R2 B R B' R D2
52163471112122	3358384	OK	R B2 R' D' R2 B2 D R B R' B2
31572461122133	3185437	OK	R B R2 D2 B R2 B R D' B R2
25734162221111	3136014	OK	R B R2 B2 R B2 D R2 D2 B R'
12347652123233	3333448	OK	R B2 R' D2 R B' R' D R2 B D2
36714523132322	3327659	OK	R B2 R B D' R B R B2 D B2
17643251122112	3184047	OK	R B R' B R' D2 R B' D' B' D'
71345262132131	3651035	OK	R D B2 R' D2 R' D B' D2 R2 D
12365741113331	3282680	OK	R B D' B R D2 R2 D' R' B2 D
23167541233322	3422025	OK	R B2 D' B2 R D' B' D R' D R'
43512671313332	3158820	OK	R B R' D R' D2 R B R2 D' B
76312542321212	3204031	OK	R B D B' R2 D B' D2 R2 B R'
76342511111321	3496470	OK	R B' D B2 D' B2 R B' D' R' D
76325412333233	3407660	OK	R B2 D2 B R2 B D' R B2 R' B
61543271112311	3401472	OK	R B' R2 B' D B2 D B2 R D B2
62531472321233	3274602	OK	R B D' B D R2 D2 B' D' R D2
36752143133222	3567348	OK	R B' R' B' R2 D B D R' D' B
16725432211121	3325391	OK	R B2 R' D R' D R2 B' D' R D'
61234572231323	3339922	OK	R B2 D R2 D' R D' B D' B' D
71426353312211	3360794	OK	R B2 R D R2 D' R' B2 D B R
41726352313322	3189552	OK	R B R2 D2 B R' B' R' D2 R2 B'
71423563213232	3202586	OK	R B R' D2 R' D R2 B' D2 B R'
21354761133311	3283880	OK	R B2 R2 B' R B' R2 D B' R' D2
43572612312323	3420626	OK	R B2 R' D2 R D' B D' B2 D R
47132562311111	3228870	OK	R B2 R B2 R' B2 R B2 D2 R2 D'
23164752131312	3265876	OK	R B D R2 B2 D B' D B' R D'
13546271321321	3503413	OK	R B' R' B2 R D' R2 B D2 B' D2
12347653111133	3285981	OK	R B2 R2 D B D2 B D' R' D2 B
74163253121111	3517516	OK	R B' R D R2 B' R' B D2 B' R'
16527341111111	3076556	OK	R B D R2 D B2 D R B R2 D2
31256471231222	3170458	OK	R B R B2 D B2 D2 B R' B2 D2
76341252323333	3331065	OK	R B2 R' D B' D R2 B' R' B D'
27536412332312	3320192	OK	R B2 R2 B' D R' D R2 D B D2
26437512122312	3460686	OK	R B2 D' R2 B D' B' R D' R D'
53476121323112	3692646	OK	R D R2 D2 B' D B2 D' B R2 B'
27534161111111	2989836	OK	R B R B2 R D' B' R B' R2 D
54367122311111	3304419	OK	R B2 R' B2 D2 R' D2 R' D' R2 D2
35462172213311	3479064	OK	R B2 D' R B' D R2 D R B' D2
23176452132221	3328510	OK	R B2 R2 B' R D' R D2 R B D2
34165271121311	3450744	OK	R B2 D' R' D2 B D B2 D2 B' R'
74265312333233	3221425	OK	R B D2 B' D2 R D' R2 D B D'
15463271313113	3168430	OK	R B R2 D R' D R2 D2 B' R' B
12364751113133	3321759	OK	R B2 R' D R2 B' R D R D' B'
23165472111122	3281076	OK	R B2 R2 B' D2 B D B' R2 D B'
47132652233321	3419874	OK	R B2 R' D2 R B' D B' D2 B R
54367121113211	3184708	OK	R B D' B2 R2 D' R' B R' B R
35426713312211	3496608	OK	R B2 D' R D' R D2 R B R' D2
76354122112121	3274957	OK	R B D' R B R2 B R' D2 B D2
65174322313211	2997156	OK	R B R B2 R B2 R B' D2 R2 B'
72541631113121	3414579	OK	R B2 D2 R' D B R2 B2 D R B
14652733321331	3160708	OK	R B R B D2 R D' B2 R2 D' R
12365471211122	3364253	OK	R B2 D B' D2 R' D R D' R D
35462173221221	3574059	OK	R B' R' D' B2 R B R B' D' B
24315762213323	3211055	OK	R B R' D R B2 D' R D R2 D'
67321451311133	3213303	OK	R B D' B' R D' R B2 D' R' D2
14527631211131	3485712	OK	R B' R B R2 D' B' D B2 D' R'
17246351111111	3000470	OK	R B R B2 R D' B' R B' D2 R2
62135743222331	3211184	OK	R B R' B' R D' R2 B2 D' B' R2
74312652333332	3164775	OK	R B R2 B2 D B' D B' D R B2
14625732233111	3255328	OK	R B2 R D' B R D2 B' D R B
56741232111113	3418369	OK	R B2 D2 R' D R B2 R2 D R D
72165433233323	3472476	OK	R B' R B R' B2 D R2 D R' D
26453711333333	3349209	OK	R B2 R2 B R' D2 B R2 B D2 B2
54367123311113	3199565	OK	R B D2 B2 R B' R B' R D R
51742632323231	3299107	OK	R B2 R' B2 D2 R' B2 R' D' B2 D2
24153672321233	3095376	OK	R B R B2 R2 D' B R2 B' D2 B2
15724632323231	3361490	OK	R B2 D2 R2 D R B R' B D' B2
42573612323231	3223491	OK	R B2 R B2 R' B2 D2 R' B2 R2 D'
67345211211122	3301413	OK	R B2 R2 D2 R' D R D2 R2 B2 R'
56247132333233	3202188	OK	R B D' R' D' R D2 B' D B2 D'
54362711323112	3680732	OK	R D R' D' R D' B R2 D2 B' R
32561471122211	3326871	OK	R B2 R' B2 R D' R' B D2 R D2
14726531232122	3482994	OK	R B' R2 D2 B' R D' B2 R D' R2
13725642332132	3646426	OK	R D B2 R' D2 R' B R' D2 B2 D
56423172112121	3384228	OK	R B2 D2 R2 B R' D B2 R' D B'
65423713321322	3205699	OK	R B R2 D2 B2 D' R D' R B2 R'
16374521112323	3121414	OK	R B D B2 D B' D' R D' B2 R2
21354761113211	3376877	OK	R B2 D2 R2 D B R B' R D' B2
21374653333121	3263869	OK	R B2 R D R2 D R' B' R2 D2 B'
12357641113331	3086216	OK	R B R2 B2 D B' D2 R D B2 R2
37624513231313	3129940	OK	R B R2 B' D B2 D' B R D2 B'
24561372111131	3515199	OK	R B' D2 B R' B R B2 D' B R
23167542131222	3463636	OK	R B2 D' B2 R D' R' B R' B D'
17642531111111	2985648	OK	R B R B2 R D' B' R' D2 R2 B
14726531223122	3517382	OK	R B' D2 R2 B' D B' R2 D B' R2
15734622331223	3132115	OK	R B R B D B' D2 R B2 R B2
14327652131213	3166145	OK	R B D2 R' D' B2 D R D2 R D'
14527632122213	3447842	OK	R B2 D2 B D R2 D R D2 R' B
24651731113223	3247807	OK	R B D' B D' B D2 B2 D R D
35246171111111	2984559	OK	R B R B2 R D' B' R B' R2 B2
45613271331221	3176539	OK	R B R' B2 R' B D2 R' D2 R B'
25436712123332	3257270	OK	R B2 R2 B' R2 B D R' B2 D B'
32741652111113	3401929	OK	R B2 D B' R D' R2 D R' B' R
54721631122121	3452818	OK	R B2 D' R D2 R' D' B R' B2 R2
17462352213311	3325833	OK	R B2 R B D2 B' R' B2 D R B
32765413231223	3450881	OK	R B2 D' R' B D2 B D B2 R2 B
32615473332122	3543324	OK	R D R2 B' D2 B' D R' B2 D2 B
56132472333332	3382013	OK	R B2 D2 R2 B D' R B2 D' B R'
37452162323312	3135611	OK	R B R D B' D2 R2 D' R2 B' R
46321752111131	3519821	OK	R B' D2 B D' R B R2 D' B R
32741653111112	3318406	OK	R B2 R2 D2 B D' B R' D2 R D'
56347212232223	3257165	OK	R B2 R D B2 D' R2 D B' R' D2
56712343211123	3325578	OK	R B2 R' B R2 B' D R2 B' R' B
32145671221112	3476950	OK	R B' R D2 B R2 B' R B' D2 B2
73625412222323	3209868	OK	R B D2 B2 R B' R2 D B R2 D2
32761452121313	3093244	OK	R B R' B2 D R2 D' B D' R2 D'
16345271222111	3421656	OK	R B' R B2 D R2 D' B D' B2 D2
34275161312213	3124390	OK	R B R B2 R D' B' R B' R2 B'
32164572233321	3514315	OK	R B' D2 R B D2 B R2 B D' B2
14356721112323	3117333	OK	R B D B2 D B' D' R' B2 R2 D
54312672212111	3090760	OK	R B R' D' R' D R2 B' D B2 D'
76342512232223	3297147	OK	R B2 D R D2 B2 R D' R D2 R'
23156471222132	3328076	OK	R B2 R' D R2 B' R' D' R2 B R
36752142122132	3391116	OK	R B2 R2 D R' B D' R2 D B2 R2
15724632323333	3284421	OK	R B2 R2 B' D' R B2 D' B R D2
65134721233232	3450880	OK	R B2 D' R2 D R B2 D2 R' B' R2
35162473332122	3384120	OK	R B' R B2 R D R D' R D2 R'
34125672221222	3080577	OK	R B R2 D2 R' D' B' D B2 R' D
31257462312311	3300521	OK	R B2 R2 D2 B' D' R D' R2 D B'
72365413131212	3078360	OK	R B R2 D2 R' B' D' B D2 R' D
23456173233122	3496208	OK	R B' D R D2 B2 R B D2 B2 R'
61274532231323	3142020	OK	R B R2 D2 B' R D B' R B2 D
27435612122222	3161860	OK	R B R D2 B2 R D' B D' B D'
71542633132322	3162221	OK	R B R2 D' R2 D R2 B' D B R'
76541233121213	3117805	OK	R B R2 D' R D B R2 B2 D' B
32761452222212	3178188	OK	R B D2 R' D' R2 D B D2 B D'
35426712131132	3394100	OK	R B2 R2 D B' R D' R2 D R2 B2
25736411231321	3392007	OK	R B2 R' D' B R2 D' B' R' D B2
31564273113311	3158900	OK	R B D B' R B R2 B2 D' B' R
16537421113331	3174463	OK	R B D2 B D R' B2 D R D B'
56423173133111	3365793	OK	R B2 D2 R2 B R D' R2 B R' B
32145671123333	3269997	OK	R B2 R' B R2 D' R' D' B R' B'
14763521113211	3209683	OK	R B2 R B2 D2 R B2 R' B2 R2 D'
56741233111112	3308452	OK	R B2 R2 D2 B D' B R' D2 R D
31264573132313	3070042	OK	R B R B' D2 B R' D' B2 D2 R'
67321542232133	3257996	OK	R B D B2 R' B' R2 B D R2 D
14736523112222	3282668	OK	R B2 R D' R2 B R D2 B' D' R
14527631311121	3410132	OK	R B2 D2 R2 D' R' D R' B2 R B
76215341231231	3145837	OK	R B R D' R B2 D' R2 D B R2
76315241112113	3417877	OK	R B' R D2 R' D R' B R2 D2 B2
13647521111111	2898150	OK	R B R D B2 D R' B' R' B2 R2
32145671333333	3426321	OK	R B2 D' B D R' B R' D2 R' D
14752633223231	3593635	OK	R D R B' D R' B' D2 R2 B' D
23165472132332	3397094	OK	R B' R B' R2 B R' D R B2 D'
76321543311131	3143635	OK	R B D B2 D' B R2 D' R2 D B2
62543711211113	3326699	OK	R B2 D' B' R' D2 B D' R2 D' R2
37652143231322	3227655	OK	R B2 R D' B2 R2 B' R D R2 D
12645371131121	3537278	OK	R B' D2 R' B R B D2 B R' B'
36721453113113	3477967	OK	R B' R D' B2 R D R2 B' R D'
62135471122121	3301808	OK	R B2 R2 B' D' B R2 D' B D B2
71453262222221	3378237	OK	R B2 R' D B D R' D2 B D' B'
45367211111132	3266400	OK	R B2 R' D' B2 R D' R2 D B' D2
57246131112233	3279169	OK	R B D2 B2 R' D R' D' R B2 D'
35617423131332	3342899	OK	R B2 R2 D2 B' R' B D' B2 D B'
25436712132122	3394098	OK	R B' R D2 B' D' B D' R2 D R'
62135473131131	3297299	OK	R B2 R2 B' D B' R2 D R' D' B2
67345211311133	3232053	OK	R B2 R B' R2 B' R2 D B2 D' B
32567412122222	3113461	OK	R B R2 D' R B R B2 R2 D' R
14736521221313	3453580	OK	R B2 D' R D2 R2 D' B D2 R' D2
53126471321321	3478525	OK	R B' R' B2 R D R2 B' R2 B D2
23756143222331	3543692	OK	R B' D B D2 B' R D2 B' D2 B
54721633313321	3231380	OK	R B2 R D' R D' B' R B' R D2
54721632212222	3331220	OK	R B2 R2 D R D' R2 D' B' R2 B
41325671212211	3214731	OK	R B D2 B' R2 D R' D2 R B D'
63452711311313	3353539	OK	R B2 D2 R2 B R B' R2 D B' R
72356141112323	3098483	OK	R B R' D2 R B' R B R2 D2 B'
14736521132222	3269684	OK	R B2 R D R' B R D B2 R B2
57164322131312	3201395	OK	R B R' B2 R D R2 D R' B' D
54376121322233	3270108	OK	R B D2 B2 R' B R' D' B R2 D'
32765411112221	3323743	OK	R B2 R' B R' B2 D2 B D' B R2
54361272223232	3387605	OK	R B2 D2 R' B D R2 D2 B R D
72516342313223	3327180	OK	R B2 R B R2 B' D' B2 R B R
36125473323233	3337491	OK	R B2 R' D B' R2 D2 R D' R B2
65174323223123	3381796	OK	R B2 D' B' D2 B R2 D' R D R2
67145323133312	3314335	OK	R B2 R2 B D' B2 R B2 R B2 R2
54167232133313	3337026	OK	R B2 R2 D B D' R2 D' R' D2 R
14752363233131	3264223	OK	R B2 R D2 R2 B R' B R2 B R2
47265312122222	3133482	OK	R B R B2 R' D' B2 R D' R' D'
74132563132112	3464075	OK	R B2 D' R B2 R2 B' R D2 B' D2
52341672232313	3237725	OK	R B2 R D R2 D' R2 D R' B' D2
75613243133213	3354086	OK	R B2 R' B R D R' D2 B D' R'
63752143223123	3405486	OK	R B' R2 B D B2 R2 D2 B D' R'
12536741112323	3004959	OK	R B R D2 R D' B' D' B2 D2 R
21376541131133	3121474	OK	R B D R' D R B2 R2 D' R' B
21375462312233	3129517	OK	R B R D2 R D' B' D R' D2 R'
56127433332323	3306229	OK	R B2 R2 D2 B D' R B' D2 B R
13246573321223	3253187	OK	R B2 R B' R2 D B D2 R' D' R
31475261322233	3308255	OK	R B2 R' D2 B2 R' B D B' D2 B
16573241123123	3400990	OK	R B' R D R2 D2 B2 R' B' R B2
41735621233232	3131694	OK	R B R B' R B2 D' B2 D R B2
32465173133111	3367565	OK	R B2 D2 R2 B' D R' D R2 B' R
14765231111213	3395782	OK	R B2 D2 R2 D' R' B R' B2 R D
23164753333313	3139487	OK	R B R D2 R2 B' R B' R2 D2 B'
76341251221121	3471080	OK	R B' R2 B' D B2 R2 D B' D2 R
17526431231321	3226684	OK	R B2 R B2 D2 R D2 R' D2 R2 B'
76354212312233	3232500	OK	R B2 R D' R D R2 B' R B R
72563411113121	3325999	OK	R B2 R' D B R B' D R' B2 D
71456322111221	3299081	OK	R B2 R' D' B' R' D2 B D2 B' R2
45312761113211	3287640	OK	R B2 R' B2 R D2 B2 R' D' B2 D2
32465172112121	3276471	OK	R B2 R2 D2 R' B R D2 R2 B2 R'
32741651131211	3340312	OK	R B2 R' D R B R' D R' D2 B
52761431113121	3368164	OK	R B2 D R' D B' R2 B R' B' R
65432173232321	3442423	OK	R B' R2 D' B R B R2 B D' B'
34521672223232	3358316	OK	R B2 D R' B D' R2 D B' R' B
65174233331213	3240456	OK	R B D R' B2 D' R D R B2 R2
72546313323212	3276937	OK	R B2 R' B' R' D' R2 B R2 B' R2
65132471212112	3228887	OK	R B D' R D' R' B R2 D' B' R'
74132562122111	3218807	OK	R B D2 R' B' D' B2 R D' B2 D
36147251121311	3318534	OK	R B2 R2 D2 B R' D B' D2 B D
67354212311132	3244177	OK	R B D2 R2 B R' B R' D2 R B'
12356471113133	3122323	OK	R B R2 D2 B' D B D' B D2 R
54167233331213	3332209	OK	R B2 R2 D R B' D2 B' R' B2 R
14275633323122	3521836	OK	R D R2 B' D2 B' R D' B2 R2 B
61534721112311	3310302	OK	R B2 R' D2 R' D B' D2 R2 D' B
45721363321313	3335271	OK	R B2 R2 B D' R2 B R2 B R2 B2
31475262333221	3276782	OK	R B2 R2 D2 B' D' B D' R2 D R'
72143651131112	3248328	OK	R B D' B' D2 B' D2 B D' B' R'
36241753212311	3419868	OK	R B' R2 B' R D2 R D2 B R B2
12734561112323	2990653	OK	R B R D2 R D' B' D R' B2 D2
15672342323312	3278892	OK	R B2 R' D' R' D' B2 R B2 R' B2
35462171131313	3075981	OK	R B R D2 B2 D' B' R2 B' D2 B2
73651241113322	3332722	OK	R B2 R' D2 B2 R' D R D' B2 D
32174562231212	3221201	OK	R B R' D2 R' B D R B2 R2 B
15724631322233	3351956	OK	R B2 D2 R' B' D R' D2 B R' B2
45376211333123	3486389	OK	R B' R2 D2 B D' R2 B D' B' R'
14736251111132	3196516	OK	R B2 R D R2 B2 R' D' B2 D R'
13275461112233	3278532	OK	R B2 R' B2 D2 R' D B R' B2 R
72165433121333	3320365	OK	R B2 R2 D2 R D' B2 R B D2 R2
45167323322231	3217147	OK	R B D' R D' B R2 B2 R B D
52147631121311	3311628	OK	R B2 R2 D2 B R' D B' D2 B D'
54621371133311	3196223	OK	R B D' B D2 B' D B' D R D2
56423171231321	3251348	OK	R B2 R2 D2 B' R D B' D B' R2
14725361322332	3371096	OK	R B2 D2 R' D' R D' R2 B R' D2
76345123311131	3147241	OK	R B D B2 D' B' R2 D B2 D' B2
13675242331313	3339676	OK	R B2 R' D R D R' B2 D B' R'
34165271311133	3215914	OK	R B2 R B2 R2 D' B D R' D2 R
14736521133131	3180561	OK	R B D B D2 R2 B2 R B2 R' D2
16745232122222	3065958	OK	R B R2 B2 R B D B' D2 B' R
16547233332323	3292193	OK	R B2 R2 D2 B D' R B' D2 B R'
73625143121213	3136283	OK	R B R B2 D2 R D' B R' B D'
67354213313333	3219674	OK	R B D R2 D B2 D B' R' B R2
41765231233232	3359771	OK	R B2 D B' R' D2 B R2 B D2 B2
17463251321231	3215813	OK	R B2 R D' R2 B D R D2 B' R2
32157642231323	3153815	OK	R B D2 B R B' D2 R B D B'
75246313212311	3262676	OK	R B D' R D2 B' D' B D' R2 D2
61472532123332	3111834	OK	R B D R' D R' B D2 B' D2 R'
25436711311313	3335664	OK	R B2 D2 R2 B' D B' R B2 D' B
43651722323132	3365683	OK	R B' R2 B R' B D R2 B' D R
32567413131212	3055985	OK	R B R2 B2 R' D' B2 R D2 R' D2
65274131312213	3207080	OK	R B2 R B' R D R2 B' R D R
63712542221111	3130313	OK	R B R' B D B2 D2 R' B' R D2
15642373221323	3172285	OK	R B D B D R' D' B R2 D' B
25436713232321	3468330	OK	R B' R' B' D R2 B' R2 B D' R
62135473322321	3370318	OK	R B2 D2 R' D' B R' D2 B D' R2
56132473211111	3167959	OK	R B D' B' D' R2 B2 D' R D' B
32576142313223	3260482	OK	R B2 R' D R2 D' R D2 B' D' B
56132473213211	3191220	OK	R B2 R D B' D2 B D B2 D2 R'
76143253331333	3106791	OK	R B R' D2 B R2 B' D R' D2 R'
41625373121213	3142470	OK	R B R D2 R' D' R2 B D' R' D'
14625732112121	3273727	OK	R B2 R' B D' B2 R2 D' R' B2 D'
35246172213311	3233872	OK	R B2 R' D B2 D' R D2 B' D' R
52147632111113	3308889	OK	R B2 R' B R B D' R D' R2 B
21354761112233	3366686	OK	R B2 D2 R' B' R D' R2 B R' B2
72541631112131	3301250	OK	R B2 R2 D2 B R' B R' D2 R B
67354212212222	3219534	OK	R B D R2 D B D B' R2 D' R2
62135473132121	3370143	OK	R B2 D2 R2 D B D B' R B' R2
67345211111132	3235482	OK	R B2 R2 D2 B D' B' D R' D R2
54327612223232	3299562	OK	R B2 R' B D R B' R B' D2 R
52761431112131	3305313	OK	R B2 R2 D2 B R' B R' D2 R B'
13275463213211	3275374	OK	R B2 R2 D2 B' R' D R' D2 R B'
67321451112311	3114484	OK	R B D' R B2 R' B R' D' B R2
41236753232321	3434676	OK	R B' R' B R' D2 B' D R D B2
76315243323323	3309734	OK	R B2 D R' D B R2 D' B R' D'
12364753311131	3137189	OK	R B D2 R' B R B2 R D' B' R
67354213211132	3387657	OK	R B2 R' D' R D2 B' D' R' B R2
16257431132111	3383308	OK	R B' R' B D2 R' D R B D' R2
32175462233111	3154906	OK	R B D2 R' B2 R B R2 B' D2 B
53741621332112	3421305	OK	R B' D2 R D' B D' B' D' R D2
23165471311133	3208783	OK	R B2 R B2 R2 D B D R' D2 R'
32145673311113	3252189	OK	R B2 R D B' R D2 R' B2 D R2
16345272322232	3366838	OK	R B2 D2 R2 D' B' D R' D2 R D
17426532121211	3050247	OK	R B R B' R2 D R' B2 D2 R B'
14723652331232	3336094	OK	R B2 D B' R2 D' R B D' B R
27453161132111	3327740	OK	R B2 D' B' D' B2 R D' B2 D' B2
76541232221222	3057385	OK	R B R2 B2 R' D' R2 B D2 B' D2
52341673232213	3213132	OK	R B2 R B D2 B' R2 B R' B' D2
34725613111112	3299590	OK	R B2 R2 D2 B' D R' D R2 D' B
37624512231212	3196998	OK	R B R' B2 R' D B D B2 D2 B
43561271111111	2956248	OK	R B R D' B2 D' R' B' R B2 D'
32157641232323	3178690	OK	R B2 R B' D2 R D B D2 R' D2
52134761232113	3216908	OK	R B D' R' D R2 D B D2 B2 R'
13246573221233	3238668	OK	R B2 R B R' B R B D2 R B2
32164572312323	3392665	OK	R B' R2 D B R2 B R2 B D' R2
16745233121213	3065975	OK	R B R2 B2 R B R D' B2 D' B
41725633111133	3110973	OK	R B D R' D B2 D' B2 R B' R
47632153232321	3436964	OK	R B' R2 D' B R B R2 B D' B
73615423333331	3322525	OK	R B2 R' B D B R' D2 B R' D'
72345612122111	3301090	OK	R B2 D R' B2 D' R B R' D B
15624732333332	3158749	OK	R B R' D B R2 B D' B2 R D2
25743611233232	3267026	OK	R B2 R D2 R2 B D' B' R D' B
21376541111123	3093290	OK	R B D B' R B2 R' B D' R B2
15642372231332	3220195	OK	R B D' B R B2 R B' D2 R B2
65714323223123	3281083	OK	R B2 R D' R2 B' R' D' R2 D' R
17453262211133	3167163	OK	R B R2 B' R D' B R2 B' R2 B
25471362323132	3363654	OK	R B' R2 B D' B D B2 R' D R
52374161112323	3001953	OK	R B R D2 R D' B' D R' D2 R2
34275162112322	3255879	OK	R B D2 B' R B2 D2 R B' R D2
76354212333332	3256625	OK	R B2 R' B R' D2 B2 R' B' R2 D'
76354122212222	3164419	OK	R B R2 D2 B R' B R B' D2 B'
43176252311132	3207587	OK	R B D' B2 R B D R2 B' R D2
32167451213333	3371073	OK	R B2 D' R' B D' R B2 D' B D'
32146751232323	3179391	OK	R B2 R D B2 D2 B' D R2 B' R'
51324671211122	3086322	OK	R B R' B' D B' R B2 D2 R' D'
71562433123232	3124215	OK	R B D B' D2 B' D R2 B R' B
76523413223231	3297933	OK	R B2 D R' D R D2 B' R B R2
52471631323112	3479715	OK	R B' D2 R D' R B' R' D' R B2
75264133331213	3174265	OK	R B R2 D2 B D' B R B' R2 B'
12364751112212	3145315	OK	R B D2 B D' R D' R' D2 B R'
36147253111112	3184085	OK	R B D2 B' R B R2 D' R' B R
64257131113223	3150814	OK	R B D B2 R2 D' B R' B' D2 R2
14352672212111	3080054	OK	R B R2 B' D2 R B' D2 B R D'
51426733312211	3245527	OK	R B2 R' B D2 B' R D2 B' R' B
12467351131121	3463937	OK	R B' D2 R' B R B D2 B R' B
12376542123212	3061861	OK	R B R D' R2 B D' R2 B2 D B'
14527633312133	3161579	OK	R B D' B2 R2 D R' B' R B' D
14765231112131	3288469	OK	R B2 R2 D2 B' R B' R D2 R' D
12463751231231	3243590	OK	R B2 R B2 R2 D R' D' R D' R
72365412222212	3033142	OK	R B R2 B R D2 R' D' R2 B D'
67312452233321	3234829	OK	R B D2 B' D B2 R' B' R2 B R'
35426713131113	3057081	OK	R B R B2 D' R B R' B D' B'
74325613131212	3055408	OK	R B R2 B2 R' D' B2 R D2 R' B2
15367423211123	3104763	OK	R B D' B R B' D R' B2 R2 D
76354212213323	3138502	OK	R B D2 B D R2 B D2 B D2 B
54761233322321	3194248	OK	R B D' B2 R2 D' B D' B' D R2
14736521213333	3256104	OK	R B2 R D R2 B' R2 D R B D'
34125672131213	3041468	OK	R B R2 B D R2 D' R' D2 B D'
76325411113121	3241451	OK	R B2 R2 B D B' D' B R' B' R
17426532331331	3331104	OK	R B2 D R2 D R' B R2 B R B
32156472333332	3231341	OK	R B2 R2 D2 R' D B D2 B2 R2 B'
14527631121311	3293469	OK	R B2 R2 D2 B' R D' R D2 R' B
45312672223331	3350885	OK	R B2 R' B' D R2 B' R' D' R D2
74325612221222	3056416	OK	R B R2 B2 R' D' R2 B D2 B' R2
76325411111213	3243621	OK	R B2 R2 B D' R D B' R B R
54163271133221	3267348	OK	R B2 D R' B R D2 B' D R D2
34725612322232	3268354	OK	R B2 R2 B R' D R B' R D B
72165433331213	3238743	OK	R B D' B2 R2 D' R D R B2 D2
13276542323312	3249496	OK	R B2 R' D' R' D B2 R' D2 R B2
42751632323231	3133090	OK	R B D' R2 B2 D' R' B D' R B
12745632111122	3167522	OK	R B D2 B R2 B' R2 B R' D' R2
36721452122321	3275439	OK	R B2 R' D R2 B' D' R' D B' R'
36125471111333	3195836	OK	R B D' B D' B2 D' B D R B2
71432562111221	3262703	OK	R B2 R' D' B' R D2 B' R2 B R2
12543671211212	3308170	OK	R B2 D R' D2 B' R B D' R B
62471532232133	3106131	OK	R B R B2 R B D2 B' R' B2 D
74523611131112	3232020	OK	R B D' B' D2 B' D2 B D' B' R
56347213131332	3268037	OK	R B2 R2 D B R' D2 R' D' R2 D
13276541321123	3464152	OK	R B' D2 R B R2 B D2 B R' D2
24615371112332	3164097	OK	R B D2 B R' B' R B' D2 R D'
12347651133311	3212166	OK	R B2 R B R' B D2 B' R2 D R2
12347653332323	3262731	OK	R B2 R2 D2 B' D B' R B2 R' B
74365211313113	3296864	OK	R B2 R' D B D' R2 B2 R B2 R
32741651311121	3217942	OK	R B D' R2 D' B2 R B' D' B R'
54721631311133	3184862	OK	R B D2 B' R D2 B' R2 B R D2
41752632311123	3376630	OK	R B2 R' B' R D2 B' R' B' R D2
32561471311121	3266922	OK	R B2 R2 B R' B D R' B D R
74561232111113	3250702	OK	R B2 R D' R D R2 B2 R B D2
32167452211121	3161334	OK	R B D2 R2 D R2 D' B D R2 B'
15634722321233	3117035	OK	R B D2 B R' B D' B' R2 D R'
27634512233321	3154382	OK	R B2 R B R2 D2 R' B' D2 B D'
37516422333311	3181944	OK	R B D R2 D2 R D' B R' D B
76342513323212	3229550	OK	R B2 R' B' R' D R2 B' D2 B R2
12745633313333	3218133	OK	R B D' R' B R' D' B D2 R' D2
76312542322121	3337839	OK	R B2 D B2 D R' D B2 D B R
16245371231231	3320350	OK	R B2 D R' D' B2 R D2 R D2 R2
32547611121113	3181425	OK	R B D2 B2 D B' D B2 D2 B R'
41735263123223	3224646	OK	R B D' R2 B D' R' D' B D2 B'
71423653213232	3424768	OK	R B' R' D' R B2 D' B R2 B' D
32167453313333	3208509	OK	R B D2 B' D' B2 R B' R' B2 D2
13276541133122	3379285	OK	R B' R2 D B D2 B R2 B R' B2
65132471222111	3106345	OK	R B R' B D' B' D B2 R' D' R'
32145672212222	3209645	OK	R B D' R2 B2 D' R D B R2 D2
26153473131131	3138803	OK	R B D2 B2 R D' B D' R B R
76543211333333	3406326	OK	R B2 D' R B D' B D' B2 D' B
16357421223113	3212650	OK	R B D' R' D' B D2 B' R D' B'
75264133121333	3125422	OK	R B R D2 R B D' R B2 D B2
74365211333111	3273639	OK	R B2 R' B D B' R2 D2 R D2 R
16275343122221	3233560	OK	R B D' B2 R D' R' D' R B2 R'
63125743133312	3198426	OK	R B D2 B D' R' B D' R2 B R'
34127651312111	3222887	OK	R B D' R' D2 R' B2 R B' D' R'
14537622231323	3065669	OK	R B R2 B2 D R' D2 B R B2 D2
46273512122312	3212922	OK	R B D' B2 D' R' D' R B2 D' R
45721363322231	3122984	OK	R B D R2 B2 D' R D' R' D2 B2
12347652223232	3234744	OK	R B2 R2 B D R' B' D B' R' B
63721541233322	3160088	OK	R B D' R2 D' R' D' B D2 R' D
76354121311313	3072227	OK	R B R D2 B' R B D' B D' R'
47135622132332	3208220	OK	R B D2 B' D B2 R2 D B' D R2
76543212132323	3187871	OK	R B D' R D' B2 R2 D R B D'
16537421113322	3192563	OK	R B2 R D' B2 R D B R2 D' R2
76514321232113	3193480	OK	R B D' R' D R2 D B' R B2 R2
34627512232313	3097318	OK	R B D B2 R D2 R B' R B2 D2
75246313332332	3308244	OK	R B2 R2 D R' D B' R2 B R2 D2
74163252112211	3152641	OK	R B D2 R' B D' B2 R D R2 D2
35462171332331	3271196	OK	R B2 R' B R' B' R B D2 B D2
34165271131211	3221445	OK	R B2 R B' D R D2 B2 D B D2
36752143211132	3291756	OK	R B D' B D2 R' B' D R' B2 R2
14752633222223	3190218	OK	R B2 R D' B2 D' R2 B D2 B' R
75246313312211	3283569	OK	R B2 R D R2 D' R' B2 D B R'
76351423321232	3007097	OK	R B R2 B' D' B2 R B' R D R'
76325411122121	3280346	OK	R B2 R' B2 R B' D' B D2 R B2
76354213222223	3193213	OK	R B2 R D2 R2 B D R D' R2 D'
32547611312111	3210041	OK	R B D' R' D2 R' B2 R B' D' R
46215372121223	3197514	OK	R B D' B R2 D' R2 D' R B' R'
76231451123111	3308316	OK	R B2 D' B R' D' R D2 R D B'
21354671221112	3085550	OK	R B R2 D B2 D R' B D2 B D
52761432131111	3211769	OK	R B D' B2 D' B2 R D' R' B R'
76312453211111	2997629	OK	R B R' B R2 B' D B' D' B R2
65123472312311	3137559	OK	R B2 R B R' D2 R B D2 B2 R'
76341251311313	3199738	OK	R B2 R B2 R2 D' R D R' B2 R
36721452131111	3281507	OK	R B2 R2 B D' B D B' R D R
34725612331322	3265444	OK	R B2 R' D B2 R' D' R' D R' B'
32465172332321	3262699	OK	R B2 R' D R2 D' R D2 B' D' B2
34725613132223	3259000	OK	R B2 R2 D R D2 R B' D' R2 B
75634123323122	3211276	OK	R B D2 B' D2 B R' B R B' R2
16427531231321	3178047	OK	R B2 R D B2 R2 B' D' B2 D R'
75243611113232	3161750	OK	R B2 R B' R2 D R B D2 R' B2
45312762311111	3041597	OK	R B R' D2 B2 R' B' R B' D B
73516243332131	3155771	OK	R B D B2 R2 D R' D R' B R'
12376451221211	3098610	OK	R B D2 R' D R' B2 R' B2 D' R2
63754213122122	3110406	OK	R B R' B D' B2 D B D2 R' D
31462751113322	3156438	OK	R B D' B' D R2 D B R2 B2 D'
72543163211111	3210514	OK	R B2 R' B2 R' D R' B2 D2 B' R
64351272132131	3174462	OK	R B D2 R' D2 R B2 D' B D B'
56723411121113	3129458	OK	R B D B' R2 B' D' B D B2 R'
74156322313223	3258537	OK	R B2 R B R2 B' D' B2 R B R'
63471522332132	3389698	OK	R B' R' D' B R2 B' D2 B' D R
65174232123131	3145928	OK	R B R2 D2 B R' B D' B2 D B'
72165432111113	3253963	OK	R B2 R2 B R B' D' B D' B' R
17425631122112	3175255	OK	R B D' B' R B' R' B R' D R'
34725613311113	3098995	OK	R B D R B2 D2 R2 D B2 D' B
76341251113121	3221155	OK	R B2 R B' R D R2 B2 R D B2
23156473323332	3098455	OK	R B R' B2 D' R2 D R' D2 B R'
16342571331221	3312750	OK	R B2 D B' D B D' B2 R2 D R
47162351322122	3156140	OK	R B D B2 D2 B R' D R' B D
74156322122321	3128007	OK	R B D R2 B' R2 D B D2 B D'
71456321322323	3162440	OK	R B2 R D R' B2 D2 R D2 R' B'
64275313312211	3149823	OK	R B D2 B2 R2 D' B' R B' R D2
17426531112233	3210190	OK	R B D' R2 B D' B' D' R2 D2 B
74523611213111	3175983	OK	R B D2 B2 D B' R D2 R2 D R'
15643271331221	3386675	OK	R B' R' B' D B2 R' B D2 B' D
45312761133311	3007415	OK	R B R2 B2 D B' D B' D R B
76543213113131	3248181	OK	R B2 R2 D B R2 B D' B' R2 D
32561471131211	3247468	OK	R B2 R2 B R D' B' D B' D' R
34725613111133	3024663	OK	R B R2 B' D B2 D' B R D2 B2
75321461311112	3279407	OK	R B2 D' B R D R2 D R' D' B'
71543623111121	3163527	OK	R B2 R' B R2 B R2 B2 D' R D'
53426171112233	3099543	OK	R B R2 B2 D' R B' D' R D2 B'
45612373132223	3170630	OK	R B2 R B' D2 B' R2 D R2 D' R
76325413222223	3239929	OK	R B2 R2 D R B2 R D' B' D2 R
35462173123211	3218615	OK	R B D2 B R2 B R' D' R D2 R
64321572132131	3314585	OK	R B' R2 B R D2 B2 R B D R2
67245131313323	3178218	OK	R B D R2 D' R' D2 B D' B' R'
14736523113131	3069853	OK	R B R2 B' R D2 R' D R B2 D'
67321452111122	3005308	OK	R B R D' R D' B D2 B' D2 R'
65274132123332	3082116	OK	R B D R' D R' B D2 B' D2 R
52471631223113	3324793	OK	R B' R2 D R' B D' R' B' R D2
53741621323112	3373057	OK	R B' R2 D R' D B' R' B' R B2
36527412322232	3204152	OK	R B D' B D R D' R2 D B' R2
36751243222322	3064363	OK	R B D B2 D B' D' R' D2 B D
36745213133111	3226820	OK	R B2 R D2 R2 B' R B R' D2 R
16537421111222	3025988	OK	R B R2 B' R' D2 B R' B R B'
54376211111222	2975952	OK	R B R B2 R' D' B2 D' B2 D B2
74561231111222	3163583	OK	R B D2 B D' R D2 B' R D R'
54167231221211	3305178	OK	R B2 R' D' B2 R2 D B D R' D2
36752142123221	3235449	OK	R B D2 B D2 B D' B' R B2 R
37612453122233	3124859	OK	R B R' B2 D B' R' B' D R2 D'
32145672113333	3118409	OK	R B D2 B' D R2 B' D' B R2 B2
64572131122223	3146993	OK	R B R' D2 B D' B' R' D B2 D'
41765323122212	3186998	OK	R B D' R B2 D' R2 D' B D' B'
36527413111112	3168578	OK	R B D2 B' R B R2 D' R' B R'
32167453321232	3159236	OK	R B D2 B R' B D2 R' B R B'
32765411133113	3251065	OK	R B2 R' B R D' R2 B2 R B2 R
14736521211212	3059622	OK	R B R2 B R' D B2 D B2 R D
34621572132131	3153871	OK	R B D R2 D' R D2 B' R2 B D'
15642372213311	3236496	OK	R B2 R B D2 B' R' B2 D R B'
32476513232231	3328978	OK	R B' R D' B R2 B2 D2 B' R D
67345211112233	3194753	OK	R B2 R2 B' R B D' B2 R2 D' B
65174232133313	3105995	OK	R B R B' D2 R' B D R B2 R2
12376541322233	3222803	OK	R B D' B2 R D' B' R' D2 R2 B
27534162311111	3073424	OK	R B D B' R2 D B' R' B D' B2
32765411331113	3277136	OK	R B2 R' D R D' R2 B2 R D2 R
13246572331232	3056437	OK	R B R2 B D' R B2 R D2 B D
12365472223232	3206616	OK	R B2 R D' B R D2 B2 D R D2
76145231131112	3159063	OK	R B D2 B2 D' B D2 R' B' D2 R
36125473111211	3160116	OK	R B D2 B2 D' B' D2 R D B2 R'
67254313311113	3048258	OK	R B R' D R2 D' B D' R B D2
17526431131121	3097320	OK	R B D2 R' D' B' D R' D B' D2
14632571321132	3311262	OK	R B' R B' R' D B R2 D' B' D
76543212323213	3146915	OK	R B D2 R' B R' D2 B D B2 D2
32145671132222	3258838	OK	R B2 R' D B' R2 D2 R' B' D2 B'
63452712333221	3154211	OK	R B2 R B D' B2 D B D2 B2 R'
52743611111213	3129745	OK	R B D B' R2 B D' B D' B2 R
67312541121221	3068328	OK	R B D R' B2 R' B R2 D R' B
65274133132223	3163774	OK	R B2 R B2 R2 D R B D' R2 D'
72541631111213	3170964	OK	R B D2 B' D B2 D B2 D2 R' B
52761431111312	3130833	OK	R B D B' D2 R D' B D' B D2
42573613322231	3006562	OK	R B R2 D' R' D' B R' B D' R2
52367412322232	3154721	OK	R B D2 B' R B2 R D2 R2 B' R
52743611112131	3183731	OK	R B D2 B' D B R2 D' B' D R
25741632312323	3201857	OK	R B2 R2 D2 B' D B D' R B' D2
32165741111132	3103996	OK	R B D2 B D' B' D R' D' R2 D
21376541112311	3096973	OK	R B D B' D2 R2 D B' R' B2 R2
76341251111213	3158190	OK	R B D' R D R B' R2 B R' B2
72165433221233	3235334	OK	R B2 R' B R' B2 D2 B' R' B2 R'
47156322132311	3134867	OK	R B D2 R' D' B R D2 B2 R2 D'
54167232112112	3280831	OK	R B2 R' B' D2 R2 B R D R' D2
32561471121311	3159444	OK	R B D2 B' R B R D' B R' D2
73645213333112	3254077	OK	R B2 D B' D B R2 D' B D' R'
14527633132322	3207201	OK	R B2 R D R' B D2 B' D2 R D2
21654372233321	3193620	OK	R B2 R2 D2 B' D R B' D B' D2
41725633121123	3198055	OK	R B2 R B' D R D2 B' R B D
37614522111221	3152233	OK	R B2 R B' R D' B' D R2 D' B
17463251122112	3108521	OK	R B D2 R D' B R2 B2 D' R' B2
54231671123111	3260825	OK	R B2 D' R B D R2 D R' B' D
47256133212311	3125713	OK	R B D' R' D' R2 B2 D' R B' R
74125632121121	3262051	OK	R B2 R' B D' B R2 D' B' D B'
23147652312323	3150864	OK	R B2 R B D2 R2 D' R' B2 R D'
62374513112321	3340657	OK	R B' R2 B' R' D' R D2 B D' B2
31265471312213	3030684	OK	R B R2 D' B2 D B D2 B' R2 B
31265472312233	3030538	OK	R B R2 D' B2 D R D2 R' D2 R
24731562311231	3238185	OK	R B2 D R B2 D2 R' D2 R D' B2
76354121122121	3041247	OK	R B R B2 D' R2 B D R2 D R'
62147353123121	3243436	OK	R B2 D' R' B' D2 R B' D2 B' R2
21354671122112	3045239	OK	R B R D2 R B' R D2 R B2 D
74523612111311	3085527	OK	R B R' D2 B' D B' R' D2 B R
54721632133232	3280005	OK	R B2 R' B' R2 D2 B R D B' D2
74163253332323	3163815	OK	R B D2 B' D B R D' R D' R2
52641733232321	3150895	OK	R B2 R D R' D2 R B R2 B2 D'
12354763133111	3031363	OK	R B R B2 D2 B' D' R2 D' R2 D2
52714633223123	3243830	OK	R B2 D2 R2 B D R' D2 B R' B
27154632311132	3062540	OK	R B R' D R2 D R D B R2 D2
52714633213223	3225216	OK	R B2 R' B' D2 R D' R2 D R' B2
56723411113313	3111017	OK	R B D R' D2 B2 D B R2 B R2
52736141322233	3106767	OK	R B R2 B2 D' B D' R' D R2 B'
61572432312323	3109060	OK	R B R2 B' D B2 R' B' D2 B R'
71452363213232	3294225	OK	R B2 D R' B D B' R2 D2 B R
74561233311233	3015808	OK	R B R' B2 R' D2 R B2 R D R2
47123651233232	3336282	OK	R B' R D R' B D' B2 R B R2
47156323223123	3158647	OK	R B2 R2 B' R' B R2 D' R B R2
32167451222222	3193592	OK	R B D' B2 R D B2 D B2 D2 R
52761431111213	3180419	OK	R B D2 B' D B2 D B2 D2 R' B'
72643513212311	3117251	OK	R B D' B R2 B' R B' D' B D2
76315241323313	3234664	OK	R B2 D B' R D R2 B' D B' R'
14367252322232	3158866	OK	R B D2 B' R B2 R D2 R2 B' R'
76123453233323	3107210	OK	R B D R' B2 D R' B R' B R2
32156472332321	3220416	OK	R B2 R' D B2 D' R D2 B' D' R2
14625731322233	3197127	OK	R B2 R2 B' D R B' D2 R2 B' R
26153473132121	3249101	OK	R B2 R' B2 R B2 D2 R' B' R2 B2
61534721113211	3113957	OK	R B D2 B R' B R' B D2 R' B
53126471231321	3030848	OK	R B R' B2 D2 R' D' R D' B R
64531273311311	3001604	OK	R B R D' R D B2 D2 R' D' R
23165472311111	3102944	OK	R B D' R D2 R' D B R2 D2 B2
32765412323222	3168603	OK	R B D2 B2 D' B' R2 D R D2 B'
27416532133232	3090799	OK	R B D2 R' D B' R2 B' R2 D' R2
16723451322311	3121299	OK	R B D' R2 B2 D' B R' D' R D2
74561233131233	3170726	OK	R B D' R2 B D B2 D R2 D2 B
37561241311112	3275446	OK	R B2 D' R B' D' R D2 R B D'
34651271123111	3253216	OK	R B2 D' R B D R2 D R' B' D'
37614522323312	3155583	OK	R B2 R B' D R' B' D R2 D' R
74365211121221	3254000	OK	R B2 R' B D' R2 B2 R B' D R2
36527412231122	2997494	OK	R B R2 D' R2 D R D2 B' R2 D'
71432563323122	3169642	OK	R B2 D R B2 D2 R B' D B2 D'
12543672321332	3234435	OK	R B2 R' B R' D B2 R' D' B R'
76145233133213	3159420	OK	R B D2 B' D' B2 D' R D B2 R2
13276543323122	3279658	OK	R B' R B' R B2 D' B' D B2 D'
14325672231323	3147126	OK	R B D' R D' B2 D' B R D B2
25436713332122	3180263	OK	R B2 R' D B' D2 R2 B' D' B2 R'
35462172223331	3154130	OK	R B D R B2 D' R B' D' R2 D2
36745212122333	2951527	OK	R B R D' R2 B D' B2 D B2 D2
76341252232313	3126168	OK	R B D B' R B2 R' B2 D B' D
76324151112233	3051591	OK	R B D B' D2 R B2 R' D R' D'
14527631131211	3137976	OK	R B D2 R' D' B R' D2 B R B
14723651112131	3169724	OK	R B D2 B' D B R2 D' B' D R'
56347211222132	3164393	OK	R B2 R B' D R' B' D R' B R2
57321642311132	2948986	OK	R B R' B D B D2 R2 D B2 R2
12367541331131	2981528	OK	R B R2 D2 B' D R' D B D' B'
52163473111211	3111145	OK	R B D B2 R' B D' R' B2 D B
14325673123232	3254610	OK	R B2 R' D R' B2 D2 B R' D B2
57642311113322	3098950	OK	R B D' R D2 R2 D B D2 B R'
54721633231322	3117801	OK	R B D B' R2 D2 R B D2 B D2
31276452133322	3089176	OK	R B R2 B' R D2 B2 R D' B D2
16725431211122	3071282	OK	R B R' D2 B2 D' B' D2 B R2 D'
72143651121113	3092940	OK	R B R' D' R2 D' B2 D R' B' R'
14267351321321	3156427	OK	R B D2 R2 B2 R' D B' D' R B
21367451311331	3041926	OK	R B D R2 B D2 B R' D B2 R2
42367153211123	2935528	OK	R B R2 B' D B' R2 D R2 D' R2
32167451312222	3031668	OK	R B R' D2 R' B2 R D2 R D B2
74523611121113	3085299	OK	R B R' D' R2 D' B2 D R' B' R
41325762313223	3146435	OK	R B D2 B2 R2 D' R' B R' B D2
21354761113322	3188008	OK	R B2 R D2 B2 R' D R' B2 D2 R2
35472163222313	3070219	OK	R B D2 R' B D R2 D R' B' D
57321641311112	3248580	OK	R B2 D' R B' D' R D2 R B D
32547612111311	3091981	OK	R B R' D' B R2 B' R B D B2
62475131322323	3052952	OK	R B R' D B2 R' B2 R' D B' D'
74365213111211	3141774	OK	R B D2 B2 R B R' B D2 B R2
12763452322232	3110874	OK	R B D R' D2 R D' B D' R2 B
47256133321232	2956945	OK	R B R B' R B2 R' D R2 B' D'
72563411111213	3070077	OK	R B R' D2 R' B2 D R' B' D R'
41736522332231	3077833	OK	R B D2 R2 B' R D' B D R' D'
74156322122123	3059088	OK	R B R' B R B2 R D' R2 B R2
24157361313212	3216070	OK	R B2 D B R2 B R2 D2 B D' R2
16243571231231	3306203	OK	R B' R B R' B D' R2 B R B2
15642373212311	3090278	OK	R B R' B D2 R' D' R D' B2 D2
76245311121131	3117285	OK	R B D' B D2 B' R D R2 B2 D2
36125471312111	3147948	OK	R B D2 B2 D' B R2 D' B' D2 R
74156323133123	3174211	OK	R B D2 R2 B D' R D B' R2 B'
12537461332112	3156339	OK	R B D2 R D' R D2 R2 B' R' D
16345271133131	3154529	OK	R B2 R B D' R D2 R' D2 B R2
17425631313113	3064472	OK	R B D R2 D R2 D' B2 R D R2
32175461333111	3071601	OK	R B D R' B2 R D' B2 R B' R
35461272222323	2974040	OK	R B R2 B R B' R2 D B D R'
13267451311133	2980311	OK	R B R D2 R D' B' D' R2 B R
73615421113322	3099876	OK	R B D2 R2 B2 R' D' B' R D2 B'
12354762311123	3169742	OK	R B D B D2 R' D B' R' B2 R2
36714252232223	2966863	OK	R B R B2 D B2 D R' B R2 D2
14752633223123	3215257	OK	R B2 D2 R2 B' R B' R D2 B' D
14625732213323	2988518	OK	R B R2 B D R' D2 R' D2 R' B2
32741651211131	3108654	OK	R B R' D' B D2 R' D2 R' B R'
36745212223232	3146674	OK	R B D2 R' D' R D' R2 B D R'
21654373332122	3240209	OK	R B2 D2 R2 B R' B R2 D' R B'
65274133312223	2963918	OK	R B R D' R2 B R D' R D2 R
76521433232333	3078159	OK	R B R' B2 D' B R' D' R2 B D
43615271333312	3108639	OK	R B R' D R2 D R2 B' D B' R'
72143563222331	3165228	OK	R B D' R' D R D' B R2 B' D
12473561132123	3295186	OK	R B' R D R' D2 R' D' B' D B'
62173543232132	3214060	OK	R B2 D R B2 R B2 D2 R B' D2
75234161322233	3027266	OK	R B D R' B2 D B2 D' B R' D'
14723651111213	3117487	OK	R B D B' R2 B D' B D' B2 R'
12543673221323	3168575	OK	R B2 R D2 R2 B' D R D' R2 D
54312671131331	2995522	OK	R B R' B D2 B' D R' B R B2
36721452223232	3151512	OK	R B D2 R' D' R D' R2 B D R
12745632222221	3150498	OK	R B D2 B' R' B2 R' B D R2 B2
72356141232113	3050159	OK	R B R' B' D R2 D R D2 R2 B'
24715631122133	2988331	OK	R B R D2 B2 D' R' B' R B2 R2
31265471122112	3085122	OK	R B D2 R D' B R2 B2 D' R D2
32164573323212	3154865	OK	R B2 R B' D B2 D2 R B R2 B'
13546271213213	3089064	OK	R B D2 R2 B' D R' B D B' D'
32165743311131	2962620	OK	R B R B2 D2 R2 B R' B2 R B'
53726143333121	3085671	OK	R B R' D2 R B R2 B R' D' R
14736253222223	3065754	OK	R B R' D' B D' B D2 R' D' B2
15267431223113	3081243	OK	R B R2 D R' B R2 B2 D' R' D
61234573232213	2963665	OK	R B R D2 B D2 B R' B R2 D2
62435711222222	3100840	OK	R B R' D R' B R2 B2 R D R
36527412221312	3154672	OK	R B D2 B' R' B2 D R' D' B2 R2
74561233321133	2961804	OK	R B R2 B D2 B' D2 B' R D R2
74563211232332	3098329	OK	R B D2 R B2 D' B' D' B2 D' B'
47352612311132	3078691	OK	R B D R' D' R D2 R D2 B' D2
62135473232231	3173503	OK	R B2 R D2 B2 R' B D' R2 B2 D2
16725431131211	3133739	OK	R B D2 R' D' B R' D2 B R B'
56741231121311	3026366	OK	R B R2 B' D B D2 R' B' D R
52641733212311	3017175	OK	R B R' B' D' R2 B2 D' B D' B
76324153323122	3179423	OK	R B2 R' B' D' R' D2 B R2 B' D2
16725433113311	3073582	OK	R B D R B2 D R2 D B' D2 R2
14723653313111	3026954	OK	R B R2 D2 B' R2 B R' D' R B2
56712341232113	3070194	OK	R B R' B' D R2 D R' B R2 B2
31564272213311	3064741	OK	R B D R' D R2 D' B R' D R2
72513641232323	2966526	OK	R B R2 B' D2 R2 B R' B' R2 B'
34165272323333	3019490	OK	R B R2 D2 R D2 R' B D B2 R'
53147262123131	2951404	OK	R B R2 D' R2 D' B D R' B2 D2
14725361111123	3030689	OK	R B D R2 D2 R D B' D R' D'
52163473111331	3169931	OK	R B2 R B R2 B' D2 B D' B' R2
72165432323312	3139717	OK	R B D2 B' R B' R2 D2 B' R' B2
54763212322232	3057332	OK	R B R' B2 R' D2 B D' B' D B'
14763521113223	2982168	OK	R B R2 D' R' B' D R' B D' B2
63174522332132	3067310	OK	R B R2 D' R2 D B2 R' D R B'
32465173132121	3212835	OK	R B2 R2 D2 B R' B' D R' B R2
14263751131121	3307233	OK	R B' R D B2 R' D B' D B' R2
12546371221331	3278644	OK	R B2 D2 R B2 R D' R' D' B2 D2
67345212111122	2994900	OK	R B R D' R D' B D2 B' D2 R
65132473323311	3028200	OK	R B R2 D B2 D B' R D2 R B
42137653122131	3195469	OK	R B2 R' D2 R' B R' D2 B2 D' R
15243671331221	3242002	OK	R B2 R' D B2 R' B D R B' D2
61257343232123	3073790	OK	R B D' B2 D B' R B' R2 B2 D2
12456733223321	3296262	OK	R B' R D' R' D R D2 B' D' B
65123471112311	3007439	OK	R B R' D' R' D2 B2 R' B R' B
73654122221111	2978435	OK	R B R2 B R' B R' D' B2 R B'
56723412323222	3092659	OK	R B D R2 B' R B' R' B2 D R
75346213332122	3145007	OK	R B2 R2 B' D R' D2 B R' B' R2
21654373332221	3216148	OK	R B2 R' D' R2 B D' B2 D R' B2
56423173132121	3236899	OK	R B2 R' B' R2 D R' D2 R D' B2
37645122312221	3063015	OK	R B R D2 R2 D R' B R' D R
34127651213111	3076501	OK	R B R' B' D2 B' R2 B R' D' R'
15426371112233	3041098	OK	R B D2 R' D2 B D' B' R D' R2
52761433121111	3063311	OK	R B R' B' R B2 D' B2 D' B R'
23576412233321	3045422	OK	R B D B' R' B D2 B D2 R' B2
76543212222221	3270492	OK	R B2 R2 D2 R D' R2 B R B2 D2
32754163211123	3002543	OK	R B R2 D B' R2 B' R' B R2 D'
15724632313223	3103669	OK	R B D' R' B2 D' B' R D2 B' D'
32714652332132	3022584	OK	R B R D2 R' D R2 B' R2 B D'
45376213333322	3153039	OK	R B D R' B2 R' D R D B2 D2
14625733133111	3071432	OK	R B D B' R D2 R' B2 D B' R
74163253133213	3271911	OK	R B2 R2 D2 R B' D2 R B R2 D2
72165431113331	3047782	OK	R B R' B D' R2 B2 D R B R'
13627451332112	3082584	OK	R B R' B' D' B D2 B' D R' B'
72136541322233	3057957	OK	R B D2 R' D2 B D' R' B D' R2
52341673133111	3119105	OK	R B D2 B' D R2 B' R2 B R B2
67345211113322	3121879	OK	R B D' B' D R2 D B' D R2 D'
12567433232333	3067635	OK	R B R' B' R D2 R' B D R B2
34526713232312	2986438	OK	R B R2 D' R' B' R B2 R B D
14765233323332	3114370	OK	R B D2 B' D B' R2 D2 B' D' B2
21354763312211	3111814	OK	R B D' R B' D' R2 B' R2 B' D'
27615433313213	3046227	OK	R B R B2 R2 B D' R B' R B
25436712123122	3099609	OK	R B D2 B R B2 D B2 D B2 D
21354761112311	3073569	OK	R B D B' D2 R2 D B' R B2 R2
25436712323231	2990089	OK	R B R' D R2 D' R B R2 D2 B2
14765232211211	3021371	OK	R B R2 D' B R' D2 B D R2 D2
26371453112111	3186473	OK	R B2 R' B' D' R D2 B D' R B'
43176252123131	3051151	OK	R B R' B2 D R B R2 D' R D2
34562171321111	3096071	OK	R B2 R B R' B2 D2 R D2 R' D'
24157362323111	3219582	OK	R B2 D B R2 D2 B' R2 B D' B2
46375212132221	3106986	OK	R B D' B R2 D' R' B D' B2 R'
31247651113232	2987127	OK	R B R2 D2 B D2 B R' D' B2 D'
63574212123131	3043925	OK	R B R2 D2 R B' D' R2 D' R D'
14735621221112	3055528	OK	R B R' D' B R' B' D B' D R'
24651731333333	3052249	OK	R B R2 B D' B' D B' R2 D B'
65417321232113	3000464	OK	R B D R2 B2 D R D2 B2 R' B'
21367452112112	2981815	OK	R B R2 D' R B' R2 B' R2 D' R2
76145232123332	3007115	OK	R B R2 B R2 B' D2 B R' D' B2
32561472133313	3097388	OK	R B R' D2 B2 R' B D R B2 D2
74365212222323	3046511	OK	R B R' D R' B2 R' D B D R2
12745633323311	3155650	OK	R B2 R D B2 D2 R B' D R2 D'
12456731233223	3266629	OK	R B' R B' D R2 D2 B2 D' B D
32547611213111	3066838	OK	R B R' B' D2 B' R2 B R' D' R
65417323232123	3076099	OK	R B D' B2 D B' R B D2 R2 B2
13764252323231	3051590	OK	R B D2 B D' R B' R B2 D' B
17463251313113	3029762	OK	R B R' B' D' R' B2 D R' B2 R
46375212113111	3082037	OK	R B D2 B R' D' R D' B' D2 B
72345611331332	3303502	OK	R B2 D' B' D B' R D2 B' R B'
14725363223213	3084988	OK	R B D' R B2 D' R' B R' D2 B'
56347211213111	3086263	OK	R B D R' B D R' D R2 D2 R
32547613111211	2999961	OK	R B R D' B2 D R2 D R B' R'
72563411111312	3043133	OK	R B R' B2 R' B D B2 R' B R
14736251112332	2946090	OK	R B R D2 B2 R B' D' B D2 R2
63752412322112	3144031	OK	R B D B' D2 B' R D R D2 R2
67321451111123	2983302	OK	R B R' B R' D' B2 R2 D' B R
14325672323222	3124692	OK	R B D2 B2 R D B' R D2 R B2
36527411131133	3031459	OK	R B R2 D2 B' D2 B D' B' R D2
46273513221212	3087286	OK	R B R' D2 R' D' R' B D2 R' B
14752631323223	3157599	OK	R B2 R2 B' R D B' D2 R2 B' R
47163522131222	3075700	OK	R B R' B2 R' B' D' R D2 B' R
51423671221331	3115480	OK	R B D2 B2 R D' B2 R B R2 D2
71326451211311	3218555	OK	R B2 R' D' B' R D2 B R' D B'
23165471312132	3064780	OK	R B D R' D2 B R D' B R2 B
75346211133122	3131548	OK	R B2 R B2 D2 R' D B' D2 R2 B2
67234513332122	3056633	OK	R B R2 B2 D R' D B' D B D2
65723143321313	3046692	OK	R B R2 B R' B' D B' D2 R B'
76321543211111	2932106	OK	R B R D' B2 R2 B D' B' R2 B2
67345211111123	2981107	OK	R B R' B R' D' B2 R2 D' B R'
25134672233321	3067135	OK	R B D' R2 B R D R2 B' D B2
32561472213122	2964615	OK	R B R2 B' D R2 B' D' R B2 R2
14765232331313	3255150	OK	R B2 R2 D2 R B' R2 D B R2 D2
35162473323131	3043324	OK	R B R' D B2 R' B' R D' R2 B'
43216573132223	3008935	OK	R B R' B' R B' D B2 R' D' B2
63745123122212	3047696	OK	R B R2 D' B R2 B' D' R2 B2 D
35162472122231	3051182	OK	R B R' D2 R' B D2 B2 D' B2 R
14753261333111	3004270	OK	R B R2 D' R' D' R' B R' D2 R
23417563232123	3070537	OK	R B D' B2 D B' R B' D2 R2 B2
16743252323222	2997588	OK	R B R2 B D R' D B D R2 B'
15642372331322	2991574	OK	R B R D2 B' R2 D R B2 R D'
52147631311121	3033149	OK	R B R2 B' D B2 D R2 D2 B' D'
34127653111211	3003417	OK	R B R D' B2 D R2 D R B' R
14765232232322	3050558	OK	R B R' D R' B2 D2 R D R D'
34165273311131	2981685	OK	R B R D2 B' D' R B' D R2 B
32765411121113	2999993	OK	R B R2 B' R D R2 D2 B D' R2
74365213121333	3027736	OK	R B R2 B' D' B2 D' B R B2 D2
36147251311121	3035266	OK	R B R2 B' D B2 D R2 D2 B' D
46572312132122	3038028	OK	R B R2 B' D B2 R2 D R' D R2
76354123211132	3120910	OK	R B R' D R2 B' D' B R' D2 R2
14753261221112	2985479	OK	R B R2 D R' D R2 D2 B' R' B2
57236141113232	3120058	OK	R B D' B2 D' R2 D B' R' D' R
14726531233313	3082611	OK	R B D2 R' B D2 R D' B' D' B
32417652132131	3134424	OK	R B2 R' D B2 D B2 D2 R' D B'
36745213232213	2993266	OK	R B R D' R D2 R' B2 D R' D
12543672322232	3079200	OK	R B D R' D2 R D' B D' R2 B'
32165741233223	3138899	OK	R B2 R B2 D2 R' B D' B2 R2 D2
45312672233321	3127883	OK	R B D2 R2 B D' R B' D2 B R'
76351421113322	2931818	OK	R B R2 B' R2 D2 B D' B' D2 B'
34127651121113	3020419	OK	R B R2 B' R D' B R2 D2 B2 D
16374523211123	3023020	OK	R B R' B' R2 D' R' D R2 B' R2
63125743131233	3068693	OK	R B R' B D' R B2 R2 B R B
34725612231332	3104030	OK	R B D2 B' R D2 B' D' B D2 B2
75641323232111	3153658	OK	R B2 R' D2 R' B R2 D B2 D R2
46157233333232	2932961	OK	R B R D' B D' B2 R' D B2 R'
14736521322233	3089818	OK	R B R' D2 B D' R' B' R2 B2 D
35462172312131	3116941	OK	R B R' B2 D' B R D R2 D2 R
21734652123131	2978734	OK	R B R D R D2 R D' B R2 D2
72143652111311	2995561	OK	R B R D2 B' R D' B' D2 R B'
12543672121121	3074589	OK	R B D2 R2 D B2 D' B R B2 D'
72563412131111	3009986	OK	R B R2 B' R D2 R B2 R2 D' B'
36521472331121	3017654	OK	R B D R2 B' D' R2 D' B R B2
36721451131331	3158823	OK	R B D' B D' B2 R2 D B D R'
73246153312211	3021053	OK	R B D R2 D2 B2 D' R' D B' R
74523611312111	3009511	OK	R B R2 B2 R D' B D2 B2 D R'
14325672112121	3096397	OK	R B D2 B D2 B' D2 B R' B' R2
72143651213111	3033575	OK	R B R2 B' D B' D R2 B2 D2 B
56321473233323	3053792	OK	R B R' D2 R' D R B2 D' B D
76245312132131	3128019	OK	R B2 R2 B' R2 B R D' B2 R D'
45637123132121	3267256	OK	R B2 D' R' D' B2 R B' R2 B' D2
41725632322331	3184779	OK	R B2 R' B D2 B' R D2 B' R' B2
45612373112231	3161085	OK	R B2 R2 B' D B D' R2 B2 D' R
25763411332322	3079815	OK	R B D' R D2 R' B D' B D R2
14527631133311	2951011	OK	R B R B D2 R2 B2 R B2 R' B
34127652111311	3047983	OK	R B R2 D2 R' D2 R' B D2 B' D'
26415731322323	2950436	OK	R B R B' D2 R B D2 B' D' B'
72541632131111	2992350	OK	R B R D' R2 D R' B D' B2 R
12745633313312	3133023	OK	R B2 R B R2 B2 D B' D B2 D'
34761252323222	2979983	OK	R B R B' D2 B R2 B D R' B
13257641112233	3011973	OK	R B R2 D2 B2 D' R' D' R B2 D'
35162473332131	3055173	OK	R B D2 R' D' R D R2 B2 D2 R'
26741351232113	2881229	OK	R B R B2 D2 R B D2 R2 B' R'
35271461322233	3019050	OK	R B R2 D2 B2 D' B' R' B R2 D'
16327453232333	3032668	OK	R B R2 D2 R' B2 R' B D2 B' R'
16725432232223	2955825	OK	R B R B' R D2 R' D2 B R' D
42651372213311	2999196	OK	R B R2 B2 D2 R' D' R D' B D2
74523613111211	2997798	OK	R B R D' B2 D B' R' B D' B2
74125631313311	3000065	OK	R B R2 B D2 R2 B R' B' R B2
47156233223312	3139424	OK	R B D' B D' R' B D2 R' B' D'
32765412221312	3190235	OK	R B D' B' R B' D' B R2 D' R2
72143653111211	3005979	OK	R B R2 B R D' R B D B2 R'
74125632131111	2978852	OK	R B R D' R2 D R' B D' B2 R'
35416721113112	3128113	OK	R B2 R D B' R2 D2 B R2 B' D'
74156323132331	3092285	OK	R B R' D2 B' D B R D2 R2 D
32167451333111	3086693	OK	R B D B2 R' B2 R B2 R2 D' B
52743612131111	3013875	OK	R B R2 B' R D2 R B2 R2 D' B
34165271311121	3054872	OK	R B R' D R D B' R2 B R' D2
65132473313312	2965098	OK	R B R B2 R B' D B2 D R2 B
26415732121223	3046226	OK	R B R2 D' B D2 B' D' R2 B2 D
41765322221312	3052759	OK	R B R' B R2 D' B2 D' B D' R'
32175461221112	2991455	OK	R B R2 D R' D R2 D2 B' R D2
36527412111113	3031597	OK	R B R2 D' R' D R' D2 B D B'
76354213312223	2953948	OK	R B R B' R2 D B D' R B2 R
54321761211221	2923111	OK	R B R B' D B' D2 R' D R2 B'
14752633213223	3157579	OK	R B2 R2 D2 B R' D' R D' B D2
51264731113322	3019773	OK	R B R' D' R D2 R B D2 B2 R'
14765231133131	3050659	OK	R B D B D2 R2 B2 R B2 R' D
63752141123213	3016368	OK	R B R' B2 R' D B2 D2 B' D2 R
17425631323223	3074235	OK	R B D2 R' D R' D B D2 R D'
16573241312312	3020004	OK	R B D R2 D R' B' D' R2 B R
47352612123131	2965822	OK	R B R D' R' D R2 D R2 B' D2
76345123211111	2941451	OK	R B R D' B2 R2 B D' B R2 B2
21365742221312	2993596	OK	R B R D' B2 R B R2 B' D' B'
54716322313223	3048552	OK	R B D B2 D2 R2 D' B' R B' R
65132741223323	2997479	OK	R B R' D' R B' D B2 R2 D' B'
72165433111112	3012486	OK	R B R2 B' D B D R' D R' D2
45612373332221	3148954	OK	R B2 R2 D2 B D' R' D R' B D2
25736413123112	3123671	OK	R B D B2 D R2 D R' B' D B2
32465173123121	3104189	OK	R B2 R D' R2 D' B2 R B2 R' D
15643271221331	3208551	OK	R B2 D2 R B2 R D' R' D' B2 D'
73516243323113	2993737	OK	R B R B2 R2 D' B D' R2 B2 D'
14725363211213	3005842	OK	R B R2 D' R' D R D2 B2 R2 D'
16725431121311	3001630	OK	R B R2 B' D B D2 R' B' D R'
16523473332323	2991778	OK	R B R2 B' R D B2 R' D' B D
46375212332222	3006556	OK	R B R2 D' R' B R D2 B2 R2 D'
12643571321321	3082201	OK	R B D2 R2 B' D B R' B D2 R
34562171321231	2929989	OK	R B R B' D2 R D2 R' B R' B'
54261373123121	2996716	OK	R B R D R2 B' R2 B R2 D' B'
14723651113121	3018975	OK	R B R2 D' R' B R' D2 B R D'
34127651131112	2973916	OK	R B R B' R D' R2 B2 D R' B
65742311212313	3139181	OK	R B2 R' B2 R' B R2 D B2 D B2
35162473122221	3015052	OK	R B D B2 R2 B' D' B' D R2 D2
73542613132322	2929618	OK	R B R B2 R' D B2 R' B2 R B2
34651272332132	3099499	OK	R B2 R' D R2 D B2 D2 R' D R'
32547611131112	3010292	OK	R B R2 B2 R D' R B2 R2 B R'
35461271321231	2961829	OK	R B R2 D2 B R2 B R' D' R2 D'
35426712311312	3070990	OK	R B R2 B D2 B D' R' B R2 B
56423171321321	3186770	OK	R B2 D R2 D' B D' B R' D' R'
36541272323222	2969614	OK	R B R B' D2 B R2 B D R' B'
72563413121111	2995794	OK	R B R D' B2 R B' D R' B D2
76342513323122	3122779	OK	R B2 R' B' D' R D2 B' D2 B D2
13246571112233	3053659	OK	R B R' B2 D B' D' R' B2 R2 D
43216573212311	2995639	OK	R B R' D B2 D' R B' D' R D2
64275311222222	3007499	OK	R B R D2 B2 R' B D' B' R2 D2
56327411211332	2986170	OK	R B R' B' D B R2 D2 B2 R D
41325763131233	2971338	OK	R B R B2 D2 R' B D' R' B2 D2
61453721311112	3032116	OK	R B D2 B' D B' D2 R D2 R' B2
56741231311121	2982276	OK	R B R B' R2 B D' R D' B2 R
16345272333212	2993140	OK	R B R2 D' B D' R2 B D B2 D2
34725612111113	3029006	OK	R B R2 D' R' D R' D2 B D B
32156471113211	2946290	OK	R B R' B D2 B' R B R2 D2 B2
37652141113232	2936537	OK	R B R D' B2 R D2 R' D R' B'
54167231131112	2978317	OK	R B R D2 B2 D B D' R2 B2 D'
52147631211131	2988756	OK	R B R B' D2 R B' R B' D B2
16243571321321	3181249	OK	R B2 D R2 D' B D' B R' D' R
71326453132121	3173619	OK	R B2 R' B2 R' B R' B2 D2 B' D
72361453232333	2971254	OK	R B R B2 D' R D' B' R2 D B'
74213652323132	2920121	OK	R B R' D B R' D B' D2 B2 R
14723653232222	3039135	OK	R B D R2 B' D' R D' R D2 B
45612373332122	3113586	OK	R B2 R2 D2 R' B D B2 D2 R2 D'
72546311323112	3142237	OK	R B2 R D R2 D2 R' B R2 D' R'
76315241322122	3027038	OK	R B D2 R' B2 R D B2 D' R2 D
36527413311311	2955190	OK	R B R B D2 R B2 R B' D2 R2
75264132223331	3021161	OK	R B R B D2 R' B R' B' R2 B2
56723413331111	2965104	OK	R B R B' R2 D2 R B R2 B R2
14765231113121	3007023	OK	R B R2 D' R' B R' D2 B R D
74365212111311	2982364	OK	R B R2 B2 D B D' B R2 B R2
72143651312111	2974702	OK	R B R B2 D2 B D B' R2 D2 B
47512632312323	2948875	OK	R B R2 D2 R D' R' D2 R' D B'
67412353332221	3080127	OK	R B D' B2 R2 B D2 B R2 D R
73645213112231	3065154	OK	R B D2 R' D R D2 B R B' D'
14726533323122	3049402	OK	R B2 R B' R B2 R2 D B D2 B'
72145633232231	2998298	OK	R B R' D' R D2 R B' D' B D
76145233232333	3005534	OK	R B R2 B2 D R D' B D2 B D2
13254761323322	3081159	OK	R B2 R B R2 B2 R' D R2 B' D'
14735621333111	2930288	OK	R B R B2 R D2 R' D2 B D R2
72356143211123	2956680	OK	R B R D2 R2 B2 R' B' D B' D
12543671331113	3022807	OK	R B D R2 B' R2 B D2 B2 R' D
17423653213232	3195848	OK	R B2 R' B R2 D' B R D R' D2
56723413221212	3112956	OK	R B D2 R2 D B R2 B R B2 R'
32745611223332	2970335	OK	R B R2 D B2 R' D' R' B2 R' D'
41752632312323	3053588	OK	R B R2 D2 B D' B D' R2 D R'
14563272323222	2954982	OK	R B R B' D2 B D' R' B D' R2
12543673231223	3047055	OK	R B D B2 R' D' B R' B D2 R
76245313123121	3083592	OK	R B2 R D2 R2 B R D R' D2 R'
72145631233223	2985158	OK	R B R' B' D R2 D R' D' B D
74512362313223	2894319	OK	R B R B' D2 B' R' B D2 R' D2
56324171221331	3006563	OK	R B R' B R2 D' B D' R2 B2 D
36125471213111	2985838	OK	R B R2 B2 R' D R2 B' D' B2 R
76325411112131	2988569	OK	R B R2 B' R D B D' B R' B2
52163471213111	3003186	OK	R B R2 B' D B' D R2 B2 D2 B'
76245311213312	3085572	OK	R B D' R' D R2 D B' R B2 R'
16453272111131	2997228	OK	R B D' R B R' D R' D2 R2 B
35246171113322	2941345	OK	R B R' B D2 B2 D B R2 B D'
17426531331332	3095096	OK	R B D2 R' B' R' B2 D B' D2 B
12543673111331	3041132	OK	R B D R' D R2 D' B2 R B' R
12564733323122	2989273	OK	R B R B D' B2 R2 B' D2 R' B
16542371331221	3151884	OK	R B2 R' D B2 R' B D R B' D'
56327413213112	2974902	OK	R B R' B2 D2 R' B R' B' R D2
23576412312323	2889335	OK	R B R B' R' D B2 D B2 R' B2
57236141322233	2957323	OK	R B R' B2 R' B2 R D' R' D' R
74365211213111	2990219	OK	R B R2 B' D B R2 B2 D B' R2
14752632332132	3085619	OK	R B2 R2 B' D2 B R D' R2 B D'
36745212131111	3032031	OK	R B R' B D B D' R2 D R' B2
61453723111121	2974586	OK	R B D B2 R2 D B R2 D2 B' D'
52163472111311	2969186	OK	R B R D2 B' R D' B' D2 R B
76345122213311	2966918	OK	R B R' B R' D' B2 R' D2 R' D'
45612372331121	3136672	OK	R B2 R' B R2 B' D R2 B' R' B2
54326171321231	3037086	OK	R B D' R2 D' R2 D R' B' D' R
54721633333331	3010709	OK	R B R2 D2 R B R2 B D R2 D'
32156742333131	3036281	OK	R B R B2 R B R' D B2 R D2
36125472111311	2988482	OK	R B R2 B2 R' D' B2 R B D2 R'
76245313122122	3013711	OK	R B D B' R2 D R B' D B2 D
76145232331313	2991665	OK	R B R2 B' R' D2 R' B D B2 R2
41752631222123	3036840	OK	R B R B2 R B2 R D' B' R D2
36745212121223	2991626	OK	R B R2 B' R' D2 B R' D' R2 B2
65314272311132	2934743	OK	R B R B' R2 B' D' R B2 R2 D'
54167231333213	2973246	OK	R B R' B D R B2 D' R D2 R'
52673413232123	2887283	OK	R B R2 D' R2 D' R D R' D2 B2
15724631211311	3010229	OK	R B D B' D R' B D2 B2 D B'
71432563332113	2971845	OK	R B R2 D' B R2 D B' D' B' R
46513272332111	2963983	OK	R B R2 D2 B' R B' R B R' D'
75642132213311	2945612	OK	R B R' B R' D' B2 R' D2 R' D2
14325673232333	2964308	OK	R B R2 B2 R' D' R2 B R B2 D'
17362451231321	2984760	OK	R B D R' D2 B D' R' D B' R2
17425631332112	3033678	OK	R B D' R' B R' B' R B' D R'
54167231121113	3008588	OK	R B R2 B' R D' B R2 D2 B2 D'
72165433321223	2999987	OK	R B R' D2 B2 R B' R' B D' B
31624751112233	2967548	OK	R B R2 D' R2 B D' B' D B' R2
12734561322233	2934131	OK	R B R2 D' R2 B D' R' D B' R2
32156742311123	3054034	OK	R B R D B2 R' B R' D' B2 D2
12347653132223	2947547	OK	R B R D' B2 D R' D' R2 D2 B2
76145231121113	2996741	OK	R B R2 B2 R' D B2 R' D' B2 R
56723411131112	2989619	OK	R B R D' R2 D' R' D B D2 R'
32561473323212	2971006	OK	R B R2 B' D B' D2 R2 B' R' B2
74163253133231	3170673	OK	R B2 R' B D' R2 B2 R' D' B2 D'
73542613132121	3047540	OK	R B D R' B2 D2 B R' B' D2 B2
23165472111332	2951991	OK	R B R2 B R B2 D B2 D R2 D
74125632321332	2988495	OK	R B R2 D2 R B2 R' D B R2 D'
25134672312323	2960320	OK	R B R' D2 B R D B2 R' D B2
65274131311313	2922811	OK	R B R D' R B2 R' D2 B R' B
31265471313113	2921688	OK	R B R B' D2 B D' B2 R D' R
54167232333113	2976392	OK	R B R' B R2 B' R2 D B R D'
75314623113122	3116699	OK	R B2 R' D2 R' D B2 R B2 R D2
46513273113221	2926281	OK	R B R D' B2 D' R B2 D B' R
54721632212231	2999002	OK	R B R' D R B R2 D' B D2 B'
52341673232333	2933868	OK	R B R B2 D' R D' B' R2 D B
32164571232323	2936727	OK	R B R2 D' B R' B R B D' R2
16453271211113	2972215	OK	R B D2 B R B2 D' R2 B R B2
32165742331112	2966154	OK	R B R2 B R' D R' B' R' B R2
56723413222112	3133673	OK	R B2 R D' B R' B' D B' D R2
63752411223212	3005082	OK	R B R D' B2 D' B D R D2 R2
14752363222121	3007306	OK	R B R2 B R2 B D' B' D R2 D
74125632122111	2993196	OK	R B R' B2 D2 B' R' D2 R D2 B'
47156322313232	2927392	OK	R B R2 B R' D' B R' B' R2 B
52163471312111	2947548	OK	R B R B2 D2 B D B' R2 D2 B'
16725433122212	2980920	OK	R B R2 B' D' B2 R B' D' B2 R2
54126371331221	3023793	OK	R B R' B' D R D' R D2 R' D
64531273312211	2900831	OK	R B R B' R D2 R' D R' D R2
64531272132131	2990843	OK	R B D R2 D' R D2 B' R2 B D2
72643513212332	3124611	OK	R B2 R' B' D' R D2 R D2 R' D2
76543211223221	3184844	OK	R B2 R' D R' B2 D2 B' D' B2 D'
74365211312111	2936140	OK	R B R B2 D2 B D B' D2 B' R2
71432563323113	2988671	OK	R B D2 R' B R2 D R' D' B' D
12347652111221	2952497	OK	R B R2 B' R D' B2 R2 D' B' R2
34261573123121	3027837	OK	R B D' R' B D' R B2 D' R' B2
74365212333332	2955042	OK	R B R2 B D2 B' D2 B D' R' B2
32175461113112	3035228	OK	R B D2 B R' B R B2 D' B R'
63752143123223	2986047	OK	R B D R2 B2 R' B' R' D R2 D2
76543211332331	3169496	OK	R B2 R' B D2 R' D' B' D R' D'
17642533312211	2890178	OK	R B R D' B2 D' R' B D2 R' D2
14725363213121	2922472	OK	R B R B2 D2 B' R' B' R D2 R2
45312671222312	3001970	OK	R B R' D2 R B' D2 R D R B2
13462572213311	2901095	OK	R B R2 D B' D2 B' D' R D2 B'
32174652332132	2976506	OK	R B D B' R B' R D2 R' D2 B'
75346213132322	2896006	OK	R B R B2 R' D' B2 R D2 R' B2
26543171123111	2858211	OK	R B R2 B' R D' R2 B R2 B' R2
43527612312323	2950439	OK	R B D R2 B' R D' R D' R2 B
16725431311121	2951091	OK	R B R B' R2 B D' R D' B2 R'
32765411131112	2978393	OK	R B R D2 B2 D B D' B2 D' R2
36127451333222	2902170	OK	R B R B D' B2 R' D B D B
51632741323232	3033391	OK	R B D' R2 B D R' D R2 D' R
65132472131231	2975039	OK	R B R B' D2 B' D B R D2 R2
62135472132131	2972801	OK	R B D R2 D' R' D2 B D2 B' D2
16427531211311	2972052	OK	R B D R2 B2 D R' B' D B2 R2
54326171112233	2924107	OK	R B R' D2 R' D2 R D' B' D' R
52713461232323	2889011	OK	R B R2 B' D2 R2 B R' B' R2 B
32156472312332	3035660	OK	R B D' R B' D' R2 B2 D' R B'
36745213131131	2933985	OK	R B R B2 D' B' R B' R B2 D
47156233322312	3017054	OK	R B R' D R' D' B R2 D' R' D'
63247511123132	3014739	OK	R B D' B D' B' D' R B2 D B'
52163473221323	2954537	OK	R B R2 B' D R2 B' R2 B D B2
52341671311313	2951235	OK	R B R2 B' R B2 D' R2 D R B2
52163472131222	3105596	OK	R B D2 R2 D R B2 R B R2 B'
47632152233321	2898193	OK	R B R D2 B' R B' D R' D2 B
56347211312111	2949865	OK	R B R B' R2 B' D' R D B2 R'
15763242323132	2928896	OK	R B D R2 B2 R' B' R2 B' D2 B
45732612233321	2896227	OK	R B R D' R2 D' R' D R2 D2 B'
45671233112132	3084489	OK	R B2 R' B2 R' D R2 B R2 B R2
45312673222112	3003772	OK	R B R' D2 B' R2 B R' B2 D B'
12365473332323	2962311	OK	R B R2 B' R D B2 R' D' B D'
75236143213232	2986060	OK	R B R' B R2 B' D R B R' B'
32745612322331	2902204	OK	R B R B2 R D B' D2 B' R' D2
61352472233321	2925995	OK	R B R' B D2 B R B R D2 B2
36721452122123	2941515	OK	R B R2 B' R B2 D' B' R D2 R2
15672341323112	3102674	OK	R B2 R B D2 B2 D' B R2 D' B'
51367241211113	3001365	OK	R B D' R2 D B2 R' B D B D'
32561473222223	2947265	OK	R B R B' D2 B R' D' B2 D2 R2
16243571132132	2930457	OK	R B R2 D' R D' B2 D' R2 B' R2
76315241113112	3034326	OK	R B D2 B D' R B R2 D' B R'
74163253131332	3023051	OK	R B R' B2 D2 R' D B D B2 R2
45612373132121	3075601	OK	R B D' B R' D' R2 B2 D' R D'
72543162311111	2871537	OK	R B R2 B D' B D' B R2 D' R
16543721113211	2847313	OK	R B R D' R2 B D' B' R D' R2
75321463132121	3120456	OK	R B2 R' B D2 B D2 B2 R' D R'
32765413122212	3050705	OK	R B R' D' B R' D' R B2 D' R2
25736411321312	2996812	OK	R B R D2 R B2 R D' R' D B2
12365473232312	3014581	OK	R B D B D2 R D2 R B' R2 D2
75346211311211	2900083	OK	R B R2 B D' R' B R' B' D2 B
32147562313223	2906365	OK	R B R D' R D2 R' B R' D B2
14765233113131	2943175	OK	R B R2 B' R D2 R' D R B2 D2
31624753312211	2903313	OK	R B R D R D2 B R' B D2 R2
75346213132121	3006645	OK	R B D R' B2 D2 B R' B D2 B2
12543672331232	2930437	OK	R B R2 B D' R B2 R D2 B D2
72345611133113	2910388	OK	R B R B2 D' R2 D R2 D2 B' D
21354762213311	2991577	OK	R B R' D2 R B R' D R' D B2
54371621113322	2855061	OK	R B R2 B' R2 D2 B D' B' D2 B
76315241332112	2964777	OK	R B D B' D2 B R' B2 D B' R
13762451321321	2973009	OK	R B R2 B2 R B2 D R2 D2 B D'
53621471331221	2966719	OK	R B R D' R2 B2 D B' R' D B2
23156471333132	2961356	OK	R B R B2 R B R D' B2 R' B2
17543261132111	2839646	OK	R B R2 B D B2 R' B2 D R B2
56723411222312	3104949	OK	R B2 R B' R D' B' D R' D R2
17452363322132	2928893	OK	R B R2 D' R' D' R B2 R B R
13645271221331	3046307	OK	R B D2 B2 R D' B2 R B D2 R2
32145673112222	2968311	OK	R B R' B2 D2 R D' R' D B' R
12347653132322	2925113	OK	R B R D B2 R2 D2 R D2 R' B
16534271111132	2831798	OK	R B R B2 D' R B' R B' R2 D
45713623223132	3013726	OK	R B D' B2 R' D R D' B R2 D2
36241573212332	2968133	OK	R B R2 B2 D B' D' B R2 D B
74361253211231	2886678	OK	R B R B' D' B D' R' D R2 D
74125633131233	3044403	OK	R B R' D2 R' B' D2 B R' D2 R2
71543622111131	2838996	OK	R B R D2 B2 D' R' B2 R' D2 R
17425631223113	2961066	OK	R B D B2 D B2 D' B2 R B R2
73645211332112	2973792	OK	R B D2 R D' R D2 R2 B' R B2
32465172133121	2960792	OK	R B R' D B' D' R2 B2 D' B R'
35462171221223	2938119	OK	R B R D B D' B' D B2 R' B
14762351331221	3050997	OK	R B2 R B' R2 D2 R' B R D2 R
27543611111132	2906429	OK	R B R' B2 D2 B R2 B D2 R B
32765413223312	3093493	OK	R B2 R D R2 D2 B D' R D2 R'
15627431332112	2971756	OK	R B D2 R D' R D2 R2 B' R' D2
64531273122131	2889715	OK	R B R B' D2 R2 D R' D' R2 D2
24367513111121	2908725	OK	R B R' D2 R B' R B' R2 D2 B2
16572433213223	2997616	OK	R B D' R2 B2 R D2 R D2 B R
14723651211212	2941109	OK	R B R2 B R' D B2 D B2 R D2
63752143212323	2877787	OK	R B R B2 R2 B D R' D B' R'
32156472332132	2944815	OK	R B D B' R B' R D2 R' D2 B
76145231311331	2991168	OK	R B R' B D' R2 D' R B R D2
17452363213232	3097821	OK	R B2 R' B R2 D' B R D R' D'
65274133232321	3032786	OK	R B D' R D' B R2 B2 R B' R'
74123563323221	2879580	OK	R B R B' D2 B' R B2 D R' B
47621533231121	3048236	OK	R B2 R B' R D R2 B' R B D2
15724633132322	2897706	OK	R B R B2 R' D B2 R' B2 R' D2
32174652312332	2915161	OK	R B R2 B2 D' R D' R2 D' B2 D'
34261572133121	2943109	OK	R B R' B' R2 D2 B' D B R' D
47156322332312	2932080	OK	R B R' B R2 D' B' D B' D2 R'
32164571111231	2964653	OK	R B D B' D2 R D2 R' B R' B
42367153111121	2913800	OK	R B R' D2 R B' R B R2 D2 B2
62543711311112	2844301	OK	R B R D2 B' R B' R D' R' B2
12376543133132	2935644	OK	R B R D' B2 D R' D' R2 D2 B'
24173652323231	2838793	OK	R B R B' R2 D R' D' R D' B2
46527133111121	2932459	OK	R B R' D2 R B' R B' D2 B2 R2
76341253233131	2909564	OK	R B R2 B R2 B' D2 B' D B R2
72345611222222	3018303	OK	R B R' B2 R' D' B2 D B' D2 B2
13276541323322	2981532	OK	R B D2 R' B D' R D B R' D2
74163253133132	3054946	OK	R B D' R2 B2 D R' D' B D' B
51264732213311	2879177	OK	R B R B2 R2 D2 R' D' R D' B
16537421332112	2903483	OK	R B R2 D' R' B' R' B R' B2 R
12365471313113	2912427	OK	R B R D2 B' R2 B D2 B2 R' B
63172452312323	2877261	OK	R B R B R D2 R B' R D2 B2
15346271321321	2972005	OK	R B R' D R D2 R2 B' R' D B2
47152361233232	2986747	OK	R B R' D B D2 B2 D' R' D2 B
73146522113231	2944437	OK	R B D B D2 B D B2 D2 R' D'
14735621223113	2914728	OK	R B R' B' R D' B' D R' D R'
76345123312211	2877089	OK	R B R B' R B' D' B2 R2 D' R
32765413322312	3070022	OK	R B2 R B D2 B2 R B' R B2 R'
12376543133231	2917690	OK	R B R D B2 R2 D2 R D2 R' B2
17436521323232	2916888	OK	R B R' B D2 R D' B' D' B2 D'
14726531333312	2897952	OK	R B R2 D' B D2 R B' D' B' D
76342511323112	2999068	OK	R B D2 R' B R' B D R B' R2
15643273223111	2858171	OK	R B R B2 R D' B' R' B2 D R
12467351231321	2956148	OK	R B D B2 R' B R' B D' R2 B
15672343213232	3046611	OK	R B2 R D' R2 B2 R' D R B2 R
36752143132232	2912744	OK	R B R B D B' D' B D2 R' B
63714522332132	2858931	OK	R B R D2 R' D R2 B' R2 B D2
36125472121223	3018689	OK	R B R' B' R D' R' B R2 D' B2
46375213333121	2880585	OK	R B R2 B D' R D' B' R' D R2
65417323223123	2967938	OK	R B D2 B' R B' D2 R B2 R' D2
17426531223221	2898229	OK	R B R B D2 R2 B2 R B2 R' B2
17463251331221	2993940	OK	R B D2 B' R' B2 D R' B R D'
36745211211221	2949383	OK	R B R2 B D' B R2 D' R B R'
15647233213232	2930633	OK	R B R B' R2 D2 B D' B' D R2
76315241223113	2865805	OK	R B R2 D R' B R2 B2 D' R B2
56347211331131	2921355	OK	R B R D' R2 B2 R D R2 D R2
12734562313223	2839654	OK	R B R B R D2 B D' B D2 R2
62154733321121	2997160	OK	R B D' R' D B2 D R2 B' R2 B
24715632313223	2897226	OK	R B R D' R B' R' D2 B2 R' B
56723412122312	3000227	OK	R B R2 D2 R D B2 D R D2 R'
62135473122131	2871011	OK	R B R B' D2 R2 D R' D R2 D2
16537421223113	2898411	OK	R B R2 D R' B R2 B2 D' R' D2
15367421223113	2938646	OK	R B D2 B D R2 B' R2 D R D2
54637211132111	2886165	OK	R B R' B2 R D2 B' D B R D'
76245311131121	2933440	OK	R B R' B D' R B2 R2 B R' D'
15627431223113	2914360	OK	R B R' D' R' D' R2 B R' D2 R
51647231113232	2899485	OK	R B R2 D2 B D2 B R' D' B2 D
45612373322111	2931961	OK	R B R' B' D R2 D R' B R2 B'
54362711111231	3015312	OK	R B D' B2 R D R' B D2 B' R
61472533112111	2874147	OK	R B R B2 D2 R B' R' D R2 B2
57364213332122	2883194	OK	R B R2 B2 D R' D B' D B D
27453161123111	2862995	OK	R B R2 D B2 D R2 D2 B' D R
23674153232321	2945970	OK	R B D R' B2 R' B' R' D R2 B'
46375211211332	2938492	OK	R B R' B' R2 D' R' D R2 B' R'
31527643332122	2845092	OK	R B R' B R B' R D' B2 D2 R
35267141223233	2972492	OK	R B D B' R' B' D R D' R D2
57214361323232	2923098	OK	R B R' D2 B D B' D R2 D' R
75243613213232	2972462	OK	R B D2 B' D' B2 R B' D R D'
14735621332112	2835358	OK	R B R D2 R D2 R' B2 D B R2
46375212132131	2831187	OK	R B R D2 B2 R2 D B' R2 B D'
16257433223123	2898578	OK	R B D B2 R2 B' D' B2 D' B2 D
14735621333222	2894851	OK	R B R2 B D2 R B D' B D' B'
32167453222313	2919337	OK	R B R D B2 R B2 R B' R2 D2
37614521323232	2949078	OK	R B D R' B2 D R2 D' R D' B
13542671231231	2929895	OK	R B R' B R D2 R2 D' R' D2 B
34165273222322	2932782	OK	R B R2 B R2 D2 B R' B' D B2
63752142332132	2830504	OK	R B R D2 R' D' R2 B D2 B' D2
54317261113112	2971834	OK	R B D2 B' R D' R' B2 D B' R
16725433333232	2933411	OK	R B R2 B R' B R2 D' B D B'
46352171211233	2964022	OK	R B D' R D R B' R2 D B D'
67435123123121	2940653	OK	R B D2 R' D2 R' D R' D2 B2 D
56173421113112	2977685	OK	R B D2 B' D R' D' B2 R D' R
52731641233112	2904553	OK	R B R' D' B D' B D2 R2 B' D
42315673112111	2924703	OK	R B R' B2 D' B D' R' D R2 D
24715633112111	2879007	OK	R B R D' B R' D R2 D2 R B'
31452672322331	2961446	OK	R B D' B' D B2 D B2 R' B2 R
23456713212332	2917126	OK	R B R2 B' R2 D B' R2 B R B'
74125633133222	3006230	OK	R B D2 B D2 B' D2 B' D R D2
75346213112132	2916607	OK	R B R' B2 R D R' B D' R D2
31265471321111	2869697	OK	R B R2 B D' B D B2 R' D R'
54231673123121	2855633	OK	R B R' D R D B2 R2 B D2 R2
72345613221221	2987031	OK	R B D2 B R2 B' R2 B' D B D2
73645211321111	2886611	OK	R B R2 B R' B D R2 B' D R'
15236473231121	2877778	OK	R B R' D2 B' D R D' R D2 B2
53421671321231	2873906	OK	R B R2 D2 B R2 B R' D' R2 D
67435121332112	2930734	OK	R B D2 R' D2 R' B D' B2 R2 B
31452671332232	2966656	OK	R B D' B D R D' R2 B R D'
73645211223113	2846385	OK	R B R D' B2 D B' D2 R D' R
42561733323122	2798475	OK	R B R D2 B2 R B R2 D2 B' R'
36217543213112	2941957	OK	R B D' R2 B' D R B' D R2 B2
32156471232332	2922610	OK	R B R' D' R D2 R B' R D2 R'
62317453112111	2934857	OK	R B D B2 D B' D' R D' R2 B
45623712332123	2951440	OK	R B D' R D' B' R' D B2 R D'
76253141123132	2939410	OK	R B D R' B2 R D' B R D2 B2
56124371111231	2865479	OK	R B R' B2 D B R' B R2 B' R
64713253112111	2926562	OK	R B D R' B2 D' R B' D' R B2
76315243211231	2880487	OK	R B R2 B R2 D B D' R B' R'
12637451332112	2805379	OK	R B R2 B R B2 D' R2 B R D2
47621532232331	2903511	OK	R B R' D R' B' R' B D2 R D'
32465172132131	2823463	OK	R B R B' R D' B R2 B' D2 R
47156322332132	2814802	OK	R B R D2 R' D R2 B' R2 B' R2
15746321323211	2885352	OK	R B D R B2 R D R2 D2 B' D'
43216573132121	2908431	OK	R B R2 B2 D' B R' D2 R' D2 R'
25137461211323	2851766	OK	R B R2 B' R D R2 D2 R B R'
13276541323112	2906151	OK	R B R2 D' B D' B R B R' B2
56423171231231	2889878	OK	R B R' B' D B' R2 D2 B' R' D
23751463112321	2857648	OK	R B R' D R D B' R2 D R B'
34261572132131	2820716	OK	R B R B' R D' B R2 B' D2 R'
45671231132231	2891665	OK	R B D R' D' R' D B D' B D2
12346571111231	2884828	OK	R B R' B2 R' B' D' R D2 B D'
52163471333123	2914652	OK	R B R' D B2 D' B2 R D R B'
71432561323232	2863723	OK	R B R D' B2 R B2 R' D B' D
32451762331121	2850847	OK	R B R' B' D B2 D R2 B' R2 B
62374511322311	2824754	OK	R B R' B2 D' B D R' D B2 R2
76253141211332	2861324	OK	R B R' B D B D' R2 B D B'
76342511111231	2831175	OK	R B R B' D2 R B2 R' D R' D
57241631322113	2818355	OK	R B R2 B2 D' B R2 B' D R2 D'
41357622313112	2902119	OK	R B D B' D2 B R' B R B2 D2
52731641323112	2892396	OK	R B R' B' R B' D B2 R2 D' B
16542371221331	2829942	OK	R B R2 B D' B R' D' R2 B R'
65123471233232	2852300	OK	R B R' B D R2 D R' D' B' D2
32156473223123	2780501	OK	R B R B' R B2 R' D2 B R' D
62147353132121	2813436	OK	R B R B2 D' R B' D B' R' D2
23751461132123	2872389	OK	R B R' D' R B2 R B2 D' R2 D
17463251221331	2824744	OK	R B R2 B D B' R2 D R B D'
75412631223332	2795891	OK	R B R D2 B R' D R2 D R' B2
45637123332122	2787764	OK	R B R2 D B2 D B2 D2 R' B R
14723652322121	2881598	OK	R B R2 D' R2 D B R2 D' R2 B'
17356241212313	2862620	OK	R B R' B' R D2 R B R' D2 R2
32647153132121	2890980	OK	R B R' D2 B2 D B2 D B2 R D
25364173223231	2783357	OK	R B R D' R' D' R B D' R B2
23456173212332	2868535	OK	R B R' B' D' R B2 D' B D2 B'
13764251211311	2789350	OK	R B R B' D2 R' B R' B' R B2
45623713322321	2810324	OK	R B R' B D' R' B' R B2 D R'
32417653132121	2805297	OK	R B R B2 D2 B' R' B2 R' B2 R
15342671211311	2813789	OK	R B R B' D2 R' B R' B' R D2
72345611221223	2834455	OK	R B R D2 B' R B2 R' D R2 D2
74125633132232	2821807	OK	R B R B2 D' R B2 R' D B2 D2
51623471321111	2816090	OK	R B R2 B' R B' D' B2 R B' R
17324561232332	2767232	OK	R B R D B2 D B R2 B2 D' B'
17362451211311	2802973	OK	R B R D2 R D' B' D R' D2 B
53467211321111	2821478	OK	R B R2 B' D R' B' D2 R D' R
75314621133221	2743561	OK	R B R B' R' D' B R D' R B2
26345711223113	2771622	OK	R B R2 D' R2 D' R D' R2 B2 R
14763523222331	2779089	OK	R B R B' R D B2 D2 R' B' D
36217541223311	2796686	OK	R B R2 B' D B R2 B2 R B D'
57241631323112	2827180	OK	R B R2 B2 D' R D2 R' B R2 B'
42137653132121	2828266	OK	R B R2 B R' B D' R D2 B' R
47653213232111	2794611	OK	R B R B D2 B R' B' R' D2 R2
42165373223123	2772315	OK	R B R2 D' R2 D' B D' R2 B2 R
76421351131121	2780565	OK	R B R B' D2 B' R' B' R D2 B'
31452671323211	2781649	OK	R B R D' B2 D B' D R B2 D2
46352172113231	2775868	OK	R B R B' D2 B D' B R B2 D2
72345612331331	2812637	OK	R B R B' R2 D R' D2 R B2 R2
62374513312112	2748314	OK	R B R B2 D R' D B2 D B' D2
15746322313112	2749775	OK	R B R B D2 B D R2 D2 B' D'
