21354672313211	1856744	OK	B2 R B' D R D2 B' R D R2 D'
54721631111111	1939690	OK	B2 R' B R' D' B R2 B R B D'
41752632313211	1857450	OK	B2 R B' R D R2 B' R B D2 B'
12745631111111	1625164	OK	B R' B R B' D2 B' R' B' R D2
14325671111111	1933198	OK	B2 R' B R D B2 D R' B' R D'
52341671111111	1634294	OK	B R' B2 R' D' B' R D2 B R' D
15642371111111	1088799	OK	R2 D R' B D B2 R' D B D2 B'
75246311111111	1094995	OK	R2 D R' D B D2 R' D R B2 R'
41625372313211	1412088	OK	R' D R' B D B2 R' D B D2 B'
47265312313211	1417863	OK	R' D R' D B D2 R' D R B2 R'
25714632313211	1599526	OK	B R2 B' D' B D2 R' B' D R' B2
45312672313211	1590956	OK	B R2 B' R' D R2 B' D' B R' D2
45176233131113	1069431	OK	R2 B D' R B' R B R2 D2 B2 R
25314673111313	1088892	OK	R2 B D' B R' B R B2 D2 R2 B
54321673313321	1051362	OK	R2 B R' D B2 D2 R' D B' R' B
56147231222132	1074876	OK	R2 B D' B R2 B2 D' R D' R' D
25314673131311	1064184	OK	R2 B R' D B' R D B2 R2 D2 B
53162743312223	1240534	OK	R' B R' B D R2 B' D R B2 R'
45176231131313	1034183	OK	R2 B R' B R' B D R2 B2 D2 R
76543211111111	1141911	OK	R2 D' R B R B2 R D' B' R B'
54321673323311	1084567	OK	R2 B D' R' D B' R2 D2 R D' B
25314673111331	1048552	OK	R2 B R2 D2 B2 R B D' R D' B
45176231133113	1048711	OK	R2 B D2 R2 B2 D R B' R B' R
51342763312223	1240511	OK	R' B R' D R B2 D' R D R2 D'
54217362233213	1082585	OK	R2 B' R2 B R' D B' R2 B' R B'
26154372332213	1110428	OK	R2 B' D2 B R' D R' B2 R' B R'
54321673313312	1044511	OK	R2 B R' B' D B' D2 R2 D R' B
45176231331113	1023773	OK	R2 B R2 D2 B2 R B R' B D' R
16345271111111	1141560	OK	R2 D' R B' R' D R2 D B D B'
24751362321113	1130742	OK	R2 D B2 R2 D' R' D R' B R2 B
52763413222112	1070640	OK	R2 B D' B' D B' R2 D2 R B' R
52763413223312	1063805	OK	R2 B D' R B2 R2 D' R D' B' R
74256313111232	1103049	OK	R2 D R2 B2 D' B' D B' R D2 R
32456711233133	1134900	OK	R2 D B2 R2 D' B' R B' R B2 R
64157321133212	1099131	OK	R2 D R2 B2 D' R' D B' R B2 R
13754262123323	1117782	OK	R2 B' D' R B' D R2 D R' D R2
52763413322312	1028775	OK	R2 B R' B R2 B2 D' R B' D' R
64325713121222	1010072	OK	R2 B D' B R' D' R D2 R B R'
65732411333123	1039702	OK	R2 B D2 R2 B2 D R D' B D' R
52763411222312	1037200	OK	R2 B R' D' R B' R2 D2 R D' R
41765322313211	1092368	OK	R2 D2 R B' R B R2 D' B D B2
23671452122333	1082731	OK	R2 B' R' B R' D B2 D R' D B2
36725413131311	842847	OK	R B' D2 B' D' B D' B R' D2 R2
52314673311311	1099079	OK	R2 D B' R' D' B D2 R' B D2 B'
34162752132212	983448	OK	R2 B D R' B D' R D' R D2 B
46257313312211	1093111	OK	R2 D R' D B R2 B R2 D2 B D
12345673132313	875077	OK	R B' D2 B' R' B D' R D' R2 D2
35721642221213	1007275	OK	R2 B D' R B' D' R D2 R D R'
12345673231313	843448	OK	R B' R2 B' R' D B' R D' R2 D2
25731642232211	973866	OK	R2 B R' B D R' B2 R' D2 R D
54217632132212	973327	OK	R2 B R' B R' D' B R2 B D R'
45176321131133	1071531	OK	R2 D R' D' B' D R2 B' R D2 R'
25341673113311	1076945	OK	R2 D R' B' D' B R2 D' B R2 B'
24615372213311	1089049	OK	R2 D R' B D R2 D B2 R2 D B
27546312231122	1006734	OK	R2 B2 R D2 R2 D B2 R' D2 R2 B
72561433311233	904002	OK	R D2 R2 D R' D R' B R' D B2
47165321322131	1024832	OK	R2 B2 D2 B' R D' R2 B' R B' R2
75243162211322	1002830	OK	R2 B2 R B2 R2 B R2 D' R2 D2 B
57214632212213	967735	OK	R2 B R' D R B' R2 B' R2 B R
25631741212121	971234	OK	R2 B R' D B' D' R B2 R B D'
24615733113323	980532	OK	R2 B D2 R2 B2 R' D B' D B2 D'
12367451312222	912966	OK	R D2 R2 D B' D R' D B' D R2
74513263121222	962504	OK	R2 B R D' B D' B R' D R2 B
34561272212213	884129	OK	R D B2 R2 D2 B R D' B R' D'
32147652233213	879033	OK	R D B2 R2 D2 B R B' D R' D'
23165743331312	1029715	OK	R2 B2 D2 B' R B' R2 D' B D' R2
36725413111313	807171	OK	R B' R2 B' D' B R' B R' D2 R2
53672142221213	963948	OK	R2 B R B' D B' D R' D B2 R
41532672313211	981161	OK	R2 B' R D R' D2 R' D' B' D B2
76254133311323	977763	OK	R2 B D2 R2 B' R' D B' D R2 D
23165742131333	1031112	OK	R2 B2 D2 B' D B' R2 D' R D' R2
63725143123313	1033501	OK	R2 B2 D2 B' D R' D2 B' R D' B2
47352612313211	988334	OK	R2 B' R2 B' R' D' R D2 B D' B
71625433213133	976152	OK	R2 B D B' D B' R B' R B2 D
42351763231133	983361	OK	R2 B D2 R2 B' D' R B' D R2 D
24615731132333	954521	OK	R2 B R2 D2 B2 D' B R' D B2 D'
35267141321132	1185388	OK	R' B D R' B2 R D' B R D2 B2
32145671111111	980169	OK	R2 B' R B' D' B D2 B D R D'
54367212211322	862698	OK	R D R2 D2 R B R2 B2 R' D2 B
34561272232211	857540	OK	R D R2 B2 D2 R D R' D B' D'
54367211213333	883437	OK	R D B2 D2 B D R2 D2 R' D2 B
63172452313211	981487	OK	R2 B' R B R' D2 R' D' R' B D2
45321673113311	1016647	OK	R2 B' D R B2 R' B R2 D' B2 D
54312673311311	997413	OK	R2 B' R D B2 D' R B2 D' R2 D
16527431312222	855262	OK	R D R' B' D R D2 R2 B2 R B'
32147652332213	846776	OK	R D R2 B2 D2 R D B' D B' D'
62135743312223	937071	OK	R2 B R2 B2 D2 R' B' D R' B R2
12347651111111	976257	OK	R2 B' R B D B2 D B' D' R D'
52741632123323	858283	OK	R D R2 D2 R B D2 B2 D' B2 R
61352472313211	986796	OK	R2 B' R2 B' D' B' D R2 B R' D
42615371313332	957151	OK	R2 B D2 R2 B2 R' B D' B D2 B'
76321453311233	855325	OK	R D R' B R' B R2 D2 B2 R B'
63125741112323	934123	OK	R2 B R' B D R2 B2 D' R2 D B
74256311321222	944444	OK	R2 B R2 D2 B' D' R D' R D2 R
74123653132232	900251	OK	R D2 R2 D B' R B' R B' R B2
75314621313212	1180639	OK	R' B D B' D2 B R' B R B2 D2
41635721212121	869189	OK	R D2 R' D' R D' B R2 B D' B
45376121131133	985377	OK	R2 B' R B D2 B' R B2 D' B2 D
74165233111313	745102	OK	R B2 R2 B' R D' R D' R' D2 R'
24751362221231	953252	OK	R2 B R2 D2 B' R' B D' B R2 B
16543271221223	915589	OK	R D2 R2 D R' B R' B R' B R2
25413672323111	1163278	OK	R' B R D' B2 D B' D R B2 D2
16254733312223	801516	OK	R D R2 B' D' R2 D' B R B2 R
35624712321212	796915	OK	R B' D R2 D2 B' D B' R' D B
24563713121222	876520	OK	R D2 R' B' R D' B D2 B D' R
26317451212211	967517	OK	R2 B2 R' D' R' D B2 D B2 D' R2
46215372313211	930351	OK	R2 B2 R B' D R D2 B' R D R2
25364172311231	1158497	OK	R' B R B' D2 B D' B R B2 D2
36725412111212	733726	OK	R B2 R D R' B R' B R2 B2 R'
74165233231313	753371	OK	R B2 R2 B' R' B2 R' B' D B' R
74165233132313	750803	OK	R B2 R2 B' R' D2 R' D' R D' R
14367523311113	887871	OK	R D' R' B' R B' R' D2 R' D' B
17326452212111	962986	OK	R2 B2 R' B' R' D R2 D R2 D' R2
26435712222122	954572	OK	R2 B R2 D2 B2 D' R D' R B2 R'
36754123232222	808303	OK	R B' D B2 D' B R' B D R' B2
12374562111212	808141	OK	R B' D B2 D2 R' D R' B' R B
63725141112323	784222	OK	R D R2 B' R B R2 D2 B R' D'
76312452212111	946544	OK	R2 B D' B' D R B' D R2 D' R
56123471331332	872128	OK	R D B2 D2 B D B2 D2 B' R2 D
34561273313321	809688	OK	R B' R' D2 B' R D' B2 R2 B' R
74165233131311	745880	OK	R B2 R2 B' R B' R D' R' B2 R'
71264533231223	803116	OK	R B' D R2 D' R D' R D R' B2
52741633321223	821258	OK	R B' D B' R2 B R2 B' D2 B D'
12345672321212	757047	OK	R B D' R2 B' R B2 R B' R' D2
54367213112222	819390	OK	R B' D R' D2 R B2 R' D2 R D'
32156741112323	917461	OK	R2 B R' B D R2 B' D R B2 R'
36725412123212	735854	OK	R B2 R D B' R B' R B2 R2 B'
76321453323311	833989	OK	R B' D' R2 D B2 D' B D2 B R'
61235741313131	797328	OK	R B' D' B D R D2 R2 B' R B
12367452113333	821411	OK	R B' D B2 D2 R' D R' B' R B2
76321452123323	812792	OK	R B' D R B2 R B' D2 R2 B R'
12345672121232	750973	OK	R B D2 B R D' B D' B' R2 B2
34527612231332	810602	OK	R B' D R2 D2 B' D B' R' D B2
74165231121212	715311	OK	R B D2 B D B' D B' R' B2 R2
24731561111111	901024	OK	R2 B R' B R2 D R' D' B' D2 B'
72543613132232	852958	OK	R D R' D R' B R2 D2 B2 R B'
32647512333233	965168	OK	R2 B2 R' D' B' R D2 R B2 R' B2
21347562312323	1075908	OK	R2 D2 R B' D B R2 D' R B R2
24315673311311	938244	OK	R2 B D' B' D' R D2 B' D R2 D'
74165232111212	723479	OK	R B D' B2 R' B R2 B R' B' D2
75462132123212	772185	OK	R B' R D2 R2 B' D B' D' B R
14763251221223	862026	OK	R D R' D' B R D2 R2 B2 R D'
36125743222331	1092049	OK	R2 D B' D' B' R D2 B' R B2 R'
14632571111111	898148	OK	R2 B R' B2 R' D' B' R D2 B R'
36725412321212	731445	OK	R B2 R B R' B R' D B2 D2 B'
76541232131213	898848	OK	R D' B2 D' R B D R2 D2 R B
54367213312133	788668	OK	R B' R B' R2 B R2 B' R2 B R'
12354761112323	917988	OK	R2 B R' D R B2 D' R D R2 D'
76321453313312	803666	OK	R B' R' D2 R B2 R' D R2 D R'
63541271212211	931489	OK	R2 B D B' R B R2 B2 D' B' R
16527432211322	786641	OK	R B' R B R' B D2 R2 B' D R2
74165231313131	703106	OK	R B D2 R B' R2 B' D R' B R2
31564272212111	933388	OK	R2 B D2 B2 R D' B' D B2 R B
67132541133311	871979	OK	R D' R2 B2 R' B2 D B2 D2 B D'
67321451212211	918717	OK	R2 B R' D' R D R' B R2 B' R
72361542333233	918887	OK	R2 B D R' D R B2 R2 D' R' B
72561432213122	783512	OK	R B' R D2 R2 B' D B' D' B R2
12765432222212	904630	OK	R D' B2 D' B D R D2 R2 D R
36712542121211	768582	OK	R B' R B2 R2 D' R B' R' D R
36725413131113	714442	OK	R B D2 R B' D2 B' D R' D R2
56274312313211	777592	OK	R D R' D B D2 R' D R B2 R'
45276131131133	924965	OK	R2 B D' R' D' R D2 B' D B2 D'
52614372313211	773043	OK	R D R' B D B2 R' D B D2 B'
73624513121132	879259	OK	R D2 B' D2 R D' B R' B R' D
12345673131323	722710	OK	R B R2 D B' D2 B' R B' R D2
73615241112323	733929	OK	R B' R B2 D2 R2 B R' B R' D
15324673113311	910108	OK	R2 B R' D' R' D R2 B' D B2 D'
16527431222132	791364	OK	R B' R D' R B' R D2 R2 D' B2
36725412121211	732184	OK	R B2 R B D' R B' D R2 D2 R'
45376213131323	940732	OK	R2 B2 R D B2 D' R2 D B' R' D2
16427532333233	923939	OK	R2 B D2 B2 R B' R' B D2 R D
46127353131323	779409	OK	R B' R' D R D B2 D2 R' B R
76254313211111	950807	OK	R2 B D2 B2 R2 D' B' R B' R D2
45312673132313	936893	OK	R2 B2 R D R2 D' R2 D R' B' D2
12345672123212	728605	OK	R B R' B2 D' R B2 R D' R' D2
64531271212211	908136	OK	R2 B R2 B2 D R' D' B D2 R B
76512343213313	871837	OK	R D2 B' R2 D R' B R' B D' B
17265433111313	829529	OK	R D2 R B R' D R' B2 R' B R'
72543613322312	829952	OK	R B' D' B2 D B2 D' R D2 R D'
76512343332311	870350	OK	R D2 B' R2 D R' D R' B D' R
36725411313131	673172	OK	R B R2 B2 R' D' R2 D' B' R B'
74165232121211	699910	OK	R B R' D2 B' R D2 R D' B' D2
43675122222122	800618	OK	R B' D' R D R B2 R2 D' B D
32147651213333	777075	OK	R B' R D R' B D2 R2 B' R D2
36741252122123	782836	OK	R B' R B2 R2 D' R B' R' D R2
24351761111123	944117	OK	R2 B D2 B2 R2 D' R' B R' B D2
74165233131323	698690	OK	R B R' B D' R' B2 R' D' B2 D2
74165231212121	685611	OK	R B R2 B D R' D B' R' B2 R2
12456731132321	1032788	OK	R2 D R' B2 R' B' R' D R2 B D'
32517463131311	840473	OK	R D2 R D R' D B' D2 B' D R'
32147562333233	903614	OK	R2 B R' B' D R D' R D2 R' B
45312673231313	934360	OK	R2 B2 R B D2 B' R2 B R' B' D2
36725412121232	683745	OK	R B R2 B R B2 R2 B' D' R B'
24615732111323	877483	OK	R D2 B' D2 B D2 R' B D2 B2 D'
36725411212121	682980	OK	R B R2 B D R' D B' R' D2 R2
74165233131113	686857	OK	R B R2 B2 R' D' B2 D' R' B D'
32416753121222	803943	OK	R D R2 B' D' B2 D' B D R2 D
26435712322322	872166	OK	R D2 B' D2 B R2 D' B R2 B2 R'
67254311131133	922864	OK	R2 B D2 B' D2 R D' R2 D B D'
36725411131313	686305	OK	R B R2 D B' R2 B' D B' D R2
36725412121112	683162	OK	R B R2 B R D' R B' R' D2 R2
36145272131213	871104	OK	R D' R2 D' B R B R2 B2 R B
74165232121112	680835	OK	R B R2 B R D' R B' R' B2 R2
25341762313223	924573	OK	R2 B R' D R B2 D2 R' D2 R D
74165231131313	695800	OK	R B R' D R' B' R2 B' R' B2 R2
32567412222212	871827	OK	R D' R2 D' R B R B2 R2 B R
36725411121212	682505	OK	R B R2 B D B2 D2 B' R' D R'
36514272212111	903025	OK	R2 B R D' R D B2 D2 R' D' R
54612371112311	917677	OK	R2 B R2 B2 D2 R' D' R D' B D2
56347212111221	948109	OK	R2 B2 R' B R2 D' B' R' D2 B D
54367212333113	743757	OK	R B2 R' B D' R' B R D' B R'
12367451123333	737280	OK	R B2 R2 B R D' R D' R D' R2
16527431123333	736022	OK	R B2 R2 B' D' R B' D R' D B2
21345762223322	872685	OK	R D2 B' R2 B R2 D' R D2 R2 D'
76145231122112	946369	OK	R2 B2 R' B D2 R' B' D' B2 R D
76145231221112	952222	OK	R2 B2 R' D B2 R' B' D' R2 B D
34527612211322	738299	OK	R B2 R2 B' D R' B R' D B R2
24351673311311	924048	OK	R2 B D2 B' R2 D R' D2 R B D'
67354211313113	948293	OK	R2 B2 R' D B D' R2 B2 R B2 R
52741632212231	747506	OK	R B2 R' B R' B' R D R' D B'
23165742131321	868776	OK	R D2 B' R2 B D2 R' D R2 D2 R'
62351743112123	1031486	OK	R2 D R' B R2 D R' B' D' B2 D'
72561433321133	733145	OK	R B2 R2 B D' R B' D R' D B2
63725142123131	804955	OK	R D B D2 B2 D B R D' R2 D'
72543613223312	799056	OK	R B' R' B2 R D2 R' B D2 B D'
54367211333213	745699	OK	R B2 R' D B' R' B R B' D R'
43765212222122	828158	OK	R D B2 D2 B' R D2 B' D2 B R
67354211333111	943975	OK	R2 B2 R' B D B' R2 D2 R D2 R
64125371131313	775178	OK	R B' D2 B R' D R' B2 R' B R'
34527613312133	736380	OK	R B2 R2 B' D2 R' D B2 D2 B' R'
32147651123333	722109	OK	R B2 R D R D2 B D' R2 D' R
34561273321133	737427	OK	R B2 R2 B D2 R' B R2 B2 R' B'
51267342312233	761006	OK	R B' D B2 D B' R D' R' B2 D2
75231463211123	813716	OK	R D B2 D' R B' D B2 D' R2 D
27643513311233	843430	OK	R D2 R2 D R2 D2 B2 D B2 D2 R'
36741252123323	735694	OK	R B2 R2 B' R D' B R' D R B2
56123473133132	783963	OK	R B' R D' R2 D B2 D' B2 D R'
13265741112323	763939	OK	R D R2 D' B2 R2 D R B' D B2
13275641112323	690077	OK	R B2 R' B R' B R' B D' R2 D2
41263751312222	834154	OK	R D2 R2 D B2 D2 R2 D R2 D2 B'
51324673113311	899844	OK	R2 B R2 B' D2 R B' D2 B R D'
72543611331332	798286	OK	R B' D B R' B R2 D2 B' R B2
14763251222312	799912	OK	R B' R' B2 D' R B' R2 D2 R' D
76321453233131	733477	OK	R B2 R2 B R2 D' B R2 B2 R' D'
47216352131333	825304	OK	R D B2 D2 B' R B2 D' B2 D R
63542713121333	741440	OK	R B' R B2 R D' R B' R' D2 B2
62435172311132	792875	OK	R D B R2 B2 R D R D' B2 D'
52163473323332	942214	OK	R2 B2 R' D R2 B' R' D' R2 B R
71264533231313	706162	OK	R B D2 B' D2 B D' R2 D' R D2
72561433321223	738059	OK	R B2 R2 B' D2 R' D R2 D2 R' D'
63574212313211	827767	OK	R D' R B R B2 R D' B' R B'
46153273131131	868449	OK	R D' R2 B2 R' D2 B D2 B2 D B'
67154233323332	712024	OK	R B D' B R2 B2 D' R D' R' D
52741633313321	713898	OK	R B D' R D' R' B R B' R B2
36741253233131	731976	OK	R B2 R2 B R' D B' D R' B D2
32417562113321	738701	OK	R B' R D' B' D B2 D R D' B
63752411333213	937944	OK	R2 B2 R' B R D' R2 B2 R B2 R
34527612231122	711580	OK	R B D2 B2 D' R B2 D R2 D2 R'
25471631312213	751025	OK	R B' D R2 D R' D R' B' R2 D2
34527612331322	729901	OK	R B2 R2 B D R' D R' D R' D2
54321672212213	734853	OK	R B D' B R' B R B2 D2 R2 B
63752412333113	943386	OK	R2 B2 R' D R D' R2 B2 R D2 R
32165741111111	779386	OK	R D B' D B' D B2 D2 B R' B'
12367451213333	737714	OK	R B2 R2 B' R B' D R' D B D2
12367453112222	745997	OK	R B2 R2 B' R2 D' R B2 R2 B' D'
54367212231122	715542	OK	R B D2 B2 D B D2 B2 D' R2 B
14763253222112	785452	OK	R B' R B' R B' D B2 D2 B' D2
72435163333313	875950	OK	R D' B D' R2 D' B' D' B R2 D
34561272122321	743763	OK	R B2 R2 B' D' B R' D R' B R2
65314272313211	829519	OK	R D' R B' R' D R2 D B D B'
56147232332213	713625	OK	R B D' R B' R B R2 D2 B2 R
46127352131333	767150	OK	R B' R' B D B D2 B2 R' B D
12367541113331	819693	OK	R D2 B D2 B' D R' D R' B' R
53714622233111	734858	OK	R B' R D2 R D' R D' B' R2 D2
32147652331322	732483	OK	R B2 R2 B' R' B R' D B' R B2
63142571132321	989379	OK	R2 B' D2 R B D2 B R2 B D' B2
16527432331322	722489	OK	R B2 R B R D2 B R' D2 R' D
52741632212213	708943	OK	R B D2 R D' R' D2 R' D2 B D'
34561272213122	703942	OK	R B D B' D2 R2 D R B R' D2
31654272313322	727910	OK	R B' R B2 R D' R B' D2 B R2
41725361321213	803339	OK	R D B2 R2 D' R' D R' B R2 B
52763143222331	1013697	OK	R2 B' D B D2 B' R D2 B' D2 B
54367212332213	708584	OK	R B D2 R D' B' R2 B' D2 R D'
34216572213122	824954	OK	R D2 R2 D R2 D2 B2 D' R2 D2 B
32674152113333	826731	OK	R D2 R2 D B2 D2 R2 D' B2 D2 R
47251363131113	746233	OK	R B' R2 B R' D B' R2 B' R B'
36741252122321	734179	OK	R B2 R2 B R B' R D' R B' D2
41352671222111	721046	OK	R B D' R' D B' R2 D2 R D' B
34561273311233	704400	OK	R B D B' R2 D2 R' D' R B2 D'
41352671212121	688254	OK	R B R' D B2 D2 R' D B' R' B
36712542121112	677550	OK	R B R' D2 B2 D B R D' R' B
54321672232211	709364	OK	R B R' D B' R D B2 R2 D2 B
72145633312223	820881	OK	R D2 B R' D B R2 D' R D B2
65132472212231	929854	OK	R2 B2 R B R2 B' D2 B D' B' R2
52341672323312	887177	OK	R2 B R2 D B2 D R' B D2 B D
35624712121232	662664	OK	R B R2 B D2 R' D B D2 B R2
52741633323311	712847	OK	R B D' R D R2 D B' R2 D2 B
16527432231122	697983	OK	R B R' D' B D2 R' B R' D' B
52714361232113	796385	OK	R D B2 D2 R' B R' B' R D2 B'
76321452122321	728404	OK	R B2 R B D B2 R B' R2 B' D
32147651312222	692017	OK	R B D R' D2 B2 D' R' B R2 D'
76321452213122	703323	OK	R B D B' D2 R2 D R B R' B2
42163751121212	735908	OK	R B' R2 D' R' B R D' B2 D R
36712542122111	700353	OK	R B D' R B' R2 D R' D R D2
63142573112123	968099	OK	R2 B' R2 D B R2 B R2 B D' R2
73624513332131	866595	OK	R D2 B' D2 R D' R D' B D' B
16745233333313	867528	OK	R D' B2 R B R2 B' D' B2 D' B'
16527432333113	702880	OK	R B D2 R2 B2 D R B' R B' R'
76321453321133	696408	OK	R B R' D' R B D2 B2 R2 B R'
47165322133112	774982	OK	R D R2 B2 D' R' D B' R B2 R
65243712121322	686838	OK	R B2 R D2 R2 D B2 R D2 R2 B2
15762342122213	679528	OK	R B D' R B' D R2 D R' D R'
56147232233213	684186	OK	R B R' B R' B D R2 B2 D2 R
26534713333313	842221	OK	R D' R B' R B2 D R' B' R' B2
56147232333113	699221	OK	R B D2 R2 B2 D R B' R B' R
32761453121312	865625	OK	R D' B2 R B D2 B' R' B2 R' B'
54367211222132	688259	OK	R B R' B D' B' D B R' B D2
54367121113331	813938	OK	R D2 B D2 B' D R' D R' B' R'
37426513132313	672659	OK	R B R2 B' R2 B D' R2 D' B D2
12356743113131	705360	OK	R B D2 B' R2 B D' B2 D' B R2
26547313131323	727551	OK	R B2 D2 B' D R' D R2 D' R2 D
67345122223133	814070	OK	R D B' R2 D2 R D B R' B2 D
71264533131323	669702	OK	R B R2 B R2 B' R D2 B' D2 B
16534723211123	806496	OK	R D2 R B D2 B' D' B2 R B D
16273541122133	737466	OK	R B' R2 D2 R D R2 D R B' R
34561273321223	702062	OK	R B D R2 D2 B' R B' R D R2
54367212233213	683654	OK	R B R2 D R' D' R2 D' R2 B D'
31524673332122	880020	OK	R D' R' D' R B' D' B2 D' R' B
52741632232211	685969	OK	R B R2 D R' B' R2 B' D2 R D'
26743512121232	734533	OK	R B' R2 D' R' D R D' B2 D B
46275312112232	775861	OK	R D R2 B2 D' B' D B' R D2 R
45736121122211	786992	OK	R D B D2 B' D R2 B' D2 B R'
12374561121212	667892	OK	R B R2 B R2 D' R B D2 B R2
56123471333123	737484	OK	R B2 R' D R' B' R B R' D R'
67245311112311	790407	OK	R D R' D B R2 B R2 D2 B D
35624712331232	673901	OK	R B R' D B' R2 D B' R B D2
71523463231313	711347	OK	R B2 R2 D' B D' B' D R B' D
12356741313131	672789	OK	R B R2 D B' D2 R2 D R' B' R2
72561433221233	699287	OK	R B D R2 B2 R' D B' D' R2 B
52341673323212	878646	OK	R2 B R D2 R B' R D2 R B2 D
14763251332331	729468	OK	R B2 R2 B' R' D B' D R' B D2
71263542323123	981653	OK	R2 B' D2 R B R2 B D2 B R' D2
34561272122123	701001	OK	R B D R' B2 D2 B D B R' D2
23657142121112	725206	OK	R B' R D R2 B2 D R' D2 R D2
76321452122333	681494	OK	R B R2 B2 R' B D2 R D2 R2 D
76321452122123	701126	OK	R B D R' B2 D2 B D B R' B2
45621373211111	787658	OK	R D R' B D R2 D B2 R2 D B
24376512222122	737528	OK	R B' R D2 R D' R D' R2 D B2
35624712321332	671136	OK	R B R' B R2 D R' B2 R' B R'
36741252122333	677327	OK	R B R2 B2 R' B R2 D B2 D2 B'
26435713333133	810198	OK	R D B2 R2 D' B' R B' R B2 R
32147653112222	698299	OK	R B D B2 D2 R' B D' R D B2
56271433132313	706236	OK	R B2 R2 D' R D' B' R D B' D
64275132211133	820609	OK	R D B' D2 R2 D B R B' R2 D
41756231321213	800049	OK	R D2 R D R2 D B' D' R2 B2 D'
34675212222122	760687	OK	R B' D R' B2 D B' D B D2 B
47165322313211	649519	OK	R B D2 B R2 B2 D2 B R2 B' D'
36125471222111	891344	OK	R2 B R2 D B2 D B' R D2 R B
25734613113323	803154	OK	R D2 R B D2 B D' B' D2 R2 B'
24617532233321	922760	OK	R2 B2 R B' R D R2 B' R B D2
71264533221323	676403	OK	R B R2 D B' R2 D2 R B' R' D2
27415633321322	794592	OK	R D R' D R D' B2 R D' R B'
52741632122333	679239	OK	R B R2 B2 R D B2 D2 B' D2 R
16527433312133	669915	OK	R B R B2 R2 D' B R' B R B2
71263541333222	955313	OK	R2 B' R2 D B D2 B R2 B R' B2
41352671212112	683179	OK	R B R' B' D B' D2 R2 D R' B
23517462131333	734230	OK	R B' R B' D' B D2 B R D' B
54367211132222	698909	OK	R B D B2 R2 B' R B' D' B2 R'
34561273221233	696951	OK	R B R' D R' D2 B2 D R D R2
42615372313211	645759	OK	R B D2 B D2 B2 R2 B D2 B' D'
52741633221233	700426	OK	R B D R2 B2 R' B' R2 D' R' D
32147652113333	664451	OK	R B R B' D2 R2 D B D B' D2
12374561211212	675486	OK	R B R' B R' B2 D R' D B D2
12367451132222	704786	OK	R B D B2 R2 B' R B' D' B2 R
36542712121322	684979	OK	R B2 R D2 R2 D' B2 R B2 R2 D'
17435623211123	722046	OK	R B2 D' R B D R2 D2 B' D B
13246571113232	869935	OK	R D' B' D2 R D R2 D' B' R2 B'
72365413121312	841776	OK	R D' R2 B R B2 R' D' B2 D' B'
41237561313131	710696	OK	R B2 D2 B' D B' R B2 R' D2 R
76143253333313	841038	OK	R D' R2 B R D2 R' D' R2 D' B'
74152363133222	756338	OK	R B' R B2 R' D B' R B D' B2
56743213121213	790563	OK	R D B2 R' D R D B2 D2 R' B
23416752121211	725467	OK	R B' R B' D' B D2 B R D' B2
13642573221221	785141	OK	R B' R D2 R' D R' D R D' B2
54321672212231	695325	OK	R B R2 D2 B2 R B D' R D' B
16527432113333	668869	OK	R B R B' D2 R2 D B D B' R2
32716452123212	725349	OK	R B' R D' B' D B2 D R D' B2
34561273233131	691052	OK	R B R' B' D B R2 B2 D2 B R'
74123653133132	724165	OK	R B2 R2 B' R2 D' R D2 R2 D' R'
62435172211133	789402	OK	R D R' D2 B2 D R B D' R2 B
14763253133222	727614	OK	R B2 R2 B R2 D' B D2 B2 D' B'
56174321232113	769816	OK	R D R2 D2 B' D R' D' B D2 R'
16543271332331	732905	OK	R B2 R2 B D B' R B' D B' R2
71453623311122	804999	OK	R D B2 D' B D' R B2 R' D2 R
47132563222331	931943	OK	R2 B D' R' D R D' B R2 B' D
47632513212332	946887	OK	R2 B2 R' B' D' R D2 R D2 R' D2
41673252212222	664180	OK	R B D2 B' R2 B' R B D' R D2
43576212112232	797445	OK	R D2 R D B2 D B' D' B2 R2 D'
52741633313312	679915	OK	R B R' B D B2 D B' D2 R2 B
71643523331213	668253	OK	R B D2 B' D2 B' R D R' B D2
12376541232233	875541	OK	R D' B' R2 B' D' R2 D B R2 D'
36125471212112	876656	OK	R2 B R B2 R B' D B2 D R2 B
35174262213131	748057	OK	R B' D B2 D' R D2 B' R2 B R2
72543613221221	733708	OK	R B2 R2 B D2 R' B D2 B2 D' R'
32147651132222	678156	OK	R B R' B D' B2 R2 B R D B2
34715262221123	785005	OK	R B' D' R B' D R2 D R' D R2
34625172111212	716296	OK	R B' R B2 R D' R B' D2 B R'
63752141111111	753054	OK	R D R' D B' D R2 D2 R D' R'
67345122232133	775927	OK	R D R D2 R2 D R D B' R2 B'
74123653133222	724005	OK	R B2 R2 B R' B R' D B' R B2
16527432231332	676035	OK	R B R D' B2 R2 B R D B' R2
15746321111111	765077	OK	R D2 R B' R B R2 D' B D B2
56271433111313	685173	OK	R B2 R B2 R2 B' R2 D' R2 D2 B
42615372213311	800987	OK	R D B2 R' B D R2 B2 D B' R'
23165741112323	627653	OK	R B R2 D' B D R2 B2 D R' D'
27534161111123	831830	OK	R D' R2 D' R B2 R D2 B D R2
27365412321212	725482	OK	R B' R D2 R D' R D' R2 D B'
36172452133133	785978	OK	R D R2 D2 R' D B2 R' B2 R B
63725142223133	789375	OK	R D R' B2 D2 B R B R' D2 B
14736521321231	851352	OK	R D' R' D2 R' D' B2 D R D2 B'
76321542211112	769128	OK	R D B D' R B' D B2 D' B2 R'
54723612131312	805980	OK	R D2 R' D2 B R D2 R2 D' R' D2
71523463131311	689943	OK	R B2 R B' R2 B' D B2 R B' R2
63512743313333	674930	OK	R B D' B R B2 D2 R' D2 R2 B'
56147231333213	673314	OK	R B R2 D2 B2 R B R' B D' R
16543271331332	731439	OK	R B2 R2 B' D B' D R' B D B2
16527431333213	676003	OK	R B R2 D2 B2 R B R' B D' R'
43621752213323	678425	OK	R B2 R B2 R2 B R2 D R2 D2 B2
74521633133333	804473	OK	R D2 R' D2 B R B2 R2 B' D' R2
16543273221221	747382	OK	R B2 R2 B D' B R' D R' B R2
31275461322233	760088	OK	R B' D B2 R2 D2 B D' B D' R
47136252133112	791635	OK	R D2 R B R2 B R' D' B2 R2 D'
34265712212132	784528	OK	R D R2 D2 R' D R2 B' R2 B R
71546322231212	645635	OK	R B R' B R' D B2 D R' D B'
76321452212231	684666	OK	R B R2 D2 B2 R B D' R D' B'
56123472322121	710447	OK	R B D2 B2 D B R2 B2 R' B2 D
24736512222332	796677	OK	R D B' D R' B R' B2 R D2 B'
53761242221213	718137	OK	R B2 R' D' R B' R D2 R D' R
43617521223221	815780	OK	R D B' D2 R D' R B D' R2 D'
41725362313223	797219	OK	R D B2 R' B R B2 D2 R D' R'
56123471222312	718064	OK	R B D' B D' R' B D R' D B2
64275132232133	775422	OK	R D R B2 R2 B D R B' D2 B'
17362452213311	859520	OK	R D' B2 D' R B2 R B2 D B D2
24537613231322	817756	OK	R D2 B R2 B' R B' D R' B' D
24167353132232	815341	OK	R D B' R2 D R' B D B' D2 B'
56321742211112	752067	OK	R D R D2 R' B R2 D' B2 D B'
12356741133131	666191	OK	R B R2 B D2 B' R B2 D' B2 D
17543261111111	751371	OK	R D B' R2 B R' B D R2 B2 D2
56123473322312	717421	OK	R B D' B D R2 D B' D2 R2 B
36712542121121	662801	OK	R B R2 B R B2 D B2 D2 B' D'
34617252132212	706699	OK	R B2 R' B' R B' D B2 D B' R
32147652231332	671680	OK	R B R D' B2 R2 B R D B' D2
31275461112233	754187	OK	R B' D R2 B2 D2 R B' D R' B
41725362313211	617712	OK	R B R2 B D2 B2 R2 B R2 B' D'
23157462131123	791246	OK	R D B' R B' D R' B2 R D2 B'
52167432122222	803698	OK	R D2 R' B2 D R D2 R2 D' B' D2
73642511111111	653785	OK	R B2 R' D' R D2 B' D' R D' R2
71523463331312	701077	OK	R B2 R2 D' R B' R' D R B' R
72543611332331	718109	OK	R B2 R D B D2 R B' D2 B' R
17426531232233	853200	OK	R D' R' B2 R' D' R2 D R B2 D'
14735621223332	902786	OK	R2 B D' B2 R' D R D' B R2 D2
72561342313223	855980	OK	R D' B2 D' B D2 B R2 D R D2
41725631111111	717035	OK	R B' D' R' D R2 B' D2 B D' B
46275312313211	618047	OK	R B R2 B R2 B2 D2 B D2 B' D'
45273162222122	722021	OK	R B2 D2 B' R B' R D2 R' B2 R
52361472121313	787005	OK	R D B2 D2 B' D' B2 R B2 R' D2
74521633121213	806600	OK	R D2 R' B2 D R B2 R2 B' R' D2
21457631321123	896296	OK	R2 B D2 R' D R' D B D2 R D'
13246571111111	647891	OK	R B2 R' B' R D2 B' R' B D' B2
46275313312211	777430	OK	R D R2 B' R D R2 B2 D R' B'
71643252231212	669011	OK	R B D2 B2 R' B R' D' B R B'
63724153121213	778459	OK	R D B R2 D2 B D' R D' R D'
56213743313333	637762	OK	R B R2 B' D2 R2 B R B' R B'
15634722123332	827791	OK	R D' R2 B R2 B' D' B2 R2 D R'
14763253133231	707865	OK	R B D' R D' R2 B2 R B R D2
47653213211231	899444	OK	R2 B D2 R' D R D2 B R B' D'
14763251333123	694869	OK	R B D2 R2 B2 D R D' B D' R'
53146272123233	748237	OK	R D R B2 R' D R2 B' R2 B R'
56271433123313	705001	OK	R B2 R2 D' B R' B' D R D' R
64357213231322	807366	OK	R D2 B R2 B' R B' D R' B' D'
31627452221333	751954	OK	R B' R' B R' D B2 D R' D B2
45362712122222	673607	OK	R B D' B R' D' R D2 R B R'
42167532131333	716107	OK	R B2 D2 B' R D' R D2 R' D2 R
34721652221222	790045	OK	R D B2 D2 B' D' R2 B R2 B' R2
56743212221222	789541	OK	R D B2 D2 B' D' R2 B R2 B' D2
73654122111122	824788	OK	R D' R2 B R2 B' R' D2 B2 R B'
31265472233321	882172	OK	R2 B R' D2 B' D R D' R D2 B2
17526432123233	766651	OK	R D B R' D B' D B2 D' R2 B'
31267542313133	714095	OK	R B' R D2 R' B D2 R' B2 R B2
74123652322121	704995	OK	R B D2 B2 D' R D2 B R2 B2 R'
72163453331333	759856	OK	R D R2 D2 R' B' R2 D R2 D' R2
27615432113321	754964	OK	R D R2 B2 D R2 D R B' R B2
71326543333313	681344	OK	R B2 R2 B R2 B2 D2 B R2 B2 D'
27613543333133	722948	OK	R B' R B R2 D2 B R' B2 R B2
31265471111111	698316	OK	R B' D B2 D' B R' D R2 B2 D2
72543611223221	712612	OK	R B D' B D' R2 B2 R D B D2
36217452131333	728272	OK	R B' R B' D2 R D' B R D2 R
35417622223133	777530	OK	R D R2 D' R B' R B2 R' B2 R
13572641122133	763687	OK	R D R2 D' R2 B2 D R D' B D2
62317453312211	830915	OK	R D' R2 D' B R2 B D2 R B D2
27415363131113	654609	OK	R B R' B D' R' B R B D2 B2
72163452122222	758530	OK	R D R2 B' D B D R2 D2 B' R
13274651112323	685063	OK	R B2 D' B2 D' R D' R2 B2 D' R
76345122211112	762566	OK	R D B D' R B' D B2 D' B2 R
41367253111133	712968	OK	R B' R2 B R2 B2 R B2 D B2 D'
16347252131312	755036	OK	R D R2 B' D R B D2 B2 R' B
26517343333313	681871	OK	R B2 R2 B D2 B2 R2 B' R2 B2 D
54127633133333	784071	OK	R D B2 R' D B D B2 D2 R' B
71436253333112	855194	OK	R D' B R' B R2 D R' D' B' D2
71534262122222	754275	OK	R D R D2 B2 R D' R B' R D'
14625731111111	695304	OK	R B' D R' B2 R D2 B' D R D
52763411333123	692108	OK	R B D2 R2 B2 D R D' B D' R
23147562123131	750325	OK	R D R D2 R D B2 D' B' D2 R
24761531221223	790248	OK	R D R' D2 B R' D B R' B2 R'
75143263231313	688515	OK	R B2 R2 D2 B' D2 B' R' B R' B'
37651242211133	775458	OK	R D R2 D' B R' B R2 B' R2 B
16453271111111	725710	OK	R D R' B2 R B' R D R2 B2 D2
71546233331213	649737	OK	R B D R' B2 R D' R D R' B2
53614721212121	672348	OK	R B2 R B2 R2 B' R2 D B2 D2 R'
24351673111133	775713	OK	R D B' D B2 D' B D' B R D2
34721652121313	788760	OK	R D B2 D2 B' D' B2 R B2 R' B2
63251743133231	791030	OK	R D R' B2 D R' D R D' B2 D'
24563712121232	650582	OK	R B R' D2 B' R' D2 B R D2 R2
24637512311132	740348	OK	R D R B2 R B R2 B' D' B2 R
72543613133222	683445	OK	R B R' D B' D R2 B2 D2 R B'
43126572133313	632520	OK	R B R2 B' R2 B' R D B' R D2
13276451113211	725295	OK	R B' R2 B' R D R2 D R' D2 R'
32175462312323	873861	OK	R2 B R2 B' R D R2 D2 R B R'
23756413322312	706114	OK	R B D' B' D B' R2 D2 R B' R
16475233132313	684595	OK	R B2 R2 D2 B' R2 B' R' D R' B'
31265741233331	769982	OK	R D R D' B D' R B2 R B R
56123473222112	691232	OK	R B R' D R' D' B R B' D B2
56743213331333	760738	OK	R D R2 D2 R' B' R2 D R2 D' B2
24716532323231	728282	OK	R B' R2 B' D B R2 B R' D2 R'
13276451233133	716787	OK	R B' R B R' B2 D2 B R' B2 R'
56123473223312	687840	OK	R B R' D R D2 R B' R2 D2 B
52167433133333	768946	OK	R D B2 D2 B R D R' D2 R' B
23756413222112	700581	OK	R B D' R B2 R2 D' R D' B' R
65147321232113	723310	OK	R B' D R2 B' R B D' R D2 R2
46127351131313	636119	OK	R B R2 B R' D R D2 R D R'
62174351122133	636504	OK	R B R2 D2 B R2 B R D' B D'
41576322212222	651655	OK	R B D B' D2 B R' D B R' B2
24563711121212	643644	OK	R B R' B2 D' R' B2 D B D2 B2
51472361131313	671839	OK	R B2 R B R' B D' R2 D' B D'
31275463311122	722923	OK	R B2 D' B D R D2 R2 B' R B
13276541213312	895780	OK	R2 B D' R2 B' D R B' D R2 B2
51732643121213	670412	OK	R B D' R B' D' R D2 R D R'
73615241113322	722386	OK	R B' R D2 B2 R2 D B' R B' R
56341273121213	772273	OK	R D B2 D2 B R B R' D2 R' B
23475162121112	635947	OK	R B R2 B R2 B' D R' B' D2 R2
42136752131312	653398	OK	R B D R' B D' R D' R D2 B
57236141323232	879416	OK	R2 B D R' B2 R D' B R D2 B2
72164353131113	675663	OK	R B2 R D R' B D' B2 D' B R'
14763252322121	687586	OK	R B R' B' R B2 D' R B' R' D
34516722313223	799795	OK	R D2 R D B2 D' B' D2 R B R
53724612121112	660925	OK	R B D' R B R2 D2 B' R2 B2 D'
46123573232123	837307	OK	R D' B2 R D' R D' B' R' D R2
21346752313322	751639	OK	R D R2 B2 D R' D' R' B2 R2 D'
17435622211133	716090	OK	R B2 D' B R D R2 D2 B' R D
14567231312213	749967	OK	R D R' D' B D2 B D' R' B R
13576241312213	682236	OK	R B2 R2 D' B D' B2 D' R' D R'
36152741231312	746973	OK	R B' D' R D2 B' R D' B' D2 B'
43216573212332	889100	OK	R2 B R2 B2 D B' D' B R2 D B
21376541122211	746925	OK	R D R D' R B' R B2 R' D2 B'
56123471223221	665905	OK	R B R B2 D2 B' R' B2 D' R' B
45613272233111	677808	OK	R B2 R2 D' R D' B2 D' R' B R'
17425631322332	862641	OK	R2 B R D2 B R' D R2 D R' B2
76342513322111	877308	OK	R2 B R' B2 D' B D R' D B2 R2
36714521232113	781373	OK	R D B' D2 R D' B' D' B2 D2 R
24351671212211	776555	OK	R D B' R' D' B D2 R' B D2 B'
47126351233232	768882	OK	R D R' B R D' B2 R D' B D'
71462533111223	827570	OK	R D2 B' D R2 D2 R' D R2 B' R2
37614521111111	689213	OK	R B' D R2 D' R2 B D' R' D' R
61734523222331	884819	OK	R2 B R B' R D B2 D2 R' B' D
14673251111111	697488	OK	R B' D' R D2 B' D B R B' R2
31754621331122	863121	OK	R2 B R2 B D2 R B D' B D' B'
64275133231112	719763	OK	R B2 D' B2 D R2 B' R D2 R2 D'
76312543322222	822529	OK	R D2 B' R D2 R2 D' R D2 B' R2
14763253221221	688327	OK	R B R' B R' D B2 R2 D2 B R'
41735261323313	834235	OK	R D' R D' R2 D' R' B' D B2 R
53761242121211	630054	OK	R B R B2 R2 B' D2 R B D B2
71435263211123	674296	OK	R B2 R B' R B' R B' D' B2 D2
41726532312233	678733	OK	R B2 R2 D' B R' B2 R' B' D R'
13265742131312	744464	OK	R D R B2 D2 R B' D R' B D'
36714522121322	785185	OK	R D B' D2 B' D R D R2 D2 R
51642731113322	784133	OK	R D B2 D2 R' D B' R' B R2 D'
31246753312211	800898	OK	R D2 R D R2 D' B' R2 D B R
12367541112212	726070	OK	R B' D' R2 D B' R2 D B2 D' B2
34617252111212	630008	OK	R B R D2 R B D B2 R' B R'
21357462311111	726565	OK	R B' R2 D2 R B D2 B R D' R
72165432111122	783002	OK	R D2 R' B2 R B' R' B D2 R D2
24615731122313	714484	OK	R B2 D' B2 D B2 R' B D2 B2 D'
63751242221321	750869	OK	R B' D B R' B2 D2 B D' B2 D'
56721432312233	734195	OK	R D R B' R' D R' D' R B2 R
15246371331332	700271	OK	R B D' B R' B2 D R' B D B2
56123472331331	669966	OK	R B R2 B2 R D R2 D2 R' B2 D
21345671111111	703821	OK	R B' D2 R' B R' B' R D2 R B
16543272331331	678202	OK	R B R2 B2 R' B D2 R B2 R2 B'
52463713212332	883539	OK	R2 B R2 B' R2 D B' R2 B R B'
52147633111112	788118	OK	R D2 R' D B D B' D R' D2 B
72543612331331	666130	OK	R B R2 B2 R' B R2 D R2 D2 R
53761242321212	628098	OK	R B R B2 R B R B2 D' R B'
12347652123332	787346	OK	R D2 R' D2 R B' D' R D2 B D2
37642152213311	796720	OK	R D2 R B R2 B' R' D2 B R B
47123562232133	774583	OK	R D B D2 R' B' R2 B R D2 R
37624512121322	779796	OK	R D B' R2 B' R B D B2 D2 B
61452731311313	720350	OK	R B' R' D' R D' R' B2 R' D' B
57364212213311	774080	OK	R D B' R' D' B2 R2 D' R B' D
14763253133132	663243	OK	R B R D2 R2 B' R D' B R D2
52463173212332	891802	OK	R2 B R' B' D' R B2 D' B D2 B'
14763253132232	664686	OK	R B R B' R2 D2 R' D' B D2 R'
56147322333233	752048	OK	R D R' D' B' D R2 B' R D2 R'
65274131111111	671747	OK	R B' R D' B2 D B2 R' D B D
14523673121312	739391	OK	R B' D' B D2 B2 D B' D' R D2
51324672212111	753681	OK	R D R' B' D' B R2 D' B R2 B'
54163272233111	728297	OK	R D R B R' B2 D' B R D R
54723613333313	767945	OK	R D B2 R' D' B2 D B D2 B R'
32741651121311	786432	OK	R D2 R' B R D B' R D' R2 B
34617252123212	625973	OK	R B R B R2 D2 R' D' R2 B' D2
72543611221223	669532	OK	R B R D' R2 B2 R' B' R D2 B'
56123473133231	667412	OK	R B R D2 B2 D' R' B2 D' B' R
62571432321233	733585	OK	R B' D' B2 D B' R2 D B2 D' R2
32175461111111	670511	OK	R B' R B2 R' D B' D R2 B2 D2
17356242211331	867213	OK	R2 B R2 B R2 D B D' R B' R'
54127632131213	719080	OK	R B' D B R' D' R B R' D R2
73615242223133	714037	OK	R B2 D' R D R B2 R2 D' B D
72163453131212	755965	OK	R D R2 D2 R' B' D2 R D2 R' D2
54127633131212	756174	OK	R D R2 D2 R' B' D2 R D2 R' B2
72563411112131	788113	OK	R D2 R' D R D B' D B' R2 D
71452632222131	765597	OK	R D R' B R' D R' D2 R B2 D'
74123653133231	663228	OK	R B R D2 B2 D' B R' D' R2 B
37615423121132	684687	OK	R B2 R2 B' D B2 R' D2 R D2 B'
16543271223221	673804	OK	R B R B2 D2 B' D R' D' B2 R
72345611111111	676934	OK	R B' R2 B' R' D' R D2 B D' B
73642513223222	826821	OK	R D2 B' D B2 D2 B' R D2 B' D2
54371621113112	876899	OK	R2 B D B' D2 B R' B R B2 D2
15624732123212	713099	OK	R B' D B' R2 B D2 R D' B2 D
27615431312333	765980	OK	R D B D2 R2 B D' B R' D R'
54723613121312	767274	OK	R D B2 R' D' R2 D R B2 R D'
43571262122222	631642	OK	R B R D' B D' B R' D R2 B
63725143122113	711206	OK	R B2 D' R2 D R2 B' D B2 D2 B'
71365423331312	682205	OK	R B2 R2 D2 B' D2 B' D' B R' B'
16735242122213	635538	OK	R B R2 B2 D' R B' D' R D R'
31765242322121	750103	OK	R B' D B' D2 R B' R D R2 D
16347253121312	730112	OK	R B' D2 B' R B R D2 R2 D B
32671453123313	689389	OK	R B2 R2 D2 B' R2 B' D' B D' B'
42673512232133	769414	OK	R D B R2 B R B2 R' D' B2 R
24615732233321	736841	OK	R B' R' D B R2 B2 D2 B R' D
23756413223312	677139	OK	R B R' D' R B' R2 D2 R D' R
15724632123233	757225	OK	R D B R' D B' D B2 D' R2 B
41725362221213	710624	OK	R B2 D' R2 D B2 R' D B2 D2 B'
13276541322311	864678	OK	R2 B R2 B' D B R2 B2 R B D'
32567412131312	721124	OK	R B' D R' B2 D2 R D R' D B2
16273541321321	735345	OK	R B' D R D' B2 R2 B R' B2 R'
14752631111111	689554	OK	R B' R' D' R D2 B' D2 B R' B
34721652222212	717026	OK	R B' D R D' R' D R B' D B2
42615372221213	715142	OK	R B2 D' B2 D R2 B' R B2 R2 B'
36547212131312	743549	OK	R D R2 D2 R D B R' B2 R' B
46275312132212	711649	OK	R B2 D' B2 D B2 R' B R2 B2 R'
12673542331133	764581	OK	R D R' D R' D B' R2 B R2 D'
25741361232113	701173	OK	R B' R D2 B' R D R' B D2 B2
12543671111111	668478	OK	R B' R D R' D2 R' D' B' D B2
47165322132212	707453	OK	R B2 D' R2 D R2 B' D R2 D2 R'
54367121112212	720445	OK	R B' D' R2 D B R2 D' R2 D B2
23756411222312	666536	OK	R B R' B R2 B2 D' R B' D' R
76125343333133	666869	OK	R B2 R B2 D' B' R B' D R' B
53462711113322	757857	OK	R D R2 D2 B' R D' R' B D2 R'
73615243332311	679592	OK	R B2 R2 B' R D2 B' D2 B D2 R'
16547321113331	685814	OK	R B2 D' R2 D B D2 R2 B' D' R2
56243713121333	637057	OK	R B R2 D B D2 R' D B2 D2 R
32174561232113	755467	OK	R D R' D2 B R' B' R' D2 R2 B
25736141111123	746144	OK	R D R' D' B' D2 R2 B' R D' R
12354762121211	710981	OK	R B' D R' D2 R D2 B D' B2 D
23165741231312	701831	OK	R B2 D' R2 D B2 R' D R2 D2 R'
72134562312212	691815	OK	R B2 D' R2 B D' R B' D B' D
47165321232113	656987	OK	R B D' R2 B2 R B R D' B2 R
74325613121312	709753	OK	R B' R' B D2 B2 D R' B' R D2
36547212122222	746199	OK	R D R2 D2 R D R B' R2 B' R
74136522322121	670831	OK	R B R' D B2 R D' R2 D' R B'
53421671321111	856405	OK	R2 B R D' B2 D B' D R B2 D2
51726433123313	668027	OK	R B D2 B2 D' R B2 D' R2 D B
52741362313223	773761	OK	R D B' D' B' R2 D2 B' R B' D
37651422312311	792788	OK	R D2 R' B D R D' R2 B D' B'
67215343333133	641900	OK	R B R2 B D2 B' D R' D' B2 R2
73615423213211	797796	OK	R D2 R' D R B D' R2 B R' B'
47251632131312	638733	OK	R B R' B R' D' B R2 B D R'
37415622333221	794709	OK	R D2 R' D B R D' R2 B D' R'
61274351313131	640476	OK	R B D2 R B R2 D' B D2 B2 R
56143273332323	782053	OK	R D2 R' B D B D' B R' D2 B
16542372112331	814833	OK	R D' R D R2 D2 B2 R' D' R B2
76541233333313	737436	OK	R B' D' R D2 R2 D R' B' D R2
75613243131332	794284	OK	R D2 R' B R B R' D2 B R' B'
51472633331312	637589	OK	R B R2 D2 B D2 B R D' R B'
76354122111212	685315	OK	R B' R D' R2 D R2 B D' R2 D
76342513213112	857323	OK	R2 B R B2 D R' D B2 D B' D2
54172633132313	650159	OK	R B D2 R B D2 R' B R2 B2 D
73615243213313	678470	OK	R B2 R2 B' R B2 D' B2 D B2 R'
32167451111111	667304	OK	R B' R B R' D2 R' D' R' B D2
23165742123131	642150	OK	R B D B2 D2 B D R D' R2 D'
13254762321233	758712	OK	R D B2 D' R' B2 D B' D R B'
15246371332331	673803	OK	R B R' B2 D2 B R D R' D' R
42157633231322	698262	OK	R B2 D' B2 D B D2 R2 B' R' D2
46135272133313	622538	OK	R B R B' D2 B D' R B R' B2
56732143122113	725277	OK	R B' R' D R2 B' R B' R' B2 R'
74521633121312	742100	OK	R D R2 B' D' R2 D B R2 B D'
75234162221111	765470	OK	R D B2 D' B' D2 R B' R B R'
74132563131221	817658	OK	R D2 B' R B2 R2 B' D R2 B' D2
45376121331311	768757	OK	R D B' R D2 R' D B' D B R2
51723643131311	637771	OK	R B R' B D R' B2 R' D2 R D
75312463333133	630474	OK	R B R2 B' D2 B' D B R' B R2
71435263333223	678652	OK	R B2 R2 B' D R2 B' D2 B D2 R'
36415272123212	638286	OK	R B D R2 D B D R2 B' R B
13765422121211	646395	OK	R B D B2 D R D B2 R' D R
21357642221132	684897	OK	R B2 D B2 D R B2 D' B R' B2
52167342121232	635375	OK	R B R' D B R2 D2 B' R2 B2 D'
36721453121111	782545	OK	R D2 R2 B' D' B R' D2 R D' B2
62134572321323	719519	OK	R B' R D R' B2 D2 B D' R2 D'
21354761122211	736955	OK	R D R D' R B' R B2 R' D2 B
23165742312323	728982	OK	R B' R' B R B2 R2 D2 R B' R
54127633333313	733100	OK	R B' D2 B' D B R D2 R2 D B
75316241231231	755416	OK	R D R B' R B' R D2 R D R
32164571111111	665898	OK	R B' R D2 R' D2 B D' B' R' B
74152363133132	653900	OK	R B R2 B' D2 B R' D2 R' D R2
17642531112233	758691	OK	R D B' D' B R2 B R B2 R2 D'
54326171111231	851927	OK	R2 B R B' D2 B D' B R B2 D2
31257462222221	794655	OK	R D2 R2 B2 D' R' B D' R2 D B'
42137561123333	670936	OK	R B2 R2 B R2 B2 D2 B' D2 B2 R
76351421112323	677649	OK	R B' R2 B D' R B2 D' B2 D R2
74152363133231	654439	OK	R B R2 B2 R' B2 D' R' B2 R' B'
13642571221223	672408	OK	R B R2 D B R2 B2 D' R' D' B2
35416723232213	742327	OK	R D R' D' B' D' R2 B D' B2 D
26714532121133	682678	OK	R B2 D R2 D R D2 B' D R' B2
26435712233321	721275	OK	R B' R D' B R2 B2 D2 B R D'
13642571223221	669050	OK	R B R2 B2 R' B2 D' R' D2 R' B'
74251633111313	633624	OK	R B R' D R B' R2 B' R2 B R
31267542222233	665376	OK	R B2 R D R' B R2 D' R D B'
74126352333122	809011	OK	R D' R B D2 B2 R2 D' R' B R2
13246752133211	697276	OK	R B2 D' B2 R D' B D' B R' D
35714623111322	655722	OK	R B D' B2 R2 B' R' D B' D R'
54321763113113	744843	OK	R D R' B D2 B' R D' B R B2
34716522223211	697975	OK	R B2 D' R2 B D' B R' D B' D
14527632333332	782744	OK	R D2 R' D2 R D' B' R D2 B R2
75431263133213	786736	OK	R D2 R2 B2 D' R' D B' R2 B R'
61543271111111	694023	OK	R B' D2 R' B D R B2 R B' D
71435263333133	681156	OK	R B2 R2 B' R D2 B' D2 B R2 D'
51624733323113	748231	OK	R B' D' B D2 R' D B' D' R2 D'
16524731112212	729000	OK	R D R2 D' B' R2 D B' R D B'
37624152311213	698035	OK	R B2 D' B2 R D' R B' R B' D
15246372331331	665468	OK	R B R2 B D B2 R D2 R2 D' B'
74152363132232	658448	OK	R B R2 D B D2 B2 R' B' D' B2
32657143121213	631304	OK	R B R B' D B' D R' D B2 R
64357213312211	745117	OK	R D R' B' D' B2 R2 D' B R' D
41762532221333	732971	OK	R B' D R2 D' B D2 R' D2 R D2
37614252221123	688249	OK	R B2 R' D R' B' R B' R2 B R2
74521633333313	744003	OK	R D R2 B' D' B2 D B R2 B R'
67354213111313	703416	OK	R B' D R B2 D' B2 R D R2 D'
13275643212221	677386	OK	R B2 R2 B' R B2 D' B2 D R2 B'
42751632321233	726480	OK	R B' D' B2 D B R2 D' R2 D R2
15763241111111	676071	OK	R B' R' D R2 B' D B D B' R2
12354671111111	679266	OK	R B' R2 D' B R' B' D R2 D B
32567413133333	722601	OK	R B' D B' D2 R2 B D B' R B2
56243173133111	704588	OK	R B' R2 B D2 B2 D R2 B D2 B'
24571362221213	633677	OK	R B R2 B D R' B2 R' B' R2 D
12365471111111	674399	OK	R B' R2 B' D' B' D R2 B R' D
32561471211131	776771	OK	R D2 R2 B' R' B R' D2 R B' D2
67312542221111	711122	OK	R B' R' D2 R B' R2 D R2 D' R2
76524313331222	675102	OK	R B2 R D2 R2 D B2 R' D2 R2 B
36145273333313	709159	OK	R B' R' D R2 D2 R D' B' D R2
41725361232113	630356	OK	R B R' B2 D2 B D R D' R2 B
27543611111123	782421	OK	R D2 R' D2 R' D R' D2 B2 D' R
51342672212111	703050	OK	R B' D R B2 R' B R2 D' B2 D
43751623123313	636809	OK	R B R2 B' R2 D2 B D B' D B'
31275462312212	651127	OK	R B D2 B R' D2 R B2 R' B D'
35174262231113	664275	OK	R B2 R D B' R B2 D' R D R'
76325412112121	783357	OK	R D2 R' B2 R D' B' D B2 R B2
56741231131211	755766	OK	R D B2 D' R B D2 R' D' B R
53274163211222	671733	OK	R B2 R B2 R2 B R2 D' R2 D2 B
24571631121212	628562	OK	R B R' B R B2 D2 R' B2 R2 D'
71435261322233	686492	OK	R B2 R' D R' B R' D R' B2 R2
35127462331331	721705	OK	R B' R D' B2 R D' B D R2 D
41736521233232	800832	OK	R D2 B D2 B' R D' R D' B' R
13275641112233	677790	OK	R B2 R' B D' R B' R B' R2 B2
32146752232223	729718	OK	R D R2 B' R B2 R' B D' R' B'
73542163321133	672988	OK	R B2 R2 B D2 B2 R2 B D2 B2 R'
34617522221333	689109	OK	R B2 R' D B' R' B R' B2 R B2
41735262312233	683658	OK	R B2 D' B2 D' B R' D2 B2 R' B
42351671212211	683883	OK	R B' R D B2 D' R B2 D' R2 D
56743213121312	700821	OK	R B' R2 B' R D B D2 B2 D B
21345762312323	712344	OK	R B' R B' D R2 D2 B2 D B R'
75264132321212	682149	OK	R B' R B' R2 B D2 R D' R2 D
71435623333331	787833	OK	R D2 R2 B2 D' B' D B' R2 B D'
31475262331313	784422	OK	R D2 R2 B2 D' B' R D' R2 D R'
65471231132213	658212	OK	R B2 R B R' B R2 D' R B R'
71462531113322	767899	OK	R D B' R2 D R' D' B' D2 B2 R
62157342132212	625044	OK	R B R2 B R D' B2 D' R' B2 D
73541262321212	614337	OK	R B R B2 R B R B2 D' R B
76215433333133	639014	OK	R B R' D2 B D' B R B' R2 B'
73615243331312	678920	OK	R B2 R2 B' D B2 R' D2 R B2 D'
73652413331321	684393	OK	R B2 D B2 D B R2 D' B D' R2
54127632222212	692519	OK	R B' R D R' D' R D B' D B2
75146321323331	686559	OK	R B2 D2 B' R D' R2 B' R B' R2
71435263311122	665007	OK	R B2 R B' D B' R D' R' B2 R2
76325411111312	773609	OK	R D2 R2 B' R' D B' D2 B D' B2
13546271231231	800696	OK	R D2 B R2 B' D R' B R' B' R
73614251112323	615410	OK	R B D B2 D B' D' R D' R2 D'
32657412111212	615155	OK	R B R D2 R B D B2 R' B R
75264313231112	691851	OK	R B2 D2 R' D' B R' B2 D2 R D
31275462311213	653833	OK	R B D2 B D' B2 D B2 D' B D'
15672433312133	646799	OK	R B D B' D B' R B' R B2 D
21473563331312	633519	OK	R B R2 D2 B D' B D' R D' B'
32165742211112	708332	OK	R B' D2 R D' B' R D B' R D2
25763142223133	731521	OK	R B' D2 B R B2 D' B R2 B' R'
32174561112323	658565	OK	R B2 R' D' B R2 D' B' R B' R2
52743611113121	757392	OK	R D B2 D' B D R2 B' R' B R
43721653231313	634568	OK	R B R2 D B R2 D' R B2 R2 D
16572431111111	679138	OK	R B' R' D B' D2 R' D B R D2
74521632222212	715271	OK	R B' D2 R B D2 B' D' B2 D' R'
37615422223133	674046	OK	R B2 R D' B D' R D' R' D2 R2
12765433121213	696885	OK	R B' R D' B2 R2 D R B' D B2
73615243123313	680246	OK	R B2 R2 B' D R2 B' D2 B R2 D'
46512372113321	622822	OK	R B R2 B' D2 R2 B R B' R D
74325163131323	626281	OK	R B R D' B2 D B' R B D' B2
53762413322123	749841	OK	R D R' D B2 D' R D' B D B2
37615422313331	644484	OK	R B D B' D2 R' D R' B D' R'
74512361322233	734069	OK	R D R' B' D B2 D B R2 B2 D'
14356721322233	754031	OK	R D B' R' D B2 D R D2 R2 B'
34721652131213	684823	OK	R B' R B R' D' B D B' D R2
34562172232313	729848	OK	R D R2 B' R D2 R' B D' B' R'
13267541111132	664954	OK	R B2 R2 D' R B' R2 B' R' D R'
15236471111111	666388	OK	R B' R2 B' D' B' D R2 B R' D2
46257132211133	729426	OK	R B' D2 B D R2 B' D R2 D' R'
36547212221222	695689	OK	R B' R2 D2 R D R B' R2 D R
14723651111312	745383	OK	R D B D' R2 D R' D B' D2 R'
25137461111111	660918	OK	R B' R B R' D2 R' D' R' B D'
34165271211131	762152	OK	R D B' D B R D' R2 D R' D2
21357463213331	680377	OK	R B2 R' B R' B' R D' R2 D B2
36145272122222	691915	OK	R B' R B' D2 R2 B D R' D R2
76341251111312	754088	OK	R D B' R D R D' B2 D R' B2
37615421113322	682822	OK	R B2 R' D B' R B' D R' D2 R2
16537421233112	767216	OK	R D2 R D R2 D2 R' B D2 R' D'
35162742213323	627484	OK	R B R' B D R2 B2 D' R2 D B
25134672313211	666470	OK	R B' R B' D' B D2 B D R D'
21536742222131	672332	OK	R B2 R D2 B' D' B R' B R' D
53126471231231	793676	OK	R D2 B R2 B' D R' B R' B' R'
41532761233133	654867	OK	R B D2 B2 D' R D2 B' R2 B D
16275341312213	680150	OK	R B2 D' R2 D' B D' B2 R2 D' R
25736141233232	795491	OK	R D2 B D2 B' R D' R D' B' R'
75246131333312	710678	OK	R B' R' B D2 R' B R' D' B2 D'
74361253112132	793525	OK	R D2 B R' B R B2 D' B R D2
43572161111111	637609	OK	R B2 R' B' R' D R2 B D' B D'
76145232332213	702206	OK	R B' D2 B D' R2 B D R B' R
25714632123131	737063	OK	R D R2 B2 D R' D B' R2 B R'
62174533311212	644658	OK	R B D' R2 B' R B D' R2 B2 D2
37615422211133	671807	OK	R B2 R D' R B' D R' B' D2 B2
52167432131213	711722	OK	R B' D2 R B R2 B' R' D2 R' B'
63471522323132	791025	OK	R D2 B' R B' R' B D2 B D B
14725363311113	698029	OK	R B' D R2 B' R2 B D' R B R
41735622313322	624109	OK	R B R2 D2 B D2 B R D' R D
64275131212223	646019	OK	R B D2 R2 B' R' D B' D R2 D
67231543323122	805518	OK	R D' R2 B D' B D' R' D' R D2
67452313321232	648573	OK	R B2 R D2 R2 B R' B' R B' R
62453713311122	724286	OK	R B' D B2 R' B D B' R B2 R2
16345273233323	774051	OK	R D2 R2 B' D' R B' D2 B R' B2
52743611111312	745987	OK	R D B D' R2 D R' D B' D2 R
45621732212123	638691	OK	R B D2 R2 B2 R' D B' D B2 D'
36547212121313	689182	OK	R B' R D2 B' D2 B R' B D2 B'
34721653333313	699367	OK	R B' R2 B' D B D R2 D2 R B
45312762221111	705102	OK	R B' R' D2 R B R2 D' B2 D R2
25413763121222	622455	OK	R B R B' R B R2 D' B D B2
51642371122313	685719	OK	R B2 D2 R' B' D R' B2 D2 R D
67231541323112	826819	OK	R D' B2 R D' B R' B' D' R B2
35162472123233	687502	OK	R B' R2 D R' D' R B D' B D2
24531673123121	763542	OK	R D B R2 B' D R2 B' D2 B D'
73625141112323	597098	OK	R B R2 B' R2 D2 B D B' D R2
56741231211131	747080	OK	R D B R' D2 R D' R B' D2 R
26573413331312	626310	OK	R B R2 B2 R' B D2 R' B2 R B
16532471111222	642031	OK	R B2 R B2 R2 D B' R' B D' R
21354672311132	730476	OK	R D R2 B2 D B' R D' R2 D R'
42516372233111	678304	OK	R B2 D' R2 D' R D' B2 R2 D' B
26435712311132	609788	OK	R B R B2 R2 B R B D' B2 D'
34567212223232	734890	OK	R D R2 D' B R B2 D' R' D B
37246511112233	735394	OK	R D R' D' B D2 B D R2 D2 B'
37654212311222	645640	OK	R B D' B2 R' B R D' R2 B2 D2
12376451111222	692565	OK	R B' D R D' B D' R2 B R D2
71426533333223	671017	OK	R B2 R' D B' D B2 D2 R2 B' D'
36147252111113	731572	OK	R D R2 D' R B R2 D' R' D R
56347122333233	674566	OK	R B' R B D2 B' R B2 D' B2 D
21354671131313	683847	OK	R B' R2 D2 B R' D2 B D' R' D'
56341273131212	693485	OK	R B' R2 D2 R B D R' B2 D B
41725363121222	655784	OK	R B D' R D' R B2 D B' R' B'
32647152133121	777402	OK	R D2 R' D2 R' B D' B2 R2 B' R
46721533123313	631184	OK	R B R2 B' R D' B R' D R B2
24715631111111	598454	OK	R B D B2 D2 B R D' B D' B'
75346211211311	761657	OK	R D B' R D' B D2 B2 D R' D'
61527431111111	660104	OK	R B' R B D2 R' D R' B D' R2
12376541112323	651581	OK	R B2 R' B' D R2 B' R' D B' D2
73564213321322	664731	OK	R B2 R B2 D' B' D R' B R' B
34165273133312	754061	OK	R D B' R2 B' R' B2 R D' R2 D2
67354213131311	683874	OK	R B' R D B2 R' D2 B D B2 D'
52174633223123	717682	OK	R B' R' B' R D' R' D2 R' D' R
21345763332233	649217	OK	R B D2 R2 B' D' R B' D R2 D
46275313121222	660378	OK	R B D' B D' R B2 D B' D' R'
61534272311132	651749	OK	R B2 R' B2 R D' B R' B2 R B
21354673131113	682036	OK	R B' R2 B D B2 R' D2 B R B'
45213672221123	704004	OK	R B' R B2 R' B D2 R' B2 R D2
15273641112323	649335	OK	R B2 R' B2 D2 R' B D R' B2 R
72534163211123	648438	OK	R B2 R D B2 D' R' B2 D B D
24715631122121	713014	OK	R B' D2 B R B2 D2 R2 B R' B'
73642511113232	716812	OK	R B' D' B2 R D R2 D' R' B2 R'
16534271111111	672795	OK	R B' R2 D' B D B R2 B R' D
26175432331133	665517	OK	R B2 R D2 B' D' R B' R B' D
15724362212132	651147	OK	R B D' R' D B R' D2 B2 D R2
63752141122211	690084	OK	R B' R2 D R' B' R B R' B D2
63714252123131	654959	OK	R B2 R' B2 R B' R D' B2 D B
12563472131213	688200	OK	R B' R2 B' R' D2 R B R2 D' B'
56347212111311	715398	OK	R B' D' B R2 B R D' B' D2 R
14725362211121	714869	OK	R B' D2 B D R2 B2 D2 R B' D'
15627431322113	759615	OK	R D2 R B R2 B2 R' D B2 R' D'
35167242132212	620987	OK	R B R2 B R D' B2 D' R' B2 D2
34516272312332	769984	OK	R D2 R' B2 R' B D' R2 B2 R' B
26435713311122	655641	OK	R B D' B2 R2 B R B D' B2 R
16725431211131	743170	OK	R D B R' D2 R D' R B' D2 R'
51623743313321	634304	OK	R B R' D B' D' R B2 R B D'
73642511113322	741753	OK	R D R' B2 D R' B' R' B2 R2 D
41625731222231	660115	OK	R B D' B' D2 B' R' D2 B R2 B'
74132561321231	715600	OK	R B' D' R2 B D R2 D' R' D2 R'
27314652313211	663450	OK	R B' R B D B2 D B' D' R D'
17426531213123	743509	OK	R D R' B2 R' B R D B2 D2 B
64321572111131	789784	OK	R D2 B' R B R D2 R D' B' D
27614353311332	658816	OK	R B D' B R' B R' B2 D2 R' D'
14736521332121	744374	OK	R D R' D2 R' B R B D2 B2 D
24367511323112	807000	OK	R D' R2 B D' R D' R' D' B R2
12374651111222	665000	OK	R B2 D B' D' B2 R B2 R B2 R2
67412353132121	779324	OK	R D2 R' B2 R' D B' R2 D2 R' D
54671232221213	630136	OK	R B R2 B D R' B2 R' B' R2 D2
35126741232212	687127	OK	R B2 D2 B' R B' R2 D' B D' R2
63752412312323	755893	OK	R D B2 R2 D B' R B' R2 B D'
12745632212213	704387	OK	R B' D2 B R' B2 D B R D' B
35462712322322	653267	OK	R B2 R2 B R2 B' D2 R B' D2 B2
35126742231233	690568	OK	R B2 D2 B' D B' R2 D' R D' R2
34561721111111	636995	OK	R B2 R' D' R' D B2 R D' R D'
36745213121111	733580	OK	R D R' B D R B' D2 B R' B2
27416533321232	698464	OK	R B' D B R' B R' B2 D R D2
67245311133233	653020	OK	R B D' R' D2 R' D' B2 R D2 R'
75264132121232	648366	OK	R B2 R' D R' B' R D B2 D B2
12354762121112	648731	OK	R B2 R' D R2 D R B' R' D R2
54723612222212	693287	OK	R B' R2 B' D' B2 D B R2 D' R'
65132472233321	756717	OK	R D B2 R2 D R' B R' B2 R D'
54712362223322	654952	OK	R B2 R2 B D2 B D2 R' B R2 B2
46375213112111	737013	OK	R D R' B D' B R2 B2 R B' D'
25634713321232	664631	OK	R B2 D R' B' D2 R D2 R B2 R2
12364571112212	658844	OK	R B2 D2 R D2 R D' R' B' D2 B2
25714633121333	698939	OK	R B' R' B D2 B R' D' B R2 B2
31275462223211	623408	OK	R B R2 B D' R2 D R2 D' B D'
36152742131321	651470	OK	R B2 R2 B D2 B' R2 D R' D2 R2
42651733311122	691253	OK	R B' R B2 D' R D R' D B2 D2
56213471111111	601311	OK	R B D' B2 D B2 R' D R D B'
26453172211133	699589	OK	R B' R2 B D B2 R' D R2 D' R'
54367122211121	674479	OK	R B2 D' B' R2 B D2 R' B R D2
62371453311311	638029	OK	R B D' B' D R B' D R2 D' R
45367122223133	697946	OK	R B' R2 B R B2 D' B D2 B' R'
12576343212221	665515	OK	R B2 R' B R' D R2 D2 B2 R' D'
76324151112323	616289	OK	R B2 R B D' R2 B2 D R2 D' B'
76145232233213	673439	OK	R B' R2 B D' B2 R D B D' R
13275642131333	640759	OK	R B D R' B2 D' R B' D B' D'
31275462133211	620189	OK	R B R2 B R' D2 R D2 R' B D'
73645121113211	639229	OK	R B D2 R' B' D2 B' D' R2 B D
64275131312123	628664	OK	R B R' D R' D B2 R D' R' D'
26135742132221	722891	OK	R B' D2 B' D' B2 D' R D B2 R2
26714531212133	618581	OK	R B R' D B' R D' R2 D R2 B'
14723653321313	760853	OK	R D B' D2 R D B2 D R2 D2 B
62735143223213	725480	OK	R B' D2 B' R' B2 R' B D R2 B2
12346751113133	651094	OK	R B2 D R' D B D' R2 B2 D R
54167233232333	713025	OK	R B' D' R B2 R B D' B' R2 D
17463251323112	760857	OK	R D2 R B D2 B2 D' B D2 R' B'
74561233321313	733378	OK	R D R' B2 R' B' R2 B D' R2 D2
14735621233112	742227	OK	R D B2 R' B R' D R B R' D2
14753261323112	761141	OK	R D2 R D B2 D2 B' D B2 R' B'
27415632323231	643650	OK	R B D2 R' B' R2 B' D' R2 B D
12543673233323	734026	OK	R D R' D B R B' R2 B D' B2
53742612323333	639248	OK	R B2 R B' R2 D' B' R' D2 R' D
52367142211121	642677	OK	R B2 R B' D2 R' B' R' B2 R' D
14752363232222	685065	OK	R B' R D R B' R2 B' R2 B' D2
35762142222113	690468	OK	R B2 D2 B' D R' D2 B' R D' B2
65321472111122	621622	OK	R B D B2 D' B R2 D' R2 D B'
54326711112212	627561	OK	R B D' B R2 D' R B' D2 R2 B
54612372222131	631610	OK	R B D R B2 D B' D2 R2 B' R
54716232222113	651355	OK	R B D' R B' R B' R2 D2 B' R'
65132743222331	772106	OK	R D B' D' B' R D2 B' R B2 R'
15367421211113	746890	OK	R D B' D2 B D' R B R2 D2 B2
63751423122311	642047	OK	R B D' R B' R B' D2 B D2 R'
32156471111111	610159	OK	R B D' B D' B D2 B2 D R' B'
46372511221331	677734	OK	R B2 R' B D' R' B R' D2 R D2
76354121121212	642981	OK	R B2 R' B R2 B D R' B' D B2
14762351321231	705865	OK	R B' D' R2 B D' B' D B' R2 B'
24715633131131	701694	OK	R B' D B2 R' B2 R B' D B R
46275311123222	617067	OK	R B R2 D2 B' D' R D' R D2 R
72541633121111	727239	OK	R D R D' R2 D B' D B' D2 R
76213543213133	673023	OK	R B2 D R2 D B R2 D' B R' D2
57264132111323	650924	OK	R B2 R2 B R2 B R2 D' R B2 R2
56124371232323	725135	OK	R D R' B' R D' B D2 R2 B' R
45621373123331	633238	OK	R B R' D' R2 D' R' B2 D B2 D'
32475163331222	624190	OK	R B R' B2 D2 B R' B2 R' B2 R2
25736411133113	696897	OK	R B' D B D2 R' B2 D R B2 R'
24315761122322	692319	OK	R B' R2 B' D' B2 D' B R B2 D2
65213741111111	600126	OK	R B D' R2 D B' R D' R2 D2 B2
45621732233333	615703	OK	R B R2 D2 B2 D' B R' D B2 D'
64531273123121	730578	OK	R D R B' D B' D R2 D' B2 R'
34172562313331	644294	OK	R B2 R B' R B' D' R2 D' R2 B2
37614522313322	694528	OK	R B' D2 R2 B' R B' R2 D R' D2
74321653233323	718304	OK	R D R B' D2 B R' D B' R2 D
56174232323333	692287	OK	R B' D B R2 D2 B R B2 R2 D'
25367411211122	628233	OK	R B D2 B2 R B' R B' R D R2
41673521111111	600355	OK	R B D' R2 D B' R D' B2 R2 D2
46572311223122	709591	OK	R B' D B' R2 B' R' B' D R2 B
15642373231223	677748	OK	R B' R B R B' D2 B' D2 B' D2
56743212122222	651574	OK	R B2 R2 D' B R' B' D R2 B' D'
26415732233321	734673	OK	R D R' B2 R' B' R' D R2 B D'
63714521112323	610110	OK	R B D2 R' D' R' B R' B R' B2
37612542221111	661845	OK	R B2 D2 R B2 R B' D' R' D2 R2
52167433331333	681203	OK	R B' R B2 D' B2 D R' B D2 B'
45327612222323	635126	OK	R B D2 R2 B2 R' B D' B' R B
41762533123331	657698	OK	R B2 R B D' R B2 D' B R D'
47156321133311	679333	OK	R B' R D2 R D R B' D R2 D'
31462751111111	609468	OK	R B D' R2 D B' R D B2 R2 D'
51624731312123	650070	OK	R B2 R2 B R2 B' R2 D B' R2 B2
23165473233221	737114	OK	R D R' D2 R B D' B D' R B2
16742352232313	632328	OK	R B D2 B' R2 B R' B D R' D2
34125673133333	652137	OK	R B2 R' D2 B D R2 D2 R' D' R2
54723612221222	652670	OK	R B2 R' D B' R2 B R2 D' R D'
63725141233121	622402	OK	R B R' B D' B D2 R B' D' B'
23175463211222	632188	OK	R B R' D2 B2 D B' D2 B' R2 B2
31264752313121	644478	OK	R B2 R B' D B' D' R2 D' B2 R2
41725363121231	625218	OK	R B R2 D2 B' R' B D' B R2 B
12376451113133	646330	OK	R B2 D B2 D' B R' D B' D' R
13267451122211	680000	OK	R B' R2 D B2 D' B' D2 R2 B R'
27534612311132	625631	OK	R B D2 B' R B2 D' R' B2 R B'
72163453121213	653310	OK	R B2 R2 D' B D' B' D R2 B' D'
51742632323333	664165	OK	R B2 D' R' D2 R D2 B' R B D2
65132473111331	684749	OK	R B' R2 B R B2 D' B2 R B R'
61453721111111	600777	OK	R B D' R2 D B' R D B2 R2 D2
54261732231233	634456	OK	R B R' D B' R D' B2 R2 D' B'
34165271112212	700588	OK	R B' D2 B' R B2 D2 R D' B2 R
65132471231321	704744	OK	R B' D2 R D2 R' B R' D2 R' B
17425631323112	742315	OK	R D B2 R' B D' B D B R' B2
24765313222112	660320	OK	R B D' R B' D R2 D R' D R2
35614722321233	661127	OK	R B2 D2 R D2 R B' R' B' D2 B2
37615422313121	611174	OK	R B R B' D2 R' B R' B D' B'
72531463321232	679945	OK	R B' R2 D B2 D' R2 D' B' D B2
74561233233323	717410	OK	R D R B' D2 B R' D B' R2 D'
76253413322312	665599	OK	R B2 R D2 R2 D B2 R D2 R2 B
52361472131312	648423	OK	R B2 R2 D' R D' B' R D2 B' D'
12375461111222	641804	OK	R B2 R' D R2 B' R D R D' B2
13675241112323	612525	OK	R B D2 R2 B2 R' B' D' R D2 B'
12354763211123	678247	OK	R B2 D' B R' D R2 D R D' R2
74125633121111	725176	OK	R D R D' R2 D B' D B' D2 R'
17452633213232	647044	OK	R B D' B2 R2 B D' B2 D' B2 D2
36417522123311	618380	OK	R B R' B2 D' R B D' B2 R2 D2
56347213111211	685895	OK	R B' R' B R2 B D B' D' B2 R
12745632232211	675230	OK	R B' R2 B R' B2 D B D R' B
47156321111111	595622	OK	R B D R' B R' D B2 D2 B D'
52167432121313	652051	OK	R B2 R' D R' B2 R B2 D' R D'
36745212122312	708682	OK	R B' D' B D' B' D B2 R' D2 R
71234563231322	661050	OK	R B2 D B' R D B' R2 D2 B D
21364752311111	618484	OK	R B R2 D' B' R2 B' D' B2 R D
43167251232212	623539	OK	R B R' B R' B D' R2 B2 D' R'
75346212323333	678061	OK	R B' R2 B R B2 D2 R2 B R' D'
14625732113321	674053	OK	R B' R D' R2 D B' D B D2 R'
74125633133312	733717	OK	R D R' D2 R' B' R2 B R' D2 R2
37624511232233	695604	OK	R B' R' B2 R' B' D2 B D B2 R'
64231572311132	611663	OK	R B D R2 B' R' D2 R B R2 B
51324761111123	623181	OK	R B R' D R B2 D2 R' D2 R D
14567231321123	736141	OK	R D R' B' D B2 D B' R' B R
31276452313313	703617	OK	R B' D R' B R2 D R' B' D' B2
25641371213132	624003	OK	R B D2 R2 B2 R' B D' B D2 B'
64357212313211	597492	OK	R B D B2 D R2 D B' R2 D2 B'
24715363311332	627170	OK	R B R' D' B R' D2 B2 R' B' D2
74321563311131	625522	OK	R B D2 R' D2 R D2 B' D B D'
65172431132333	638023	OK	R B2 R B R2 B D' R' B2 D2 R'
32174561232233	700064	OK	R B' R' D2 R' D' R2 D B D2 R'
75261432123233	676535	OK	R B' R2 D B2 D' R' B2 D2 R B'
12345761111111	587601	OK	R B R' D2 B' D R' D' B D2 B
62135473123121	722478	OK	R D R B' D B' D R2 D' B2 R
46275312232133	636325	OK	R B D R2 D2 R B R B' D2 B'
71563243221221	661544	OK	R B D' B2 R D' R D R' B2 R'
12365472321233	697903	OK	R B' D2 B' D B2 R2 D R' D2 B
75346122133133	624352	OK	R B R' D' R B R' D2 B2 D B2
37256142321233	626419	OK	R B D' R B2 D' R B' R2 D2 B
24615733311122	630729	OK	R B R' D2 B2 D R D R' B2 D
25716431212223	635298	OK	R B D' B D' R2 D R B2 D' R
17425631322113	720690	OK	R D R2 B' R B' D R D R' D2
47156231332313	713141	OK	R B' D' R D2 R D' B' D B2 D2
32756141233121	649976	OK	R B2 R2 B D2 B R2 D' B D2 B2
56721343123331	620990	OK	R B R2 B2 R' B R2 D' B2 D B
24351761212232	644703	OK	R B D' B' R B' D2 R2 B' D' B2
46512371331221	643093	OK	R B D' R2 B2 R D' B2 D' B2 D2
12357461111222	674398	OK	R B' R2 D B2 D' B2 D' R' D R2
52743613121111	698084	OK	R B' D B R2 D' B R' B R2 B'
23176453332233	636950	OK	R B D' R D' R2 D B R2 D' R
71435262222122	618562	OK	R B R D' B2 R' B R' D R' D'
43576211123222	638965	OK	R B2 R D B2 D R' D' B2 R2 D'
15672341113232	703640	OK	R B' D' B2 R D' B' R B' R2 B'
37642513122221	663961	OK	R B2 R' B D' B D2 B2 R2 D' R'
32475161232323	623409	OK	R B R2 D2 B R2 B R D' B R
52341672323222	685353	OK	R B' R' D R' B' D R B2 R2 B
35172461232323	623403	OK	R B R2 D' B' D2 B' R' B2 D B
76541233331333	626923	OK	R B D2 B2 D' B' R2 D B2 D' B2
47152631322131	648773	OK	R B2 R2 B' R B' R D2 R D R2
16345273122323	696970	OK	R B' D B' D2 R B D2 R' B R'
54716321112323	613974	OK	R B D' B2 D B' R B D2 R2 B'
67412531131133	617097	OK	R B D2 B2 R B' R' B D2 R D
21365742312323	730903	OK	R D R' B R2 D R' B' D' B2 D'
14536273311311	624277	OK	R B D2 B2 R D' B' D B2 R B
54317621111222	609054	OK	R B D R' D2 B2 R D' R' B D2
74653213133222	648931	OK	R B D' R2 B D' R D B' R2 B'
12637451132111	721386	OK	R D R' D2 R B' D B R2 D2 B2
73654211111132	611234	OK	R B R2 B' R2 D2 B D B' D R
23165471111111	586523	OK	R B R' D R' B R2 B2 R D' B'
13247563212131	616600	OK	R B R' B2 D2 B' D' B D' R D'
36147251211131	693287	OK	R B' D R D2 B' D R' D R2 D'
12765433331333	623894	OK	R B D2 B2 D' B' R2 D B2 D' R2
41756233121231	643899	OK	R B2 R B D2 B R' D' R2 B2 D'
52741362313211	595160	OK	R B D R2 D B2 D R' D2 B2 R'
71362453113311	608743	OK	R B R' D' R D R' B R2 B' R
54621372211121	672591	OK	R B' R D R2 B2 D R B2 R2 D'
67345213111133	651779	OK	R B2 D2 R2 B' R D' R D2 B' R
53721463223312	658966	OK	R B2 R B2 R2 B R2 D R2 D2 B
76154323333112	676509	OK	R B2 D2 R' B' R D' B2 R2 D R
56274132331133	610456	OK	R B R D B2 R D' B2 R2 D' B
54712361323313	676172	OK	R B2 D2 R' D' R D' B2 R2 D B
15637423211123	604610	OK	R B R2 B' D B' D R2 D' R2 D
14327653121213	653780	OK	R B2 R' D2 B D B2 D2 B' R' D2
31247651323232	697664	OK	R B' D2 B D' B D2 R' B2 R B2
21375463333211	684595	OK	R B' R D' R2 D' B' R' D B2 R
12357462211112	662708	OK	R B' R B R2 B2 D2 R' D' R D2
23147651112323	599993	OK	R B D B2 R2 D B' D' R B2 D2
26513471122121	638931	OK	R B2 R D' B2 R' B' R' D2 R' B
24763151111111	574317	OK	R B R' B2 R D' R D' B2 D2 R2
45367213111133	650974	OK	R B2 D2 R2 B D B' R2 D R' D
46157321331233	641524	OK	R B D' R' B R' D2 B2 R' D' R2
75132463233233	613709	OK	R B R2 D2 B' R D' R' B2 D2 R
53762143222331	654462	OK	R B D' B' D B R' B2 D2 B D2
67342512222113	621007	OK	R B R' B R B' D2 R D' B R'
73645122222311	638185	OK	R B D B D R' D2 B D2 B R2
16753241221112	626724	OK	R B D' R B' D2 B R' B' R' D'
15724631111111	568152	OK	R B R D2 R2 D R B' D R' B'
16423572112121	625855	OK	R B D2 B2 R D' B D' R B R2
41725633211111	697417	OK	R B' D B' D2 B R2 D' R D B
13267541232212	609717	OK	R B R D' B R' D B2 D R D
34125672131312	645329	OK	R B2 R' B2 D B D2 B2 D' R' D2
37641252222323	656679	OK	R B2 D2 R B2 R B' D' R' D2 R'
16534273211111	695094	OK	R B' D2 B' D B2 D R2 B D B2
17426531313131	627735	OK	R B2 R D B' R B D B2 R D2
32761452122222	648750	OK	R B2 R' B2 D B R2 B2 R' B' D2
54276132233312	652709	OK	R B2 R' B R' B2 D' B R' D2 R2
74532163123223	664567	OK	R B2 R' D R' D B2 D2 R2 B' R'
72513641233322	670537	OK	R B' R2 B R' D B2 R' D2 R D2
21345762313223	635852	OK	R B D2 R' B R D2 B2 R D' R'
26135742332312	689432	OK	R B' R2 B' R' D2 R' B D B2 R2
57123461111111	577309	OK	R B R' D2 R B2 D' R D R B'
12563473131212	644073	OK	R B2 R' B R' B2 R D2 B' R D'
34517622231323	653007	OK	R B2 D2 R D2 R B' R' B' D2 B'
52341672211112	656247	OK	R B2 D' R2 D' B D' B' D2 B R2
54612733322213	659487	OK	R B2 R' D R' B2 D' R B' D2 B2
63741522123131	594174	OK	R B R D2 R B R2 B' R' D2 B
25163741112323	593848	OK	R B R2 B2 D2 R' B' D R' B R2
23157461231333	615876	OK	R B R' D2 B' R D R' B2 D2 R2
36521472113321	614741	OK	R B D2 R B2 D' B' R' D2 R' B'
54376211113133	644136	OK	R B2 D B2 D' B R' D B' D' R'
64275133312211	642712	OK	R B D2 R' B D B2 R2 D R' B'
23164573213133	605531	OK	R B R B2 R D' R D' R B R
51426731111111	590112	OK	R B D R2 D R' B' D R' B2 R2
76543211212112	691799	OK	R B' D B2 R B2 R' B D' B2 D2
34175263321232	641075	OK	R B2 R' B D2 R' B D B D' R2
17324561211323	752362	OK	R D2 R B' D B R2 D' R B R2
17426531121212	629312	OK	R B2 R D B2 R' B2 D R D B'
34275162213221	682050	OK	R B' R B' R2 B' R' D' R D2 B
72163453133333	648612	OK	R B2 R2 D' R B' R' D R2 B' R'
37614522113321	675823	OK	R B' R2 D2 B' D B' D2 R B' D2
65241371111111	602833	OK	R B2 R B' D R D2 B' R D R2
47126532133133	639810	OK	R B D' R2 B2 R' B' D B' D B'
14735621323112	718201	OK	R D R2 B' R D' B R D R' B2
67341252222323	621650	OK	R B D2 R2 B' R B R' B R2 D
25736411331113	666829	OK	R B' R B D2 R' D2 B R D2 R'
35426713111313	629101	OK	R B2 R B2 R2 D B' R B2 R D2
26543171111111	573645	OK	R B R' B2 R D' R D R2 B2 D2
71463523331222	634390	OK	R B D2 R2 B' R B' D' B2 R2 D
74561232221111	676078	OK	R B' R2 B' R D2 B2 R B' D2 R
32465173233221	721353	OK	R D R D' R D' B' R2 D2 B' R
54371261113331	590970	OK	R B R2 B2 D B' D2 R D R2 B2
64321572311132	658078	OK	R B' R2 B D R2 B2 D R B R2
57364212313211	571592	OK	R B R D2 R B2 R B' R2 D2 B'
76354123313333	643481	OK	R B2 R2 D B' D B' R2 B D2 R2
32751643321232	614905	OK	R B D B' R2 D2 B R' D' R D2
41723562313211	594123	OK	R B R' B R2 D R' D' B' D2 B'
52341671122211	659699	OK	R B2 D' R2 D' R D' B' R2 B R2
65132471323121	714692	OK	R B' D' B D2 B R' B' R D2 R2
63471522123131	675336	OK	R B' R' B' R D2 R' D2 R' D R
47165322232133	613858	OK	R B R D2 R2 D B R B' R2 B'
67321453113311	640119	OK	R B2 R' D' R' D B2 D B2 D' R2
16745232121313	629980	OK	R B2 R B' D B2 D' B2 R D' B'
45367211211122	648990	OK	R B2 D2 R2 B D' B R2 D' B D'
36527412211322	658298	OK	R B2 D' B' R D' R B2 D' B R'
42613572313211	593679	OK	R B R' B2 R' D' B' R D2 B R'
65271432231233	606450	OK	R B R B' D R' D R2 D B D
23174652123131	597572	OK	R B R2 B' R D2 B' R' D2 R B'
27456133132223	611629	OK	R B R' B' D B R2 D2 B2 D' B
63742511232221	610272	OK	R B R2 D2 B' D B' R' D2 B2 R
71462532121112	624714	OK	R B2 R B R2 D' B2 R D B R'
75416323232213	603157	OK	R B R2 B' D2 B D' B R B' D2
47156233233113	694681	OK	R B' R' D R2 D R' B' D B2 D2
76345122311111	651175	OK	R B2 D2 R2 D R D B' R D' R2
76143253131212	633182	OK	R B2 R D' R B2 R' D2 B D' B'
31257643311122	629609	OK	R B D2 B' D B' R B2 R' D2 R
76354212313322	665441	OK	R B' R B2 D' B' D B' R2 B D'
74132562121121	654897	OK	R B2 D B2 D R B D R2 D B'
47632153212311	697948	OK	R B' D2 B' R B2 R B2 D B R2
14325673311131	656764	OK	R B2 D' R' D B2 D B D2 R2 D
35462173131311	633605	OK	R B2 R D2 R2 B D' B R2 B D2
72146352232223	601200	OK	R B R2 B' R2 B R' D R B' D2
73652413211312	614483	OK	R B R' B R' B D' B2 D B2 R'
36547213331333	646802	OK	R B2 R' B D' R2 D B2 R' D R'
54612732112223	653292	OK	R B2 R' B D' R2 B' D B' D2 B2
45673213211222	635969	OK	R B D2 R2 B' D B' D' B2 R2 D
75241632222323	628203	OK	R B D2 B2 R B' R2 D B D2 R2
47652132231323	604933	OK	R B R2 D2 B2 D' R D' R' D B
14725361111111	568278	OK	R B R B' D R' D B2 D2 B D'
21354672311123	701830	OK	R B' D2 R D2 R' D B' D2 B' D
31265471122133	639893	OK	R B2 D R' B D R2 B' R D' R'
51724362122222	629805	OK	R B D' B2 D B R2 B R' B' D
26153471122121	666165	OK	R B2 D' R' B2 R D2 B' D R B2
35476122221111	605705	OK	R B R' D B2 R' B R' B2 D2 R
53642171111111	581733	OK	R B R' B2 R D' R D R2 B2 D'
16723451122133	600471	OK	R B R' D2 B2 R' D B' D' R B2
56432713122122	658141	OK	R B2 R' D B' R2 D' R B' R2 B2
12347651122112	683334	OK	R B' D R2 B R2 B' D B' D2 B2
76354121313131	595624	OK	R B D R B D' R' B D2 R' D
51324763113332	622110	OK	R B R' B' D B D' B2 R2 B R2
34167252213323	606784	OK	R B R' D' R B D2 R2 B2 D R
56347212123233	656097	OK	R B2 D' R B2 R' B' R B' D2 B2
36527412131222	679127	OK	R B' R' D R' B' R D2 B' D2 B
52376413222223	616773	OK	R B R' D' R B D2 R2 B2 R' B
37614523232213	667278	OK	R B' R D' B R D' B R B' D'
53476121323322	714245	OK	R D R2 D2 B' R B2 R' D B2 D'
16574231113133	598003	OK	R B R2 D2 B2 D' B R' D' R D
67354121111111	564025	OK	R B R B2 R B R2 B R B R'
76345122211121	632965	OK	R B2 R2 B' R' D B2 R' D B D2
12376542121232	625280	OK	R B2 R B D2 R' B2 D B R B'
76341253221212	680477	OK	R B' R' B D' R' B D2 R' B2 R
76312453311311	634676	OK	R B2 R' B' R' D R2 D R2 D' R2
41563273113311	599770	OK	R B R2 B2 D R' D' B D2 R B
46123571111111	572918	OK	R B R' B2 R D' R D' R2 B2 D2
65174232323312	640077	OK	R B2 R' B D2 R' B' D' B2 R D
73645211231111	683929	OK	R B' D R2 D' R D' B R2 D2 B2
41657321222312	625791	OK	R B R' B R' D B2 D R' D B2
36745212123323	656056	OK	R B2 D' R' D B' R B2 D' R B'
17426531132312	671940	OK	R B2 D' B R2 B2 R' B D2 R' B2
32561471113133	660209	OK	R B' R B' D2 R D R2 B' R B'
34516271111111	588672	OK	R B D B' D2 B' D' R' B R2 D'
72541631111312	660677	OK	R B' R B R2 D' R D' B D2 B'
13254763323122	726100	OK	R D R' B' D' B' R2 D R' D2 R
76213543311332	637689	OK	R B D' B R' B R' D2 R B2 D'
14726532232313	642653	OK	R B2 D B D2 R2 B D' B D2 B'
63472512123332	587927	OK	R B R B2 R' D B2 R' B2 R B'
16543721111111	582400	OK	R B D R2 D R' B' D R' B2 D
76143252221222	628235	OK	R B2 R B' R B2 R' D2 B D' R'
35461271111231	695222	OK	R B' D2 B R' D R2 B' D2 B R2
12357461113331	647756	OK	R B2 D2 R D2 R D' R' B' D2 B'
13245671321111	722524	OK	R D R' B D2 R D' R' B' D2 B'
36714523132223	632025	OK	R B2 R B' D2 R B D2 R' B' D
16523741112212	590005	OK	R B R D2 R2 B' R D2 R' D2 R2
63142571111111	577997	OK	R B R' D' B R2 B R B' R2 B2
25741632222323	648253	OK	R B2 D B2 D' R D' R B' R' D'
67354212111221	640625	OK	R B2 R' B R2 D' B' R' D2 B D
24615732213311	621429	OK	R B R2 D' B R D2 B2 R B' R'
14573261333111	613660	OK	R B D2 R D' B R2 B2 D' R' B
13246572321332	648250	OK	R B2 D R2 D R D B R2 B R'
31264572122213	623407	OK	R B D' R2 D' B D B R2 B2 R
76354123211123	634690	OK	R B2 R D B2 D' R' B2 D B D'
36145272131312	619108	OK	R B D2 R' D B R B2 R2 D' B
12765432121313	623204	OK	R B D2 B2 D' B' D2 R B2 R' D2
71462533221113	674785	OK	R B2 D' B D2 B2 D' R D2 B' R2
65174233323212	646125	OK	R B2 R' D B2 R' B' D' R2 B D
17364251231231	679928	OK	R B2 D' B2 D R D2 B2 R' B' R2
47321651311133	583771	OK	R B R B R2 D' B2 D R2 B' D'
14523672121313	622489	OK	R B D2 B2 D' B' D2 R B2 R' B2
13462571111111	586899	OK	R B D R2 D R' B' D' B2 D2 R
27134561131133	597224	OK	R B R' B' D R D' R D2 R' B
47156233211132	686674	OK	R B' R2 D R2 D' R B' D2 B' R
15426371111111	586245	OK	R B D R2 D R' B' D R' D2 B2
45321671212211	615506	OK	R B D' B' D' R D2 B' D R2 D'
54362171113133	580694	OK	R B R B D' B2 D R' B R' D'
45612371133221	724738	OK	R D R' B2 R B R' B D' B D2
14762351221331	721628	OK	R D R2 D' R' B2 D B' R B D'
37624513131323	603565	OK	R B D R B2 D2 R2 D B2 D' B2
72165432211112	632993	OK	R B2 R' D2 R D' R' D B2 R D2
34172562132332	644177	OK	R B2 R D' B D' B' R2 B' R2 D2
47265312131312	611292	OK	R B D B2 D' B' R2 D B' R' D'
46523711331332	613347	OK	R B R2 B' D B' D R' B D B2
36147251131211	647666	OK	R B2 D2 R' B R B2 R2 D B D
72345613333331	702083	OK	R B' D' R D' B' R B2 D' B2 D
45321671221121	663902	OK	R B' R B R2 D2 B R D2 R2 B'
24516732233111	606199	OK	R B D R2 D R' B' D R' B2 R'
65271341332331	619203	OK	R B R2 D2 B R' B D' B R' B'
16524731112233	675846	OK	R B' R' B2 D B' D' R D' R2 D'
52314761322122	642882	OK	R B2 R2 B D2 B' D2 R D' R2 D2
74561233111112	656829	OK	R B2 D' R' B2 D B D2 B2 D' R'
63741252222323	653336	OK	R B2 D B2 D' R D' R B' R' D
74325613133333	618270	OK	R B D2 R' D R B R2 B2 D' B
14765231111312	664930	OK	R B' R D R' B2 D B2 D B' R
73125463133132	620891	OK	R B R' B2 D B' R B D' B2 D'
12375641113112	717501	OK	R D R' B2 R' D' R' D B2 R D'
15624732133313	612783	OK	R B D2 R2 B R' B D R' B2 R'
32164572232223	662804	OK	R B' R B' D R D' B D B' D'
31264752132122	645712	OK	R B2 R D' R B' R' B2 R' B2 D2
51724363121213	627185	OK	R B D' R2 D B R2 B D' B' D
26135742213323	600181	OK	R B R' B D R2 B' D R B2 R'
76514321112323	594093	OK	R B D B2 D B' D' R D' R2 D2
35462171212121	605528	OK	R B D B2 R' B2 D B R2 B R'
14625731131121	701632	OK	R B' D' B' D R2 B' R2 B R' D
26715433231322	620199	OK	R B D' R B D2 B2 D' B' D2 R
76341251112131	660019	OK	R B2 D' B' R2 D B D2 B2 D' R'
32156742313223	671462	OK	R B2 D' B D' R D2 R D R' D2
32164572232313	665719	OK	R B' R D' R B2 D' R' B D2 B'
45673212212132	617257	OK	R B R' D2 B2 D' R' D B' R B'
25714632223331	686244	OK	R B' R2 D R2 D' B R' D2 R' D
31456722111221	608356	OK	R B D R B' D2 R2 D' B2 R' B
76345123311113	630525	OK	R B2 R2 B' R D' R2 B R' B' D2
24536713231232	611676	OK	R B R D2 B D2 B2 D R' B2 D2
32546713323212	612718	OK	R B D B D' R2 B2 R' B2 D' B
75264311223122	646078	OK	R B2 R2 B R2 B D2 R' D B2 D2
71432561232323	657778	OK	R B' R B2 R' D2 B R' D' B' R
36721452121322	660204	OK	R B2 D' B R D' B R' D2 R' B
36721452122213	651830	OK	R B2 D2 B R B2 R D R2 D' R
34725611212211	651832	OK	R B2 D2 B D2 B R' D R2 D' R
13527461211113	692444	OK	R B' D' B D2 R' B D R D' R2
67354211212121	591695	OK	R B R' B2 R D' B2 R D B D2
43675211221331	621196	OK	R B D R B D' R2 B R2 B D2
12354763131131	626437	OK	R B2 R B2 R2 D R' D R2 D R2
52147631131211	643464	OK	R B2 D B' D B' R2 B D' B' R
46375213123121	697550	OK	R B' D2 R D' R' D B D' R B2
36125473232222	664864	OK	R B2 D' B' R D2 R B R2 D2 R
64271533221212	665366	OK	R B2 D' R2 B D' R' B D' R D'
21364753212212	611580	OK	R B R D B D' B2 R B2 R B2
25463713212332	621786	OK	R B R' B' D2 B' D' B2 R B2 R'
46125731333123	625254	OK	R B D R' D B D2 R' D R B2
31264573222223	637232	OK	R B2 R D' B2 R B R2 D' B' D
41725631211122	635717	OK	R B2 R' D R' D2 B2 R' D' R2 B'
74163251121122	650471	OK	R B2 D2 B D2 B D' B D2 B' R
71532463221332	610914	OK	R B R D2 R D' R B' D B D
34725612231212	648968	OK	R B2 D2 B R D2 R D R2 D' B
76325412231212	648279	OK	R B2 D2 B D B2 D B R2 B' R
75213642223133	630535	OK	R B D2 B' R B' R D2 R' B2 R
14527632212111	651578	OK	R B2 D2 B R2 B R' D B2 D' R
74163252131111	647340	OK	R B2 D2 R2 D' B' R B' R2 B D
13254761322233	680185	OK	R B' R' D2 B D' R' B D' R2 D'
32761453133333	615869	OK	R B D2 B2 D R D R' B2 R' B
21654372231323	640480	OK	R B2 D R2 D' R D' B D' B' D'
32745612313322	591665	OK	R B R2 D B2 R' D' B' D2 B' R'
73456123231322	593037	OK	R B R D B' D2 B R' B R' B'
76143252131312	611966	OK	R B D2 B2 D R B D' R2 D' B
73625143333313	602599	OK	R B R' B D2 B R2 D' B R' D'
12745633131131	662042	OK	R B2 D' B' D B2 D R B2 D2 B
54123673233323	666373	OK	R B' R D R2 B' D R' B R2 B'
12347561112212	615720	OK	R B D' R D R2 D2 B' R' B D2
12753462231323	598417	OK	R B R2 B2 D R' D2 B R D2 B2
35472163231322	630969	OK	R B2 R' B D2 R' B D B D' R'
36714522122213	629056	OK	R B D' B2 D' B R D R2 D2 R
74125633332323	660169	OK	R B2 D' B' D2 R B R2 B2 R' D'
34725612121322	655224	OK	R B2 D' R D R' D B' D2 B' R
16524731113133	614683	OK	R B2 R B' D2 R2 D' B R D2 R
72365413331333	632828	OK	R B2 R D' B D2 B' D2 R D' B'
76325411331311	682066	OK	R B' D R' B2 D B R2 D' R D'
25716433223213	653074	OK	R B2 R2 B' D B' R B2 R B D2
13576241321321	622156	OK	R B R' D B R' B2 D R' B D'
54376211111132	622652	OK	R B2 R2 D2 B' R B D' B D' R2
32456173212332	627290	OK	R B D B D2 R B' D2 R2 B' D
14752631112311	662250	OK	R B' R B' D2 B D2 R' D R B
64275311112332	634108	OK	R B2 R2 B R' B2 D R2 D B2 D2
71462532111212	599041	OK	R B D R' D2 B D' B2 R2 D R'
27634511131133	637243	OK	R B2 R' D' B' R D2 R B2 R' B2
71432563232213	639856	OK	R B2 D B R2 D2 B D' R B2 R'
27516341111111	560337	OK	R B R B2 R B2 R B R B2 D2
52163471112122	635026	OK	R B2 R' D' R2 B2 D R B R' B2
43615272113321	594258	OK	R B R2 B' D2 R2 B R B' R D2
25734162221111	593216	OK	R B R2 B2 R B2 D R2 D2 B R'
17643251122112	599409	OK	R B R' B R' D2 R B' D' B' D'
12347652123233	632066	OK	R B2 R' D2 R B' R' D R2 B D2
31572461122133	596016	OK	R B R2 D2 B R2 B R D' B R2
36714523132322	628442	OK	R B2 R B D' R B R B2 D B2
12365741113331	619942	OK	R B D' B R D2 R2 D' R' B2 D
71345262132131	728002	OK	R D B2 R' D2 R' D B' D2 R2 D
23167541233322	662253	OK	R B2 D' B2 R D' B' D R' D R'
76325412333233	644242	OK	R B2 D2 B R2 B D' R B2 R' B
43512671313332	599430	OK	R B R' D R' D2 R B R2 D' B
76342511111321	682421	OK	R B' D B2 D' B2 R B' D' R' D
76312542321212	603155	OK	R B D B' R2 D B' D2 R2 B R'
61543271112311	663465	OK	R B' R2 B' D B2 D B2 R D B2
36752143133222	690898	OK	R B' R' B' R2 D B D R' D' B
71426353312211	639720	OK	R B2 R D R2 D' R' B2 D B R
61234572231323	641563	OK	R B2 D R2 D' R D' B D' B' D
62531472321233	620729	OK	R B D' B D R2 D2 B' D' R D2
41726352313322	594537	OK	R B R2 D2 B R' B' R' D2 R2 B'
16725432211121	633222	OK	R B2 R' D R' D R2 B' D' R D'
21354761133311	628373	OK	R B2 R2 B' R B' R2 D B' R' D2
23164752131312	607905	OK	R B D R2 B2 D B' D B' R D'
71423563213232	617948	OK	R B R' D2 R' D R2 B' D2 B R'
47132562311111	619853	OK	R B2 R B2 R' B2 R B2 D2 R2 D'
43572612312323	654155	OK	R B2 R' D2 R D' B D' B2 D R
13546271321321	686078	OK	R B' R' B2 R D' R2 B D2 B' D2
27536412332312	643629	OK	R B2 R2 B' D R' D R2 D B D2
12347653111133	621605	OK	R B2 R2 D B D2 B D' R' D2 B
31256471231222	604205	OK	R B R B2 D B2 D2 B R' B2 D2
74163253121111	670189	OK	R B' R D R2 B' R' B D2 B' R'
76341252323333	630738	OK	R B2 R' D B' D R2 B' R' B D'
16527341111111	585225	OK	R B D R2 D B2 D R B R2 D2
26437512122312	664159	OK	R B2 D' R2 B D' B' R D' R D'
27534161111111	561923	OK	R B R B2 R D' B' R B' R2 D
35462172213311	666880	OK	R B2 D' R B' D R2 D R B' D2
53476121323112	713463	OK	R D R2 D2 B' D B2 D' B R2 B'
54367122311111	634822	OK	R B2 R' B2 D2 R' D2 R' D' R2 D2
34165271121311	657079	OK	R B2 D' R' D2 B D B2 D2 B' R'
23176452132221	645681	OK	R B2 R2 B' R D' R D2 R B D2
23165472111122	624069	OK	R B2 R2 B' D2 B D B' R2 D B'
74265312333233	611310	OK	R B D2 B' D2 R D' R2 D B D'
15463271313113	593160	OK	R B R2 D R' D R2 D2 B' R' B
35426713312211	669547	OK	R B2 D' R D' R D2 R B R' D2
12364751113133	631989	OK	R B2 R' D R2 B' R D R D' B'
47132652233321	654946	OK	R B2 R' D2 R B' D B' D2 B R
72541631113121	647924	OK	R B2 D2 R' D B R2 B2 D R B
76354122112121	618036	OK	R B D' R B R2 B R' D2 B D2
14652733321331	605647	OK	R B R B D2 R D' B2 R2 D' R
54367121113211	610459	OK	R B D' B2 R2 D' R' B R' B R
65174322313211	566783	OK	R B R B2 R B2 R B' D2 R2 B'
74312652333332	591019	OK	R B R2 B2 D B' D B' D R B2
67321451311133	611429	OK	R B D' B' R D' R B2 D' R' D2
12365471211122	640810	OK	R B2 D B' D2 R' D R D' R D
35462173221221	698036	OK	R B' R' D' B2 R B R B' D' B
24315762213323	602316	OK	R B R' D R B2 D' R D R2 D'
14527631211131	662509	OK	R B' R B R2 D' B' D B2 D' R'
17246351111111	562158	OK	R B R B2 R D' B' R B' D2 R2
72165433233323	662400	OK	R B' R B R' B2 D R2 D R' D
56741232111113	648918	OK	R B2 D2 R' D R B2 R2 D R D
62135743222331	623796	OK	R B R' B' R D' R2 B2 D' B' R2
14625732233111	620607	OK	R B2 R D' B R D2 B' D R B
51742632323231	632795	OK	R B2 R' B2 D2 R' B2 R' D' B2 D2
24153672321233	584102	OK	R B R B2 R2 D' B R2 B' D2 B2
42573612323231	619692	OK	R B2 R B2 R' B2 D2 R' B2 R2 D'
56247132333233	605920	OK	R B D' R' D' R D2 B' D B2 D'
15724632323231	649039	OK	R B2 D2 R2 D R B R' B D' B2
26453711333333	636712	OK	R B2 R2 B R' D2 B R2 B D2 B2
54367123311113	607784	OK	R B D2 B2 R B' R B' R D R
14726531232122	671570	OK	R B' R2 D2 B' R D' B2 R D' R2
54362711323112	721141	OK	R D R' D' R D' B R2 D2 B' R
56423172112121	650769	OK	R B2 D2 R2 B R' D B2 R' D B'
13725642332132	725315	OK	R D B2 R' D2 R' B R' D2 B2 D
32561471122211	630714	OK	R B2 R' B2 R D' R' B D2 R D2
67345211211122	629297	OK	R B2 R2 D2 R' D R D2 R2 B2 R'
21354761113211	649137	OK	R B2 D2 R2 D B R B' R D' B2
21374653333121	636365	OK	R B2 R D R2 D R' B' R2 D2 B'
37624513231313	589478	OK	R B R2 B' D B2 D' B R D2 B'
12357641113331	580781	OK	R B R2 B2 D B' D2 R D B2 R2
16374521112323	591783	OK	R B D B2 D B' D' R D' B2 R2
65423713321322	611345	OK	R B R2 D2 B2 D' R D' R B2 R'
24561372111131	687094	OK	R B' D2 B R' B R B2 D' B R
15734622331223	600708	OK	R B R B D B' D2 R B2 R B2
23167542131222	664644	OK	R B2 D' B2 R D' R' B R' B D'
17642531111111	560905	OK	R B R B2 R D' B' R' D2 R2 B
14726531223122	688640	OK	R B' D2 R2 B' D B' R2 D B' R2
14527632122213	652330	OK	R B2 D2 B D R2 D R D2 R' B
14327652131213	609127	OK	R B D2 R' D' B2 D R D2 R D'
24651731113223	622243	OK	R B D' B D' B D2 B2 D R D
35246171111111	560585	OK	R B R B2 R D' B' R B' R2 B2
54721631122121	658986	OK	R B2 D' R D2 R' D' B R' B2 R2
45613271331221	614281	OK	R B R' B2 R' B D2 R' D2 R B'
25436712123332	625184	OK	R B2 R2 B' R2 B D R' B2 D B'
32741653111112	627866	OK	R B2 R2 D2 B D' B R' D2 R D'
17462352213311	636752	OK	R B2 R B D2 B' R' B2 D R B
32765413231223	660566	OK	R B2 D' R' B D2 B D B2 R2 B
32741652111113	644549	OK	R B2 D B' R D' R2 D R' B' R
32615473332122	702813	OK	R D R2 B' D2 B' D R' B2 D2 B
56132472333332	645295	OK	R B2 D2 R2 B D' R B2 D' B R'
46321752111131	686720	OK	R B' D2 B D' R B R2 D' B R
32145671221112	664591	OK	R B' R D2 B R2 B' R B' D2 B2
73625412222323	616861	OK	R B D2 B2 R B' R2 D B R2 D2
56347212232223	617757	OK	R B2 R D B2 D' R2 D B' R' D2
56712343211123	631494	OK	R B2 R' B R2 B' D R2 B' R' B
37452162323312	588482	OK	R B R D B' D2 R2 D' R2 B' R
32761452121313	595573	OK	R B R' B2 D R2 D' B D' R2 D'
14356721112323	591383	OK	R B D B2 D B' D' R' B2 R2 D
32164572233321	687459	OK	R B' D2 R B D2 B R2 B D' B2
16345271222111	660731	OK	R B' R B2 D R2 D' B D' B2 D2
34275161312213	582555	OK	R B R B2 R D' B' R B' R2 B'
23156471222132	634919	OK	R B2 R' D R2 B' R' D' R2 B R
54312672212111	590036	OK	R B R' D' R' D R2 B' D B2 D'
35162473332122	665226	OK	R B' R B2 R D R D' R D2 R'
65134721233232	673546	OK	R B2 D' R2 D R B2 D2 R' B' R2
15724632323333	628094	OK	R B2 R2 B' D' R B2 D' B R D2
36752142122132	639171	OK	R B2 R2 D R' B D' R2 D B2 R2
76342512232223	635300	OK	R B2 D R D2 B2 R D' R D2 R'
34125672221222	591299	OK	R B R2 D2 R' D' B' D B2 R' D
61274532231323	592244	OK	R B R2 D2 B' R D B' R B2 D
72365413131212	591278	OK	R B R2 D2 R' B' D' B D2 R' D
31257462312311	636736	OK	R B2 R2 D2 B' D' R D' R2 D B'
27435612122222	588789	OK	R B R D2 B2 R D' B D' B D'
23456173233122	684532	OK	R B' D R D2 B2 R B D2 B2 R'
76541233121213	599164	OK	R B R2 D' R D B R2 B2 D' B
56423173133111	647347	OK	R B2 D2 R2 B R D' R2 B R' B
35426712131132	637155	OK	R B2 R2 D B' R D' R2 D R2 B2
71542633132322	599063	OK	R B R2 D' R2 D R2 B' D B R'
32761452222212	613946	OK	R B D2 R' D' R2 D B D2 B D'
25736411231321	642357	OK	R B2 R' D' B R2 D' B' R' D B2
31564273113311	603234	OK	R B D B' R B R2 B2 D' B' R
56741233111112	627130	OK	R B2 R2 D2 B D' B R' D2 R D
14736523112222	628849	OK	R B2 R D' R2 B R D2 B' D' R
14763521113211	617584	OK	R B2 R B2 D2 R B2 R' B2 R2 D'
32145671123333	623463	OK	R B2 R' B R2 D' R' D' B R' B'
16537421113331	603971	OK	R B D2 B D R' B2 D R D B'
31264573132313	579614	OK	R B R B' D2 B R' D' B2 D2 R'
14527631311121	647430	OK	R B2 D2 R2 D' R' D R' B2 R B
67321542232133	616170	OK	R B D B2 R' B' R2 B D R2 D
76215341231231	604578	OK	R B R D' R B2 D' R2 D B R2
76315241112113	661614	OK	R B' R D2 R' D R' B R2 D2 B2
32145671333333	650584	OK	R B2 D' B D R' B R' D2 R' D
62543711211113	647225	OK	R B2 D' B' R' D2 B D' R2 D' R2
13647521111111	555779	OK	R B R D B2 D R' B' R' B2 R2
23165472132332	659977	OK	R B' R B' R2 B R' D R B2 D'
76321543311131	599253	OK	R B D B2 D' B R2 D' R2 D B2
12645371131121	688942	OK	R B' D2 R' B R B D2 B R' B'
14752633223231	710858	OK	R D R B' D R' B' D2 R2 B' D
36721453113113	665845	OK	R B' R D' B2 R D R2 B' R D'
25436712132122	663316	OK	R B' R D2 B' D' B D' R2 D R'
45367211111132	631105	OK	R B2 R' D' B2 R D' R2 D B' D2
71453262222221	649131	OK	R B2 R' D B D R' D2 B D' B'
62135471122121	632472	OK	R B2 R2 B' D' B R2 D' B D B2
37652143231322	621019	OK	R B2 R D' B2 R2 B' R D R2 D
35617423131332	639135	OK	R B2 R2 D2 B' R' B D' B2 D B'
57246131112233	623573	OK	R B D2 B2 R' D R' D' R B2 D'
23756143222331	703876	OK	R B' D B D2 B' R D2 B' D2 B
62135473131131	631103	OK	R B2 R2 B' D B' R2 D R' D' B2
67345211311133	614742	OK	R B2 R B' R2 B' R2 D B2 D' B
32567412122222	594793	OK	R B R2 D' R B R B2 R2 D' R
53126471321321	681194	OK	R B' R' B2 R D R2 B' R2 B D2
54721632212222	627471	OK	R B2 R2 D R D' R2 D' B' R2 B
14736521221313	665148	OK	R B2 D' R D2 R2 D' B D2 R' D2
41325671212211	612009	OK	R B D2 B' R2 D R' D2 R B D'
54721633313321	617670	OK	R B2 R D' R D' B' R B' R D2
63452711311313	646638	OK	R B2 D2 R2 B R B' R2 D B' R
54376121322233	623076	OK	R B D2 B2 R' B R' D' B R2 D'
14736521132222	623458	OK	R B2 R D R' B R D B2 R B2
32765411112221	630064	OK	R B2 R' B R' B2 D2 B D' B R2
57164322131312	595358	OK	R B R' B2 R D R2 D R' B' D
72356141112323	585392	OK	R B R' D2 R B' R B R2 D2 B'
72516342313223	631768	OK	R B2 R B R2 B' D' B2 R B R
54361272223232	649734	OK	R B2 D2 R' B D R2 D2 B R D
54167232133313	626083	OK	R B2 R2 D B D' R2 D' R' D2 R
14752363233131	626883	OK	R B2 R D2 R2 B R' B R2 B R2
67145323133312	635292	OK	R B2 R2 B D' B2 R B2 R B2 R2
65174323223123	666113	OK	R B2 D' B' D2 B R2 D' R D R2
36125473323233	632459	OK	R B2 R' D B' R2 D2 R D' R B2
47265312122222	582762	OK	R B R B2 R' D' B2 R D' R' D'
52341672232313	614810	OK	R B2 R D R2 D' R2 D R' B' D2
12536741112323	568066	OK	R B R D2 R D' B' D' B2 D2 R
74132563132112	661981	OK	R B2 D' R B2 R2 B' R D2 B' D2
75613243133213	640759	OK	R B2 R' B R D R' D2 B D' R'
63752143223123	670719	OK	R B' R2 B D B2 R2 D2 B D' R'
21375462312233	583892	OK	R B R D2 R D' B' D R' D2 R'
21376541131133	593262	OK	R B D R' D R B2 R2 D' R' B
31475261322233	641551	OK	R B2 R' D2 B2 R' B D B' D2 B
32465173133111	647382	OK	R B2 D2 R2 B' D R' D R2 B' R
56127433332323	627318	OK	R B2 R2 D2 B D' R B' D2 B R
13246573321223	621886	OK	R B2 R B' R2 D B D2 R' D' R
14765231111213	645143	OK	R B2 D2 R2 D' R' B R' B2 R D
41735621233232	595891	OK	R B R B' R B2 D' B2 D R B2
23164753333313	585808	OK	R B R D2 R2 B' R B' R2 D2 B'
76354212312233	617395	OK	R B2 R D' R D R2 B' R B R
76341251221121	670782	OK	R B' R2 B' D B2 R2 D B' D2 R
16573241123123	660136	OK	R B' R D R2 D2 B2 R' B' R B2
72563411113121	631752	OK	R B2 R' D B R B' D R' B2 D
45312761113211	632041	OK	R B2 R' B2 R D2 B2 R' D' B2 D2
32465172112121	628389	OK	R B2 R2 D2 R' B R D2 R2 B2 R'
52761431113121	640127	OK	R B2 D R' D B' R2 B R' B' R
71456322111221	638732	OK	R B2 R' D' B' R' D2 B D2 B' R2
17526431231321	621842	OK	R B2 R B2 D2 R D2 R' D2 R2 B'
65174233331213	605416	OK	R B D R' B2 D' R D R B2 R2
74132562122111	609438	OK	R B D2 R' B' D' B2 R D' B2 D
65432173232321	675481	OK	R B' R2 D' B R B R2 B D' B'
34521672223232	641421	OK	R B2 D R' B D' R2 D B' R' B
72546313323212	631513	OK	R B2 R' B' R' D' R2 B R2 B' R2
32741651131211	631571	OK	R B2 R' D R B R' D R' D2 B
36147251121311	628422	OK	R B2 R2 D2 B R' D B' D2 B D
67354212311132	606443	OK	R B D2 R2 B R' B R' D2 R B'
65132471212112	610367	OK	R B D' R D' R' B R2 D' B' R'
45721363321313	638472	OK	R B2 R2 B D' R2 B R2 B R2 B2
54167233331213	625318	OK	R B2 R2 D R B' D2 B' R' B2 R
12356471113133	587063	OK	R B R2 D2 B' D B D' B D2 R
31475262333221	633717	OK	R B2 R2 D2 B' D' B D' R2 D R'
12734561112323	565390	OK	R B R D2 R D' B' D R' B2 D2
36241753212311	667542	OK	R B' R2 B' R D2 R D2 B R B2
14275633323122	703907	OK	R D R2 B' D2 B' R D' B2 R2 B
72143651131112	613215	OK	R B D' B' D2 B' D2 B D' B' R'
61534721112311	634061	OK	R B2 R' D2 R' D B' D2 R2 D' B
15672342323312	635669	OK	R B2 R' D' R' D' B2 R B2 R' B2
35462171131313	578349	OK	R B R D2 B2 D' B' R2 B' D2 B2
15724631322233	649075	OK	R B2 D2 R' B' D R' D2 B R' B2
32174562231212	599173	OK	R B R' D2 R' B D R B2 R2 B
73651241113322	639662	OK	R B2 R' D2 B2 R' D R D' B2 D
13275461112233	632947	OK	R B2 R' B2 D2 R' D B R' B2 R
45167323322231	619435	OK	R B D' R D' B R2 B2 R B D
52147631121311	627757	OK	R B2 R2 D2 B R' D B' D2 B D'
56423171231321	625903	OK	R B2 R2 D2 B' R D B' D B' R2
14736251111132	612832	OK	R B2 R D R2 B2 R' D' B2 D R'
72165433121333	627596	OK	R B2 R2 D2 R D' B2 R B D2 R2
45376211333123	675498	OK	R B' R2 D2 B D' R2 B D' B' R'
14725361322332	650378	OK	R B2 D2 R' D' R D' R2 B R' D2
76345123311131	598238	OK	R B D B2 D' B' R2 D B2 D' B2
34165271311133	608848	OK	R B2 R B2 R2 D' B D R' D2 R
16745232122222	587247	OK	R B R2 B2 R B D B' D2 B' R
54621371133311	606803	OK	R B D' B D2 B' D B' D R D2
13675242331313	640568	OK	R B2 R' D R D R' B2 D B' R'
14736521133131	599343	OK	R B D B D2 R2 B2 R B2 R' D2
73625143121213	587181	OK	R B R B2 D2 R D' B R' B D'
75246313212311	618971	OK	R B D' R D2 B' D' B D' R2 D2
16547233332323	626230	OK	R B2 R2 D2 B D' R B' D2 B R'
67354213313333	603969	OK	R B D R2 D B2 D B' R' B R2
41765231233232	653639	OK	R B2 D B' R' D2 B R2 B D2 B2
17463251321231	619042	OK	R B2 R D' R2 B D R D2 B' R2
61472532123332	592114	OK	R B D R' D R' B D2 B' D2 R'
43651722323132	656510	OK	R B' R2 B R' B D R2 B' D R
63712542221111	594563	OK	R B R' B D B2 D2 R' B' R D2
32157642231323	602960	OK	R B D2 B R B' D2 R B D B'
25436711311313	644334	OK	R B2 D2 R2 B' D B' R B2 D' B
32567413131212	587171	OK	R B R2 B2 R' D' B2 R D2 R' D2
32576142313223	627544	OK	R B2 R' D R2 D' R D2 B' D' B
62135473322321	656362	OK	R B2 D2 R' D' B R' D2 B D' R2
25436713232321	677525	OK	R B' R' B' D R2 B' R2 B D' R
65274131312213	612470	OK	R B2 R B' R D R2 B' R D R
15642373221323	604001	OK	R B D B D R' D' B R2 D' B
41625373121213	591229	OK	R B R D2 R' D' R2 B D' R' D'
56132473211111	615635	OK	R B D' B' D' R2 B2 D' R D' B
14625732112121	631552	OK	R B2 R' B D' B2 R2 D' R' B2 D'
56132473213211	620180	OK	R B2 R D B' D2 B D B2 D2 R'
35246172213311	627224	OK	R B2 R' D B2 D' R D2 B' D' R
76143253331333	597879	OK	R B R' D2 B R2 B' D R' D2 R'
21354761112233	646758	OK	R B2 D2 R' B' R D' R2 B R' B2
67345211111132	622754	OK	R B2 R2 D2 B D' B' D R' D R2
52761431112131	626380	OK	R B2 R2 D2 B R' B R' D2 R B'
52147632111113	627765	OK	R B2 R' B R B D' R D' R2 B
72541631112131	625063	OK	R B2 R2 D2 B R' B R' D2 R B
67354212212222	603335	OK	R B D R2 D B D B' R2 D' R2
12364753311131	598989	OK	R B D2 R' B R B2 R D' B' R
54327612223232	629580	OK	R B2 R' B D R B' R B' D2 R
62135473132121	652920	OK	R B2 D2 R2 D B D B' R B' R2
76315243323323	640057	OK	R B2 D R' D B R2 D' B R' D'
41236753232321	668449	OK	R B' R' B R' D2 B' D R D B2
67354213211132	644511	OK	R B2 R' D' R D2 B' D' R' B R2
67321451112311	603408	OK	R B D' R B2 R' B R' D' B R2
13275463213211	637793	OK	R B2 R2 D2 B' R' D R' D2 R B'
32145673311113	614364	OK	R B2 R D B' R D2 R' B2 D R2
32175462233111	603716	OK	R B D2 R' B2 R B R2 B' D2 B
53741621332112	673175	OK	R B' D2 R D' B D' B' D' R D2
16257431132111	662515	OK	R B' R' B D2 R' D R B D' R2
16345272322232	645310	OK	R B2 D2 R2 D' B' D R' D2 R D
34725613111112	625116	OK	R B2 R2 D2 B' D R' D R2 D' B
23165471311133	611204	OK	R B2 R B2 R2 D B D R' D2 R'
17426532121211	577021	OK	R B R B' R2 D R' B2 D2 R B'
76541232221222	588577	OK	R B R2 B2 R' D' R2 B D2 B' D2
14723652331232	636413	OK	R B2 D B' R2 D' R B D' B R
27453161132111	647629	OK	R B2 D' B' D' B2 R D' B2 D' B2
13246573221233	620010	OK	R B2 R B R' B R B D2 R B2
52134761232113	606561	OK	R B D' R' D R2 D B D2 B2 R'
32157641232323	613350	OK	R B2 R B' D2 R D B D2 R' D2
37624512231212	594604	OK	R B R' B2 R' D B D B2 D2 B
52341673232213	611538	OK	R B2 R B D2 B' R2 B R' B' D2
43561271111111	563317	OK	R B R D' B2 D' R' B' R B2 D'
16745233121213	589199	OK	R B R2 B2 R B R D' B2 D' B
72345612122111	635960	OK	R B2 D R' B2 D' R B R' D B
32164572312323	665170	OK	R B' R2 D B R2 B R2 B D' R2
73615423333331	640636	OK	R B2 R' B D B R' D2 B R' D'
41725633111133	592131	OK	R B D R' D B2 D' B2 R B' R
65714323223123	638700	OK	R B2 R D' R2 B' R' D' R2 D' R
47632153232321	668040	OK	R B' R2 D' B R B R2 B D' B
21376541111123	593374	OK	R B D B' R B2 R' B D' R B2
25471362323132	656505	OK	R B' R2 B D' B D B2 R' D R
15624732333332	592492	OK	R B R' D B R2 B D' B2 R D2
17453262211133	597301	OK	R B R2 B' R D' B R2 B' R2 B
25743611233232	636023	OK	R B2 R D2 R2 B D' B' R D' B
76354212333332	623628	OK	R B2 R' B R' D2 B2 R' B' R2 D'
15642372231332	616165	OK	R B D' B R B2 R B' D2 R B2
32167451213333	651012	OK	R B2 D' R' B D' R B2 D' B D'
43176252311132	606241	OK	R B D' B2 R B D R2 B' R D2
52374161112323	566559	OK	R B R D2 R D' B' D R' D2 R2
71562433123232	599316	OK	R B D B' D2 B' D R2 B R' B
76354122212222	590842	OK	R B R2 D2 B R' B R B' D2 B'
76523413223231	650296	OK	R B2 D R' D R D2 B' R B R2
34275162112322	614626	OK	R B D2 B' R B2 D2 R B' R D2
51324671211122	585274	OK	R B R' B' D B' R B2 D2 R' D'
52471631323112	675043	OK	R B' D2 R D' R B' R' D' R B2
12467351131121	679663	OK	R B' D2 R' B R B D2 B R' B
75264133331213	591362	OK	R B R2 D2 B D' B R B' R2 B'
51426733312211	626547	OK	R B2 R' B D2 B' R D2 B' R' B
14352672212111	587676	OK	R B R2 B' D2 R B' D2 B R D'
36147253111112	604066	OK	R B D2 B' R B R2 D' R' B R
32146751232323	614827	OK	R B2 R D B2 D2 B' D R2 B' R'
14527633312133	606392	OK	R B D' B2 R2 D R' B' R B' D
12376542123212	578558	OK	R B R D' R2 B D' R2 B2 D B'
72365412222212	584306	OK	R B R2 B R D2 R' D' R2 B D'
12364751112212	597813	OK	R B D2 B D' R D' R' D2 B R'
64257131113223	604933	OK	R B D B2 R2 D' B R' B' D2 R2
14765231112131	625123	OK	R B2 R2 D2 B' R B' R D2 R' D
74325613131212	586323	OK	R B R2 B2 R' D' B2 R D2 R' B2
12463751231231	634570	OK	R B2 R B2 R2 D R' D' R D' R
35426713131113	575842	OK	R B R B2 D' R B R' B D' B'
15367423211123	599797	OK	R B D' B R B' D R' B2 R2 D
67312452233321	622147	OK	R B D2 B' D B2 R' B' R2 B R'
54761233322321	625463	OK	R B D' B2 R2 D' B D' B' D R2
14736521213333	625176	OK	R B2 R D R2 B' R2 D R B D'
76354212213323	601695	OK	R B D2 B D R2 B D2 B D2 B
34125672131213	583241	OK	R B R2 B D R2 D' R' D2 B D'
17426532331331	645331	OK	R B2 D R2 D R' B R2 B R B
32156472333332	620264	OK	R B2 R2 D2 R' D B D2 B2 R2 B'
14527631121311	627273	OK	R B2 R2 D2 B' R D' R D2 R' B
76325411113121	617458	OK	R B2 R2 B D B' D' B R' B' R
54163271133221	642999	OK	R B2 D R' B R D2 B' D R D2
72165433331213	610000	OK	R B D' B2 R2 D' R D R B2 D2
74325612221222	588019	OK	R B R2 B2 R' D' R2 B D2 B' R2
34725612322232	620968	OK	R B2 R2 B R' D R B' R D B
45312672223331	639099	OK	R B2 R' B' D R2 B' R' D' R D2
76325411111213	617433	OK	R B2 R2 B D' R D B' R B R
13276542323312	631661	OK	R B2 R' D' R' D B2 R' D2 R B2
36721452122321	632140	OK	R B2 R' D R2 B' D' R' D B' R'
71432562111221	633645	OK	R B2 R' D' B' R D2 B' R2 B R2
12543671211212	633564	OK	R B2 D R' D2 B' R B D' R B
36125471111333	604602	OK	R B D' B D' B2 D' B D R B2
42751632323231	606490	OK	R B D' R2 B2 D' R' B D' R B
12745632111122	598117	OK	R B D2 B R2 B' R2 B R' D' R2
24615371112332	610537	OK	R B D2 B R' B' R B' D2 R D'
62471532232133	587404	OK	R B R B2 R B D2 B' R' B2 D
13276541321123	680038	OK	R B' D2 R B R2 B D2 B R' D2
56347213131332	621083	OK	R B2 R2 D B R' D2 R' D' R2 D
74523611131112	610871	OK	R B D' B' D2 B' D2 B D' B' R
12347651133311	608300	OK	R B2 R B R' B D2 B' R2 D R2
41752632311123	637402	OK	R B2 R' B' R D2 B' R' B' R D2
12347653332323	622241	OK	R B2 R2 D2 B' D B' R B2 R' B
32741651311121	607457	OK	R B D' R2 D' B2 R B' D' B R'
32561471311121	618420	OK	R B2 R2 B R' B D R' B D R
37516422333311	602791	OK	R B D R2 D2 R D' B R' D B
27634512233321	611025	OK	R B2 R B R2 D2 R' B' D2 B D'
74561232111113	616221	OK	R B2 R D' R D R2 B2 R B D2
54721631311133	598092	OK	R B D2 B' R D2 B' R2 B R D2
32167452211121	599644	OK	R B D2 R2 D R2 D' B D R2 B'
74365211313113	626949	OK	R B2 R' D B D' R2 B2 R B2 R
41735263123223	620489	OK	R B D' R2 B D' R' D' B D2 B'
15634722321233	601688	OK	R B D2 B R' B D' B' R2 D R'
71423653213232	677059	OK	R B' R' D' R B2 D' B R2 B' D
32547611121113	602504	OK	R B D2 B2 D B' D B2 D2 B R'
76342513323212	626708	OK	R B2 R' B' R' D R2 B' D2 B R2
16245371231231	649740	OK	R B2 D R' D' B2 R D2 R D2 R2
12745633313333	604331	OK	R B D' R' B R' D' B D2 R' D2
65132471222111	587837	OK	R B R' B D' B' D B2 R' D' R'
76312542322121	648935	OK	R B2 D B2 D R' D B2 D B R
76543211333333	647304	OK	R B2 D' R B D' B D' B2 D' B
32167453313333	603074	OK	R B D2 B' D' B2 R B' R' B2 D2
13276541133122	657582	OK	R B' R2 D B D2 B R2 B R' B2
26153473131131	603896	OK	R B D2 B2 R D' B D' R B R
16275343122221	626575	OK	R B D' B2 R D' R' D' R B2 R'
32145672212222	607347	OK	R B D' R2 B2 D' R D B R2 D2
75264133121333	583810	OK	R B R D2 R B D' R B2 D B2
16357421223113	623591	OK	R B D' R' D' B D2 B' R D' B'
34127651312111	610707	OK	R B D' R' D2 R' B2 R B' D' R'
74365211333111	622945	OK	R B2 R' B D B' R2 D2 R D2 R
63125743133312	612611	OK	R B D2 B D' R' B D' R2 B R'
63721541233322	609403	OK	R B D' R2 D' R' D' B D2 R' D
46273512122312	616290	OK	R B D' B2 D' R' D' R B2 D' R
12347652223232	618312	OK	R B2 R2 B D R' B' D B' R' B
45721363322231	603083	OK	R B D R2 B2 D' R D' R' D2 B2
14537622231323	585783	OK	R B R2 B2 D R' D2 B R B2 D2
76354121311313	576605	OK	R B R D2 B' R B D' B D' R'
76543212132323	604267	OK	R B D' R D' B2 R2 D R B D'
75246313332332	634717	OK	R B2 R2 D R' D B' R2 B R2 D2
47135622132332	615686	OK	R B D2 B' D B2 R2 D B' D R2
34627512232313	593143	OK	R B D B2 R D2 R B' R B2 D2
16537421113322	616246	OK	R B2 R D' B2 R D B R2 D' R2
36752143211132	620673	OK	R B D' B D2 R' B' D R' B2 R2
74163252112211	599292	OK	R B D2 R' B D' B2 R D R2 D2
76514321232113	605167	OK	R B D' R' D R2 D B' R B2 R2
34165271131211	611772	OK	R B2 R B' D R D2 B2 D B D2
35462171332331	634195	OK	R B2 R' B R' B' R B D2 B D2
76354213222223	621963	OK	R B2 R D2 R2 B D R D' R2 D'
14752633222223	622217	OK	R B2 R D' B2 D' R2 B D2 B' R
75246313312211	627294	OK	R B2 R D R2 D' R' B2 D B R'
76351423321232	577018	OK	R B R2 B' D' B2 R B' R D R'
32547611312111	607057	OK	R B D' R' D2 R' B2 R B' D' R
46215372121223	617163	OK	R B D' B R2 D' R2 D' R B' R'
52761432131111	612143	OK	R B D' B2 D' B2 R D' R' B R'
76231451123111	645087	OK	R B2 D' B R' D' R D2 R D B'
65123472312311	610176	OK	R B2 R B R' D2 R B D2 B2 R'
76325411122121	628553	OK	R B2 R' B2 R B' D' B D2 R B2
36721452131111	620874	OK	R B2 R2 B D' B D B' R D R
76312453211111	579176	OK	R B R' B R2 B' D B' D' B R2
34725613132223	624727	OK	R B2 R2 D R D2 R B' D' R2 B
75634123323122	619921	OK	R B D2 B' D2 B R' B R B' R2
75243611113232	609417	OK	R B2 R B' R2 D R B D2 R' B2
32465172332321	629822	OK	R B2 R' D R2 D' R D2 B' D' B2
76341251311313	607073	OK	R B2 R B2 R2 D' R D R' B2 R
21354671221112	581429	OK	R B R2 D B2 D R' B D2 B D
16427531231321	615176	OK	R B2 R D B2 R2 B' D' B2 D R'
45312762311111	587226	OK	R B R' D2 B2 R' B' R B' D B
34725612331322	626798	OK	R B2 R' D B2 R' D' R' D R' B'
72543163211111	628301	OK	R B2 R' B2 R' D R' B2 D2 B' R
12376451221211	598182	OK	R B D2 R' D R' B2 R' B2 D' R2
31462751113322	606744	OK	R B D' B' D R2 D B R2 B2 D'
73516243332131	607303	OK	R B D B2 R2 D R' D R' B R'
63754213122122	605064	OK	R B R' B D' B2 D B D2 R' D
72165432111113	617825	OK	R B2 R2 B R B' D' B D' B' R
65174232123131	588697	OK	R B R2 D2 B R' B D' B2 D B'
74156322313223	619822	OK	R B2 R B R2 B' D' B2 R B R'
56723411121113	592988	OK	R B D B' R2 B' D' B D B2 R'
64351272132131	611711	OK	R B D2 R' D2 R B2 D' B D B'
47162351322122	605685	OK	R B D B2 D2 B R' D R' B D
16342571331221	645858	OK	R B2 D B' D B D' B2 R2 D R
63471522332132	665239	OK	R B' R' D' B R2 B' D2 B' D R
34725613311113	586895	OK	R B D R B2 D2 R2 D B2 D' B
17425631122112	608145	OK	R B D' B' R B' R' B R' D R'
76341251113121	612328	OK	R B2 R B' R D R2 B2 R D B2
71456321322323	615263	OK	R B2 R D R' B2 D2 R D2 R' B'
23156473323332	588043	OK	R B R' B2 D' R2 D R' D2 B R'
15643271331221	667631	OK	R B' R' B' D B2 R' B D2 B' D
17426531112233	613558	OK	R B D' R2 B D' B' D' R2 D2 B
74156322122321	600440	OK	R B D R2 B' R2 D B D2 B D'
64275313312211	609565	OK	R B D2 B2 R2 D' B' R B' R D2
45312761133311	574658	OK	R B R2 B2 D B' D B' D R B
76543213113131	621115	OK	R B2 R2 D B R2 B D' B' R2 D
74523611213111	602218	OK	R B D2 B2 D B' R D2 R2 D R'
71543623111121	618411	OK	R B2 R' B R2 B R2 B2 D' R D'
32561471131211	615706	OK	R B2 R2 B R D' B' D B' D' R
75321461311112	637339	OK	R B2 D' B R D R2 D R' D' B'
53426171112233	589181	OK	R B R2 B2 D' R B' D' R D2 B'
45612373132223	614496	OK	R B2 R B' D2 B' R2 D R2 D' R
35462173123211	613753	OK	R B D2 B R2 B R' D' R D2 R
64321572132131	654183	OK	R B' R2 B R D2 B2 R B D R2
34725613111133	572227	OK	R B R2 B' D B2 D' B R D2 B2
67245131313323	599241	OK	R B D R2 D' R' D2 B D' B' R'
65274132123332	588817	OK	R B D R' D R' B D2 B' D2 R
52471631223113	654576	OK	R B' R2 D R' B D' R' B' R D2
67321452111122	570256	OK	R B R D' R D' B D2 B' D2 R'
76325413222223	625175	OK	R B2 R2 D R B2 R D' B' D2 R
53741621323112	655222	OK	R B' R2 D R' D B' R' B' R B2
14736523113131	580612	OK	R B R2 B' R D2 R' D R B2 D'
36745213133111	616017	OK	R B2 R D2 R2 B' R B R' D2 R
74561231111222	596860	OK	R B D2 B D' R D2 B' R D R'
16537421111222	574291	OK	R B R2 B' R' D2 B R' B R B'
54376211111222	563843	OK	R B R B2 R' D' B2 D' B2 D B2
36527412322232	608251	OK	R B D' B D R D' R2 D B' R2
54167231221211	633999	OK	R B2 R' D' B2 R2 D B D R' D2
64572131122223	599595	OK	R B R' D2 B D' B' R' D B2 D'
37612453122233	597151	OK	R B R' B2 D B' R' B' D R2 D'
36751243222322	595655	OK	R B D B2 D B' D' R' D2 B D
32145672113333	596601	OK	R B D2 B' D R2 B' D' B R2 B2
36527413111112	599797	OK	R B D2 B' R B R2 D' R' B R'
36752142123221	614193	OK	R B D2 B D2 B D' B' R B2 R
41765323122212	614154	OK	R B D' R B2 D' R2 D' B D' B'
32167453321232	595745	OK	R B D2 B R' B D2 R' B R B'
34621572132131	607552	OK	R B D R2 D' R D2 B' R2 B D'
32765411133113	621222	OK	R B2 R' B R D' R2 B2 R B2 R
15642372213311	621873	OK	R B2 R B D2 B' R' B2 D R B'
32476513232231	655855	OK	R B' R D' B R2 B2 D2 B' R D
12376541322233	616120	OK	R B D' B2 R D' B' R' D2 R2 B
14736521211212	577408	OK	R B R2 B R' D B2 D B2 R D
65174232133313	577634	OK	R B R B' D2 R' B D R B2 R2
13246572331232	575570	OK	R B R2 B D' R B2 R D2 B D
27534162311111	591104	OK	R B D B' R2 D B' R' B D' B2
14632571321132	646574	OK	R B' R B' R' D B R2 D' B' D
12365472223232	616162	OK	R B2 R D' B R D2 B2 D R D2
67345211112233	619065	OK	R B2 R2 B' R B D' B2 R2 D' B
17526431131121	600611	OK	R B D2 R' D' B' D R' D B' D2
32765411331113	625224	OK	R B2 R' D R D' R2 B2 R D2 R
36125473111211	603630	OK	R B D2 B2 D' B' D2 R D B2 R'
76145231131112	597086	OK	R B D2 B2 D' B D2 R' B' D2 R
32145671132222	624911	OK	R B2 R' D B' R2 D2 R' B' D2 B'
76543212323213	595132	OK	R B D2 R' B R' D2 B D B2 D2
63452712333221	608748	OK	R B2 R B D' B2 D B D2 B2 R'
67254313311113	584627	OK	R B R' D R2 D' B D' R B D2
52743611111213	592421	OK	R B D B' R2 B D' B D' B2 R
42573613322231	580337	OK	R B R2 D' R' D' B R' B D' R2
52743611112131	602100	OK	R B D2 B' D B R2 D' B' D R
67312541121221	594515	OK	R B D R' B2 R' B R2 D R' B
65274133132223	610040	OK	R B2 R B2 R2 D R B D' R2 D'
52761431111312	592230	OK	R B D B' D2 R D' B D' B D2
72541631111213	599487	OK	R B D2 B' D B2 D B2 D2 R' B
47156322132311	604829	OK	R B D2 R' D' B R D2 B2 R2 D'
76341251111213	599273	OK	R B D' R D R B' R2 B R' B2
54167232112112	627869	OK	R B2 R' B' D2 R2 B R D R' D2
72165433221233	624511	OK	R B2 R' B R' B2 D2 B' R' B2 R'
25741632312323	623362	OK	R B2 R2 D2 B' D B D' R B' D2
52367412322232	602137	OK	R B D2 B' R B2 R D2 R2 B' R
14527633132322	613829	OK	R B2 R D R' B D2 B' D2 R D2
32165741111132	596494	OK	R B D2 B D' B' D R' D' R2 D
32561471121311	599992	OK	R B D2 B' R B R D' B R' D2
73645213333112	635074	OK	R B2 D B' D B R2 D' B D' R'
37614522111221	611245	OK	R B2 R B' R D' B' D R2 D' B
21376541112311	598100	OK	R B D B' D2 R2 D B' R' B2 R2
21654372233321	623390	OK	R B2 R2 D2 B' D R B' D B' D2
62374513112321	658291	OK	R B' R2 B' R' D' R D2 B D' B2
74125632121121	626799	OK	R B2 R' B D' B R2 D' B' D B'
41725633121123	616814	OK	R B2 R B' D R D2 B' R B D
54231671123111	638409	OK	R B2 D' R B D R2 D R' B' D
23147652312323	612764	OK	R B2 R B D2 R2 D' R' B2 R D'
17463251122112	595246	OK	R B D2 R D' B R2 B2 D' R' B2
62147353123121	643896	OK	R B2 D' R' B' D2 R B' D2 B' R2
24731562311231	628280	OK	R B2 D R B2 D2 R' D2 R D' B2
47256133212311	605368	OK	R B D' R' D' R2 B2 D' R B' R
31265472312233	577747	OK	R B R2 D' B2 D R D2 R' D2 R
31265471312213	576547	OK	R B R2 D' B2 D B D2 B' R2 B
52714633223123	644234	OK	R B2 D2 R2 B D R' D2 B R' B
12354763133111	571908	OK	R B R B2 D2 B' D' R2 D' R2 D2
76354121122121	575472	OK	R B R B2 D' R2 B D R2 D R'
21354671122112	572382	OK	R B R D2 R B' R D2 R B2 D
74523612111311	584840	OK	R B R' D2 B' D B' R' D2 B R
52641733232321	616984	OK	R B2 R D R' D2 R B R2 B2 D'
54721632133232	624532	OK	R B2 R' B' R2 D2 B R D B' D2
27154632311132	578254	OK	R B R' D R2 D R D B R2 D2
71452363213232	643777	OK	R B2 D R' B D B' R2 D2 B R
74163253332323	600138	OK	R B D2 B' D B R D' R D' R2
52714633213223	631511	OK	R B2 R' B' D2 R D' R2 D R' B2
52736141322233	591406	OK	R B R2 B2 D' B D' R' D R2 B'
56723411113313	587521	OK	R B D R' D2 B2 D B R2 B R2
32167451222222	608729	OK	R B D' B2 R D B2 D B2 D2 R
52761431111213	601130	OK	R B D2 B' D B2 D B2 D2 R' B'
61572432312323	594472	OK	R B R2 B' D B2 R' B' D2 B R'
74561233311233	575717	OK	R B R' B2 R' D2 R B2 R D R2
47123651233232	657512	OK	R B' R D R' B D' B2 R B R2
47156323223123	623062	OK	R B2 R2 B' R' B R2 D' R B R2
14625731322233	619269	OK	R B2 R2 B' D R B' D2 R2 B' R
32156472332321	626451	OK	R B2 R' D B2 D' R D2 B' D' R2
26153473132121	632554	OK	R B2 R' B2 R B2 D2 R' B' R2 B2
76315241323313	636168	OK	R B2 D B' R D R2 B' D B' R'
72643513212311	606871	OK	R B D' B R2 B' R B' D' B D2
23165472311111	600708	OK	R B D' R D2 R' D B R2 D2 B2
61534721113211	595880	OK	R B D2 B R' B R' B D2 R' B
14367252322232	602474	OK	R B D2 B' R B2 R D2 R2 B' R'
53126471231321	581673	OK	R B R' B2 D2 R' D' R D' B R
76123453233323	590252	OK	R B D R' B2 D R' B R' B R2
64531273311311	572547	OK	R B R D' R D B2 D2 R' D' R
34651271123111	636735	OK	R B2 D' R B D R2 D R' B' D'
37561241311112	633592	OK	R B2 D' R B' D' R D2 R B D'
32765412323222	600578	OK	R B D2 B2 D' B' R2 D R D2 B'
16723451322311	613827	OK	R B D' R2 B2 D' B R' D' R D2
27416532133232	591554	OK	R B D2 R' D B' R2 B' R2 D' R2
74561233131233	602352	OK	R B D' R2 B D B2 D R2 D2 B
74365211121221	625549	OK	R B2 R' B D' R2 B2 R B' D R2
14325672231323	600203	OK	R B D' R D' B2 D' B R D B2
13276543323122	652509	OK	R B' R B' R B2 D' B' D B2 D'
36527412231122	571142	OK	R B R2 D' R2 D R D2 B' R2 D'
37614522323312	608677	OK	R B2 R B' D R' B' D R2 D' R
12543672321332	621315	OK	R B2 R' B R' D B2 R' D' B R'
14527631131211	595363	OK	R B D2 R' D' B R' D2 B R B
35462172223331	599069	OK	R B D R B2 D' R B' D' R2 D2
76145233133213	601263	OK	R B D2 B' D' B2 D' R D B2 R2
76324151112233	591025	OK	R B D B' D2 R B2 R' D R' D'
71432563323122	626945	OK	R B2 D R B2 D2 R B' D B2 D'
25436713332122	626008	OK	R B2 R' D B' D2 R2 B' D' B2 R'
76341252232313	591756	OK	R B D B' R B2 R' B2 D B' D
52163473111211	593189	OK	R B D B2 R' B D' R' B2 D B
12367541331131	574137	OK	R B R2 D2 B' D R' D B D' B'
57321642311132	564516	OK	R B R' B D B D2 R2 D B2 R2
36745212122333	565705	OK	R B R D' R2 B D' B2 D B2 D2
14723651112131	600704	OK	R B D2 B' D B R2 D' B' D R'
56347211222132	609113	OK	R B2 R B' D R' B' D R' B R2
72143651121113	585969	OK	R B R' D' R2 D' B2 D R' B' R'
16725431211122	580981	OK	R B R' D2 B2 D' B' D2 B R2 D'
57642311113322	597998	OK	R B D' R D2 R2 D B D2 B R'
54721633231322	592321	OK	R B D B' R2 D2 R B D2 B D2
14325673123232	624583	OK	R B2 R' D R' B2 D2 B R' D B2
41325762313223	608125	OK	R B D2 B2 R2 D' R' B R' B D2
31276452133322	583982	OK	R B R2 B' R D2 B2 R D' B D2
32167451312222	577137	OK	R B R' D2 R' B2 R D2 R D B2
14267351321321	613905	OK	R B D2 R2 B2 R' D B' D' R B
74523611121113	586686	OK	R B R' D' R2 D' B2 D R' B' R
21354761113322	614430	OK	R B2 R D2 B2 R' D R' B2 D2 R2
21367451311331	584560	OK	R B D R2 B D2 B R' D B2 R2
35472163222313	598622	OK	R B D2 R' B D R2 D R' B' D
42367153211123	565988	OK	R B R2 B' D B' R2 D R2 D' R2
62475131322323	592249	OK	R B R' D B2 R' B2 R' D B' D'
12763452322232	592004	OK	R B D R' D2 R D' B D' R2 B
74365213111211	600722	OK	R B D2 B2 R B R' B D2 B R2
32547612111311	585243	OK	R B R' D' B R2 B' R B D B2
47256133321232	568249	OK	R B R B' R B2 R' D R2 B' D'
41736522332231	600416	OK	R B D2 R2 B' R D' B D R' D'
72563411111213	582071	OK	R B R' D2 R' B2 D R' B' D R'
57321641311112	632574	OK	R B2 D' R B' D' R D2 R B D
24157361313212	626248	OK	R B2 D B R2 B R2 D2 B D' R2
74156322122123	586477	OK	R B R' B R B2 R D' R2 B R2
15642373212311	590362	OK	R B R' B D2 R' D' R D' B2 D2
36125471312111	599569	OK	R B D2 B2 D' B R2 D' B' D2 R
16345271133131	604248	OK	R B2 R B D' R D2 R' D2 B R2
76245311121131	603614	OK	R B D' B D2 B' R D R2 B2 D2
16243571231231	652931	OK	R B' R B R' B D' R2 B R B2
74156323133123	604833	OK	R B D2 R2 B D' R D B' R2 B'
35461272222323	573547	OK	R B R2 B R B' R2 D B D R'
32175461333111	589452	OK	R B D R' B2 R D' B2 R B' R
12537461332112	606391	OK	R B D2 R D' R D2 R2 B' R' D
13267451311133	568002	OK	R B R D2 R D' B' D' R2 B R
12354762311123	598780	OK	R B D B D2 R' D B' R' B2 R2
73615421113322	598964	OK	R B D2 R2 B2 R' D' B' R D2 B'
17425631313113	584705	OK	R B D R2 D R2 D' B2 R D R2
21654373332122	639960	OK	R B2 D2 R2 B R' B R2 D' R B'
36714252232223	567346	OK	R B R B2 D B2 D R' B R2 D2
14625732213323	571730	OK	R B R2 B D R' D2 R' D2 R' B2
14752633223123	641075	OK	R B2 D2 R2 B' R B' R D2 B' D
12473561132123	647021	OK	R B' R D R' D2 R' D' B' D B'
32741651211131	586478	OK	R B R' D' B D2 R' D2 R' B R'
36745212223232	597938	OK	R B D2 R' D' R D' R2 B D R'
76521433232333	584651	OK	R B R' B2 D' B R' D' R2 B D
65274133312223	568675	OK	R B R D' R2 B R D' R D2 R
72143563222331	626257	OK	R B D' R' D R D' B R2 B' D
62173543232132	627370	OK	R B2 D R B2 R B2 D2 R B' D2
54312671131331	573809	OK	R B R' B D2 B' D R' B R B2
43615271333312	592512	OK	R B R' D R2 D R2 B' D B' R'
36721452223232	597901	OK	R B D2 R' D' R D' R2 B D R
75234161322233	588071	OK	R B D R' B2 D B2 D' B R' D'
14723651111213	590519	OK	R B D B' R2 B D' B D' B2 R'
12745632222221	604649	OK	R B D2 B' R' B2 R' B D R2 B2
12543673221323	611816	OK	R B2 R D2 R2 B' D R D' R2 D
13546271213213	596597	OK	R B D2 R2 B' D R' B D B' D'
31265471122112	592474	OK	R B D2 R D' B R2 B2 D' R D2
24715631122133	568449	OK	R B R D2 B2 D' R' B' R B2 R2
32165743311131	564528	OK	R B R B2 D2 R2 B R' B2 R B'
36527412221312	599337	OK	R B D2 B' R' B2 D R' D' B2 R2
53726143333121	594413	OK	R B R' D2 R B R2 B R' D' R
32164573323212	610514	OK	R B2 R B' D B2 D2 R B R2 B'
14736253222223	593478	OK	R B R' D' B D' B D2 R' D' B2
62435711222222	596514	OK	R B R' D R' B R2 B2 R D R
72356141232113	580579	OK	R B R' B' D R2 D R D2 R2 B'
61234573232213	570526	OK	R B R D2 B D2 B R' B R2 D2
15267431223113	591365	OK	R B R2 D R' B R2 B2 D' R' D
74561233321133	566998	OK	R B R2 B D2 B' D2 B' R D R2
74563211232332	606872	OK	R B D2 R B2 D' B' D' B2 D' B'
47352612311132	583893	OK	R B D R' D' R D2 R D2 B' D2
56741231121311	574585	OK	R B R2 B' D B D2 R' B' D R
31564272213311	593385	OK	R B D R' D R2 D' B R' D R2
16725433113311	584908	OK	R B D R B2 D R2 D B' D2 R2
52641733212311	584950	OK	R B R' B' D' R2 B2 D' B D' B
56712341232113	580962	OK	R B R' B' D R2 D R' B R2 B2
16725431131211	596912	OK	R B D2 R' D' B R' D2 B R B'
62135473232231	621526	OK	R B2 R D2 B2 R' B D' R2 B2 D2
14725361111123	584961	OK	R B D R2 D2 R D B' D R' D'
14723653313111	574171	OK	R B R2 D2 B' R2 B R' D' R B2
72513641232323	573521	OK	R B R2 B' D2 R2 B R' B' R2 B'
34165272323333	570460	OK	R B R2 D2 R D2 R' B D B2 R'
53147262123131	567840	OK	R B R2 D' R2 D' B D R' B2 D2
76324153323122	625987	OK	R B2 R' B' D' R' D2 B R2 B' D2
52163473111331	609148	OK	R B2 R B R2 B' D2 B D' B' R2
72165432323312	596870	OK	R B D2 B' R B' R2 D2 B' R' B2
54763212322232	581658	OK	R B R' B2 R' D2 B D' B' D B'
12546371221331	647258	OK	R B2 D2 R B2 R D' R' D' B2 D2
32465173132121	624316	OK	R B2 R2 D2 B R' B' D R' B R2
14263751131121	647563	OK	R B' R D B2 R' D B' D B' R2
14763521113223	573623	OK	R B R2 D' R' B' D R' B D' B2
63174522332132	588785	OK	R B R2 D' R2 D B2 R' D R B'
15243671331221	635991	OK	R B2 R' D B2 R' B D R B' D2
42137653122131	628763	OK	R B2 R' D2 R' B R' D2 B2 D' R
61257343232123	600047	OK	R B D' B2 D B' R B' R2 B2 D2
67345212111122	568010	OK	R B R D' R D' B D2 B' D2 R
75346213332122	619915	OK	R B2 R2 B' D R' D2 B R' B' R2
56723412323222	586252	OK	R B D R2 B' R B' R' B2 D R
12456733223321	656562	OK	R B' R D' R' D R D2 B' D' B
21654373332221	632724	OK	R B2 R' D' R2 B D' B2 D R' B2
65123471112311	583315	OK	R B R' D' R' D2 B2 R' B R' B
65132473323311	583890	OK	R B R2 D B2 D B' R D2 R B
73654122221111	575752	OK	R B R2 B R' B R' D' B2 R B'
15426371112233	588717	OK	R B D2 R' D2 B D' B' R D' R2
34127651213111	583388	OK	R B R' B' D2 B' R2 B R' D' R'
56423173132121	630687	OK	R B2 R' B' R2 D R' D2 R D' B2
76543212222221	627186	OK	R B2 R2 D2 R D' R2 B R B2 D2
37645122312221	581545	OK	R B R D2 R2 D R' B R' D R
23576412233321	588167	OK	R B D B' R' B D2 B D2 R' B2
52761433121111	585769	OK	R B R' B' R B2 D' B2 D' B R'
15724632313223	604270	OK	R B D' R' B2 D' B' R D2 B' D'
45376213333322	599882	OK	R B D R' B2 R' D R D B2 D2
32754163211123	573682	OK	R B R2 D B' R2 B' R' B R2 D'
74163253133213	623054	OK	R B2 R2 D2 R B' D2 R B R2 D2
14625733133111	589732	OK	R B D B' R D2 R' B2 D B' R
13627451332112	594542	OK	R B R' B' D' B D2 B' D R' B'
72165431113331	575705	OK	R B R' B D' R2 B2 D R B R'
32714652332132	581051	OK	R B R D2 R' D R2 B' R2 B D'
12567433232333	583326	OK	R B R' B' R D2 R' B D R B2
67345211113322	606018	OK	R B D' B' D R2 D B' D R2 D'
27615433313213	576264	OK	R B R B2 R2 B D' R B' R B
25436712123122	598582	OK	R B D2 B R B2 D B2 D B2 D
72136541322233	590555	OK	R B D2 R' D2 B D' R' B D' R2
34526713232312	578294	OK	R B R2 D' R' B' R B2 R B D
21354761112311	593795	OK	R B D B' D2 R2 D B' R B2 R2
52341673133111	597183	OK	R B D2 B' D R2 B' R2 B R B2
14765233323332	597530	OK	R B D2 B' D B' R2 D2 B' D' B2
24157362323111	631430	OK	R B2 D B R2 D2 B' R2 B D' B2
14765232211211	577757	OK	R B R2 D' B R' D2 B D R2 D2
26371453112111	623485	OK	R B2 R' B' D' R D2 B D' R B'
21354763312211	604186	OK	R B D' R B' D' R2 B' R2 B' D'
43176252123131	578833	OK	R B R' B2 D R B R2 D' R D2
25436712323231	578892	OK	R B R' D R2 D' R B R2 D2 B2
14735621221112	585569	OK	R B R' D' B R' B' D B' D R'
34562171321111	606380	OK	R B2 R B R' B2 D2 R D2 R' D'
24651731333333	581428	OK	R B R2 B D' B' D B' R2 D B'
46375212132221	606972	OK	R B D' B R2 D' R' B D' B2 R'
31247651113232	571538	OK	R B R2 D2 B D2 B R' D' B2 D'
63574212123131	575262	OK	R B R2 D2 R B' D' R2 D' R D'
65417321232113	576960	OK	R B D R2 B2 D R D2 B2 R' B'
12456731233223	645663	OK	R B' R B' D R2 D2 B2 D' B D
76145232123332	566095	OK	R B R2 B R2 B' D2 B R' D' B2
21367452112112	573887	OK	R B R2 D' R B' R2 B' R2 D' R2
74365212222323	582154	OK	R B R' D R' B2 R' D B D R2
32561472133313	580442	OK	R B R' D2 B2 R' B D R B2 D2
65417323232123	600830	OK	R B D' B2 D B' R B D2 R2 B2
46375212113111	595045	OK	R B D2 B R' D' R D' B' D2 B
12745633323311	610252	OK	R B2 R D B2 D2 R B' D R2 D'
13764252323231	593742	OK	R B D2 B D' R B' R B2 D' B
32547611213111	580879	OK	R B R' B' D2 B' R2 B R' D' R
17463251313113	578970	OK	R B R' B' D' R' B2 D R' B2 R
32547613111211	569575	OK	R B R D' B2 D R2 D R B' R'
56347211213111	586792	OK	R B D R' B D R' D R2 D2 R
63752412322112	599562	OK	R B D B' D2 B' R D R D2 R2
72345611331332	645657	OK	R B2 D' B' D B' R D2 B' R B'
72563411111312	576455	OK	R B R' B2 R' B D B2 R' B R
14736251112332	565050	OK	R B R D2 B2 R B' D' B D2 R2
14725363223213	604051	OK	R B D' R B2 D' R' B R' D2 B'
14325672323222	595733	OK	R B D2 B2 R D B' R D2 R B2
46273513221212	595611	OK	R B R' D2 R' D' R' B D2 R' B
67321451111123	576699	OK	R B R' B R' D' B2 R2 D' B R
14752631323223	614854	OK	R B2 R2 B' R D B' D2 R2 B' R
47163522131222	587891	OK	R B R' B2 R' B' D' R D2 B' R
51423671221331	611162	OK	R B D2 B2 R D' B2 R B R2 D2
67234513332122	590399	OK	R B R2 B2 D R' D B' D B D2
65723143321313	584618	OK	R B R2 B R' B' D B' D2 R B'
71326451211311	627231	OK	R B2 R' D' B' R D2 B R' D B'
36527411131133	572020	OK	R B R2 D2 B' D2 B D' B' R D2
23165471312132	586384	OK	R B D R' D2 B R D' B R2 B
75346211133122	608756	OK	R B2 R B2 D2 R' D B' D2 R2 B2
67345211111123	575924	OK	R B R' B R' D' B2 R2 D' B R'
35162473323131	586444	OK	R B R' D B2 R' B' R D' R2 B'
25134672233321	595877	OK	R B D' R2 B R D R2 B' D B2
32561472213122	566260	OK	R B R2 B' D R2 B' D' R B2 R2
76321543211111	570749	OK	R B R D' B2 R2 B D' B' R2 B2
43216573132223	581732	OK	R B R' B' R B' D B2 R' D' B2
14765232331313	620866	OK	R B2 R2 D2 R B' R2 D B R2 D2
63745123122212	587664	OK	R B R2 D' B R2 B' D' R2 B2 D
23417563232123	600362	OK	R B D' B2 D B' R B' D2 R2 B2
14753261333111	575563	OK	R B R2 D' R' D' R' B R' D2 R
35162472122231	587304	OK	R B R' D2 R' B D2 B2 D' B2 R
34127653111211	571891	OK	R B R D' B2 D R2 D R B' R
15642372331322	573036	OK	R B R D2 B' R2 D R B2 R D'
14765232232322	582131	OK	R B R' D R' B2 D2 R D R D'
16743252323222	569595	OK	R B R2 B D R' D B D R2 B'
34165273311131	566792	OK	R B R D2 B' D' R B' D R2 B
52147631311121	574359	OK	R B R2 B' D B2 D R2 D2 B' D'
32765411121113	569446	OK	R B R2 B' R D R2 D2 B D' R2
57236141113232	597308	OK	R B D' B2 D' R2 D B' R' D' R
14753261221112	571646	OK	R B R2 D R' D R2 D2 B' R' B2
46572312132122	583368	OK	R B R2 B' D B2 R2 D R' D R2
36147251311121	575027	OK	R B R2 B' D B2 D R2 D2 B' D
14726531233313	592590	OK	R B D2 R' B D2 R D' B' D' B
32417652132131	615440	OK	R B2 R' D B2 D B2 D2 R' D B'
45312672233321	600702	OK	R B D2 R2 B D' R B' D2 B R'
12543672322232	587360	OK	R B D R' D2 R D' B D' R2 B'
76354123211132	590374	OK	R B R' D R2 B' D' B R' D2 R2
74365213121333	574045	OK	R B R2 B' D' B2 D' B R B2 D2
32165741233223	607792	OK	R B2 R B2 D2 R' B D' B2 R2 D2
16374523211123	577867	OK	R B R' B' R2 D' R' D R2 B' R2
36745213232213	568191	OK	R B R D' R D2 R' B2 D R' D
63125743131233	590115	OK	R B R' B D' R B2 R2 B R B
76351421113322	567432	OK	R B R2 B' R2 D2 B D' B' D2 B'
75641323232111	620541	OK	R B2 R' D2 R' B R2 D B2 D R2
14736521322233	591279	OK	R B R' D2 B D' R' B' R2 B2 D
35462172312131	589292	OK	R B R' B2 D' B R D R2 D2 R
21734652123131	564692	OK	R B R D R D2 R D' B R2 D2
34725612231332	595229	OK	R B D2 B' R D2 B' D' B D2 B2
46157233333232	565049	OK	R B R D' B D' B2 R' D B2 R'
34127651121113	572705	OK	R B R2 B' R D' B R2 D2 B2 D
74523611312111	570633	OK	R B R2 B2 R D' B D2 B2 D R'
72143652111311	568148	OK	R B R D2 B' R D' B' D2 R B'
73246153312211	584238	OK	R B D R2 D2 B2 D' R' D B' R
72563412131111	571745	OK	R B R2 B' R D2 R B2 R2 D' B'
36721451131331	601995	OK	R B D' B D' B2 R2 D B D R'
12543672121121	591180	OK	R B D2 R2 D B2 D' B R B2 D'
72143651213111	573874	OK	R B R2 B' D B' D R2 B2 D2 B
14325672112121	596364	OK	R B D2 B D2 B' D2 B R' B' R2
36521472331121	594979	OK	R B D R2 B' D' R2 D' B R B2
41725632322331	624087	OK	R B2 R' B D2 B' R D2 B' R' B2
45612373112231	618353	OK	R B2 R2 B' D B D' R2 B2 D' R
56321473233323	581298	OK	R B R' D2 R' D R B2 D' B D
76245312132131	612587	OK	R B2 R2 B' R2 B R D' B2 R D'
14527631133311	556621	OK	R B R B D2 R2 B2 R B2 R' B
25763411332322	597159	OK	R B D' R D2 R' B D' B D R2
12745633313312	602361	OK	R B2 R B R2 B2 D B' D B2 D'
45637123132121	644143	OK	R B2 D' R' D' B2 R B' R2 B' D2
26415731322323	573254	OK	R B R B' D2 R B D2 B' D' B'
34127652111311	578100	OK	R B R2 D2 R' D2 R' B D2 B' D'
72541632131111	567087	OK	R B R D' R2 D R' B D' B2 R
35162473332131	599079	OK	R B D2 R' D' R D R2 B2 D2 R'
35271461322233	584019	OK	R B R2 D2 B2 D' B' R' B R2 D'
34761252323222	563882	OK	R B R B' D2 B R2 B D R' B
16327453232333	578292	OK	R B R2 D2 R' B2 R' B D2 B' R'
47156233223312	612712	OK	R B D' B D' R' B D2 R' B' D'
26741351232113	555270	OK	R B R B2 D2 R B D2 R2 B' R'
74125631313311	567837	OK	R B R2 B D2 R2 B R' B' R B2
13257641112233	577504	OK	R B R2 D2 B2 D' R' D' R B2 D'
74523613111211	569682	OK	R B R D' B2 D B' R' B D' B2
42651372213311	579939	OK	R B R2 B2 D2 R' D' R D' B D2
16725432232223	564115	OK	R B R B' R D2 R' D2 B R' D
32765412221312	608175	OK	R B D' B' R B' D' B R2 D' R2
32167451333111	584767	OK	R B D B2 R' B2 R B2 R2 D' B
35416721113112	606309	OK	R B2 R D B' R2 D2 B R2 B' D'
74125632131111	565821	OK	R B R D' R2 D R' B D' B2 R'
72143653111211	570949	OK	R B R2 B R D' R B D B2 R'
52743612131111	573477	OK	R B R2 B' R D2 R B2 R2 D' B
74156323132331	593130	OK	R B R' D2 B' D B R D2 R2 D
34165271311121	580271	OK	R B R' D R D B' R2 B R' D2
32175461221112	572351	OK	R B R2 D R' D R2 D2 B' R D2
41765322221312	587348	OK	R B R' B R2 D' B2 D' B D' R'
65132473313312	569874	OK	R B R B2 R B' D B2 D R2 B
36527412111113	574612	OK	R B R2 D' R' D R' D2 B D B'
26415732121223	588223	OK	R B R2 D' B D2 B' D' R2 B2 D
14752633213223	621150	OK	R B2 R2 D2 B R' D' R D' B D2
54321761211221	566085	OK	R B R B' D B' D2 R' D R2 B'
51264731113322	578711	OK	R B R' D' R D2 R B D2 B2 R'
76354213312223	567024	OK	R B R B' R2 D B D' R B2 R
14765231133131	584683	OK	R B D B D2 R2 B2 R B2 R' D
63752141123213	580382	OK	R B R' B2 R' D B2 D2 B' D2 R
17425631323223	594282	OK	R B D2 R' D R' D B D2 R D'
16573241312312	582778	OK	R B D R2 D R' B' D' R2 B R
54716322313223	585957	OK	R B D B2 D2 R2 D' B' R B' R
21365742221312	578935	OK	R B R D' B2 R B R2 B' D' B'
72165433111112	570744	OK	R B R2 B' D B D R' D R' D2
47352612123131	564853	OK	R B R D' R' D R2 D R2 B' D2
45612373332221	620768	OK	R B2 R2 D2 B D' R' D R' B D2
76345123211111	569765	OK	R B R D' B2 R2 B D' B R2 B2
15643271221331	637586	OK	R B2 D2 R B2 R D' R' D' B2 D'
25736413123112	599095	OK	R B D B2 D R2 D R' B' D B2
65132741223323	585008	OK	R B R' D' R B' D B2 R2 D' B'
16523473332323	570018	OK	R B R2 B' R D B2 R' D' B D
16725431121311	572016	OK	R B R2 B' D B D2 R' B' D R'
14725363211213	577345	OK	R B R2 D' R' D R D2 B2 R2 D'
12643571321321	603872	OK	R B D2 R2 B' D B R' B D2 R
32465173123121	614204	OK	R B2 R D' R2 D' B2 R B2 R' D
34562171321231	563473	OK	R B R B' D2 R D2 R' B R' B'
65742311212313	614697	OK	R B2 R' B2 R' B R2 D B2 D B2
35162473122221	594956	OK	R B D B2 R2 B' D' B' D R2 D2
46375212332222	575157	OK	R B R2 D' R' B R D2 B2 R2 D'
73516243323113	574687	OK	R B R B2 R2 D' B D' R2 B2 D'
14723651113121	573452	OK	R B R2 D' R' B R' D2 B R D'
56423171321321	631137	OK	R B2 D R2 D' B D' B R' D' R'
34127651131112	561944	OK	R B R B' R D' R2 B2 D R' B
32547611131112	568038	OK	R B R2 B2 R D' R B2 R2 B R'
35461271321231	572961	OK	R B R2 D2 B R2 B R' D' R2 D'
73542613132322	565315	OK	R B R B2 R' D B2 R' B2 R B2
54261373123121	580489	OK	R B R D R2 B' R2 B R2 D' B'
76342513323122	619821	OK	R B2 R' B' D' R D2 B' D2 B D2
34651272332132	610573	OK	R B2 R' D R2 D B2 D2 R' D R'
13246571112233	583568	OK	R B R' B2 D B' D' R' B2 R2 D
43216573212311	583234	OK	R B R' D B2 D' R B' D' R D2
36541272323222	562921	OK	R B R B' D2 B R2 B D R' B'
35426712311312	578323	OK	R B R2 B D2 B D' R' B R2 B
72563413121111	572648	OK	R B R D' B2 R B' D R' B D2
64275311222222	579353	OK	R B R D2 B2 R' B D' B' R2 D2
61453721311112	586136	OK	R B D2 B' D B' D2 R D2 R' B2
34725612111113	574890	OK	R B R2 D' R' D R' D2 B D B
56327411211332	586307	OK	R B R' B' D B R2 D2 B2 R D
16345272333212	569490	OK	R B R2 D' B D' R2 B D B2 D2
41325763131233	573267	OK	R B R B2 D2 R' B D' R' B2 D2
71326453132121	624593	OK	R B2 R' B2 R' B R' B2 D2 B' D
37652141113232	561806	OK	R B R D' B2 R D2 R' D R' B'
32156471113211	572388	OK	R B R' B D2 B' R B R2 D2 B2
56741231311121	565843	OK	R B R B' R2 B D' R D' B2 R
16243571321321	630798	OK	R B2 D R2 D' B D' B R' D' R
52147631211131	566195	OK	R B R B' D2 R B' R B' D B2
72546311323112	610780	OK	R B2 R D R2 D2 R' B R2 D' R'
72361453232333	565418	OK	R B R B2 D' R D' B' R2 D B'
14723653232222	583936	OK	R B D R2 B' D' R D' R D2 B
74213652323132	566100	OK	R B R' D B R' D B' D2 B2 R
54167231131112	562198	OK	R B R D2 B2 D B D' R2 B2 D'
76315241322122	590758	OK	R B D2 R' B2 R D B2 D' R2 D
75264132223331	571642	OK	R B R B D2 R' B R' B' R2 B2
14765231113121	573599	OK	R B R2 D' R' B R' D2 B R D
45612373332122	615951	OK	R B2 R2 D2 R' B D B2 D2 R2 D'
72143651312111	562890	OK	R B R B2 D2 B D B' R2 D2 B
74365212111311	568488	OK	R B R2 B2 D B D' B R2 B R2
73645213112231	595621	OK	R B D2 R' D R D2 B R B' D'
36527413311311	560851	OK	R B R B D2 R B2 R B' D2 R2
72145633232231	593947	OK	R B R' D' R D2 R B' D' B D
76145233232333	571056	OK	R B R2 B2 D R D' B D2 B D2
56723413331111	562247	OK	R B R B' R2 D2 R B R2 B R2
67412353332221	598978	OK	R B D' B2 R2 B D2 B R2 D R
12543671331113	578061	OK	R B D R2 B' R2 B D2 B2 R' D
13254761323322	603734	OK	R B2 R B R2 B2 R' D R2 B' D'
47512632312323	568300	OK	R B R2 D2 R D' R' D2 R' D B'
14726533323122	603979	OK	R B2 R B' R B2 R2 D B D2 B'
17423653213232	630300	OK	R B2 R' B R2 D' B R D R' D2
56723413221212	595350	OK	R B D2 R2 D B R2 B R B2 R'
14735621333111	561145	OK	R B R B2 R D2 R' D2 B D R2
32745611223332	581280	OK	R B R2 D B2 R' D' R' B2 R' D'
72356143211123	564148	OK	R B R D2 R2 B2 R' B' D B' D
14563272323222	562224	OK	R B R B' D2 B D' R' B D' R2
41752632312323	582650	OK	R B R2 D2 B D' B D' R2 D R'
12543673231223	584893	OK	R B D B2 R' D' B R' B D2 R
72145631233223	587078	OK	R B R' B' D R2 D R' D' B D
56324171221331	591527	OK	R B R' B R2 D' B D' R2 B2 D
76245313123121	612076	OK	R B2 R D2 R2 B R D R' D2 R'
74512362313223	557680	OK	R B R B' D2 B' R' B D2 R' D2
76245311213312	598978	OK	R B D' R' D R2 D B' R B2 R'
52163471213111	570717	OK	R B R2 B' D B' D R2 B2 D2 B'
36125471213111	568471	OK	R B R2 B2 R' D R2 B' D' B2 R
16453272111131	587624	OK	R B D' R B R' D R' D2 R2 B
76325411112131	568761	OK	R B R2 B' R D B D' B R' B2
16542371331221	624782	OK	R B2 R' D B2 R' B D R B' D'
17426531331332	599097	OK	R B D2 R' B' R' B2 D B' D2 B
12543673111331	584498	OK	R B D R' D R2 D' B2 R B' R
35246171113322	567186	OK	R B R' B D2 B2 D B R2 B D'
23576412312323	558705	OK	R B R B' R' D B2 D B2 R' B2
12564733323122	577839	OK	R B R B D' B2 R2 B' D2 R' B
14752632332132	610307	OK	R B2 R2 B' D2 B R D' R2 B D'
36745212131111	575845	OK	R B R' B D B D' R2 D R' B2
74365211213111	569555	OK	R B R2 B' D B R2 B2 D B' R2
54326171321231	591467	OK	R B D' R2 D' R2 D R' B' D' R
56327413213112	585871	OK	R B R' B2 D2 R' B R' B' R D2
57236141322233	570270	OK	R B R' B2 R' B2 R D' R' D' R
45612372331121	617640	OK	R B2 R' B R2 B' D R2 B' R' B2
54721633333331	571786	OK	R B R2 D2 R B R2 B D R2 D'
52163472111311	565843	OK	R B R D2 B' R D' B' D2 R B
76345122213311	576335	OK	R B R' B R' D' B2 R' D2 R' D'
61453723111121	581453	OK	R B D B2 R2 D B R2 D2 B' D'
36745212121223	571853	OK	R B R2 B' R' D2 B R' D' R2 B2
76145232331313	567015	OK	R B R2 B' R' D2 R' B D B2 R2
36125472111311	569800	OK	R B R2 B2 R' D' B2 R B D2 R'
41752631222123	571213	OK	R B R B2 R B2 R D' B' R D2
32156742333131	569232	OK	R B R B2 R B R' D B2 R D2
76245313122122	591717	OK	R B D B' R2 D R B' D B2 D
54167231333213	568624	OK	R B R' B D R B2 D' R D2 R'
71432563332113	573724	OK	R B R2 D' B R2 D B' D' B' R
65314272311132	557698	OK	R B R B' R2 B' D' R B2 R2 D'
15724631211311	588451	OK	R B D B' D R' B D2 B2 D B'
46513272332111	576522	OK	R B R2 D2 B' R B' R B R' D'
52673413232123	566445	OK	R B R2 D' R2 D' R D R' D2 B2
72165433321223	579426	OK	R B R' D2 B2 R B' R' B D' B
75642132213311	571667	OK	R B R' B R' D' B2 R' D2 R' D2
17362451231321	579793	OK	R B D R' D2 B D' R' D B' R2
54167231121113	569167	OK	R B R2 B' R D' B R2 D2 B2 D'
17425631332112	593311	OK	R B D' R' B R' B' R B' D R'
14325673232333	566746	OK	R B R2 B2 R' D' R2 B R B2 D'
32156742311123	573613	OK	R B R D B2 R' B R' D' B2 D2
12347653132223	563094	OK	R B R D' B2 D R' D' R2 D2 B2
31624751112233	569760	OK	R B R2 D' R2 B D' B' D B' R2
56723411131112	563899	OK	R B R D' R2 D' R' D B D2 R'
12734561322233	569028	OK	R B R2 D' R2 B D' R' D B' R2
32561473323212	567006	OK	R B R2 B' D B' D2 R2 B' R' B2
76145231121113	567759	OK	R B R2 B2 R' D B2 R' D' B2 R
25134672312323	575509	OK	R B R' D2 B R D B2 R' D B2
74163253133231	619760	OK	R B2 R' B D' R2 B2 R' D' B2 D'
23165472111332	564657	OK	R B R2 B R B2 D B2 D R2 D
75314623113122	613508	OK	R B2 R' D2 R' D B2 R B2 R D2
74125632321332	568307	OK	R B R2 D2 R B2 R' D B R2 D'
46513273113221	567416	OK	R B R D' B2 D' R B2 D B' R
65274131311313	561125	OK	R B R D' R B2 R' D2 B R' B
54721632212231	578251	OK	R B R' D R B R2 D' B D2 B'
73542613132121	594342	OK	R B D R' B2 D2 B R' B' D2 B2
32164571232323	569672	OK	R B R2 D' B R' B R B D' R2
16453271211113	582213	OK	R B D2 B R B2 D' R2 B R B2
54167232333113	568791	OK	R B R' B R2 B' R2 D B R D'
31265471313113	558615	OK	R B R B' D2 B D' B2 R D' R
32165742331112	564121	OK	R B R2 B R' D R' B' R' B R2
52341673232333	559901	OK	R B R B2 D' R D' B' R2 D B
52163471312111	560389	OK	R B R B2 D2 B D B' R2 D2 B'
54126371331221	590983	OK	R B R' B' D R D' R D2 R' D
74125632122111	576845	OK	R B R' B2 D2 B' R' D2 R D2 B'
56723413222112	613745	OK	R B2 R D' B R' B' D B' D R2
63752411223212	572186	OK	R B R D' B2 D' B D R D2 R2
14752363222121	579571	OK	R B R2 B R2 B D' B' D R2 D
64531272132131	588565	OK	R B D R2 D' R D2 B' R2 B D2
64531273312211	563971	OK	R B R B' R D2 R' D R' D R2
16725433122212	572016	OK	R B R2 B' D' B2 R B' D' B2 R2
74365211312111	559548	OK	R B R B2 D2 B D B' D2 B' R2
71432563323113	589287	OK	R B D2 R' B R2 D R' D' B' D
47156322313232	561449	OK	R B R2 B R' D' B R' B' R2 B
34261573123121	600352	OK	R B D' R' B D' R B2 D' R' B2
74365212333332	560631	OK	R B R2 B D2 B' D2 B D' R' B2
32175461113112	589897	OK	R B D2 B R' B R B2 D' B R'
76543211223221	623807	OK	R B2 R' D R' B2 D2 B' D' B2 D'
72643513212332	622776	OK	R B2 R' B' D' R D2 R D2 R' D2
12347652111221	566495	OK	R B R2 B' R D' B2 R2 D' B' R2
76543211332331	620051	OK	R B2 R' B D2 R' D' B' D R' D'
45312671222312	583652	OK	R B R' D2 R B' D2 R D R B2
13462572213311	565956	OK	R B R2 D B' D2 B' D' R D2 B'
63752143123223	584896	OK	R B D R2 B2 R' B' R' D R2 D2
17642533312211	561799	OK	R B R D' B2 D' R' B D2 R' D2
14725363213121	563282	OK	R B R B2 D2 B' R' B' R D2 R2
75346213132322	560622	OK	R B R B2 R' D' B2 R D2 R' B2
26543171123111	560195	OK	R B R2 B' R D' R2 B R2 B' R2
32174652332132	582187	OK	R B D B' R B' R D2 R' D2 B'
36127451333222	565064	OK	R B R B D' B2 R' D B D B
32765411131112	562460	OK	R B R D2 B2 D B D' B2 D' R2
43527612312323	576353	OK	R B D R2 B' R D' R D' R2 B
54326171112233	568034	OK	R B R' D2 R' D2 R D' B' D' R
51632741323232	588435	OK	R B D' R2 B D R' D R2 D' R
16725431311121	561833	OK	R B R B' R2 B D' R D' B2 R'
16427531211311	581888	OK	R B D R2 B2 D R' B' D B2 R2
62135472132131	584290	OK	R B D R2 D' R' D2 B D2 B' D2
65132472131231	568762	OK	R B R B' D2 B' D B R D2 R2
52713461232323	561824	OK	R B R2 B' D2 R2 B R' B' R2 B
47156233322312	587327	OK	R B R' D R' D' B R2 D' R' D'
32156472312332	593802	OK	R B D' R B' D' R2 B2 D' R B'
63247511123132	589645	OK	R B D' B D' B' D' R B2 D B'
52163472131222	591801	OK	R B D2 R2 D R B2 R B R2 B'
36745213131131	559822	OK	R B R B2 D' B' R B' R B2 D
52341671311313	563450	OK	R B R2 B' R B2 D' R2 D R B2
45671233112132	611299	OK	R B2 R' B2 R' D R2 B R2 B R2
56347211312111	560218	OK	R B R B' R2 B' D' R D B2 R'
15763242323132	571199	OK	R B D R2 B2 R' B' R2 B' D2 B
45732612233321	563234	OK	R B R D' R2 D' R' D R2 D2 B'
52163473221323	569772	OK	R B R2 B' D R2 B' R2 B D B2
47632152233321	557818	OK	R B R D2 B' R B' D R' D2 B
12365473332323	566040	OK	R B R2 B' R D B2 R' D' B D'
32745612322331	569497	OK	R B R B2 R D B' D2 B' R' D2
45312673222112	587544	OK	R B R' D2 B' R2 B R' B2 D B'
61352472233321	570379	OK	R B R' B D2 B R B R D2 B2
15672341323112	604175	OK	R B2 R B D2 B2 D' B R2 D' B'
36721452122123	567901	OK	R B R2 B' R B2 D' B' R D2 R2
45612373132121	602427	OK	R B D' B R' D' R2 B2 D' R D'
76315241113112	589960	OK	R B D2 B D' R B R2 D' B R'
75236143213232	588634	OK	R B R' B R2 B' D R B R' B'
51367241211113	586506	OK	R B D' R2 D B2 R' B D B D'
32561473222223	565109	OK	R B R B' D2 B R' D' B2 D2 R2
16243571132132	568410	OK	R B R2 D' R D' B2 D' R2 B' R2
74163253131332	575915	OK	R B R' B2 D2 R' D B D B2 R2
32765413122212	584174	OK	R B R' D' B R' D' R B2 D' R2
72543162311111	557996	OK	R B R2 B D' B D' B R2 D' R
25736411321312	570565	OK	R B R D2 R B2 R D' R' D B2
75321463132121	616422	OK	R B2 R' B D2 B D2 B2 R' D R'
12365473232312	583089	OK	R B D B D2 R D2 R B' R2 D2
12543672331232	559954	OK	R B R2 B D' R B2 R D2 B D2
14765233113131	567155	OK	R B R2 B' R D2 R' D R B2 D2
75346213132121	588357	OK	R B D R' B2 D2 B R' B D2 B2
16543721113211	552614	OK	R B R D' R2 B D' B' R D' R2
75346211311211	562875	OK	R B R2 B D' R' B R' B' D2 B
53621471331221	579520	OK	R B R D' R2 B2 D B' R' D B2
21354762213311	581236	OK	R B R' D2 R B R' D R' D B2
32147562313223	562054	OK	R B R D' R D2 R' B R' D B2
31624753312211	561095	OK	R B R D R D2 B R' B D2 R2
13762451321321	582849	OK	R B R2 B2 R B2 D R2 D2 B D'
72345611133113	554584	OK	R B R B2 D' R2 D R2 D2 B' D
54371621113322	555986	OK	R B R2 B' R2 D2 B D' B' D2 B
17452363322132	575129	OK	R B R2 D' R' D' R B2 R B R
56723411222312	606771	OK	R B2 R B' R D' B' D R' D R2
76315241332112	582823	OK	R B D B' D2 B R' B2 D B' R
32145673112222	573287	OK	R B R' B2 D2 R D' R' D B' R
23156471333132	560568	OK	R B R B2 R B R D' B2 R' B2
16534271111132	547933	OK	R B R B2 D' R B' R B' R2 D
74125633131233	579172	OK	R B R' D2 R' B' D2 B R' D2 R2
17543261132111	556630	OK	R B R2 B D B2 R' B2 D R B2
45713623223132	590936	OK	R B D' B2 R' D R D' B R2 D2
12347653132322	559529	OK	R B R D B2 R2 D2 R D2 R' B
13645271221331	600195	OK	R B D2 B2 R D' B2 R B D2 R2
71543622111131	552073	OK	R B R D2 B2 D' R' B2 R' D2 R
14762351331221	605322	OK	R B2 R B' R2 D2 R' B R D2 R
74361253211231	571008	OK	R B R B' D' B D' R' D R2 D
36241573212332	586423	OK	R B R2 B2 D B' D' B R2 D B
35462171221223	568953	OK	R B R D B D' B' D B2 R' B
73645211332112	582421	OK	R B D2 R D' R D2 R2 B' R B2
32465172133121	576138	OK	R B R' D B' D' R2 B2 D' B R'
27543611111132	564436	OK	R B R' B2 D2 B R2 B D2 R B
64531273122131	566078	OK	R B R B' D2 R2 D R' D' R2 D2
32765413223312	608179	OK	R B2 R D R2 D2 B D' R D2 R'
17425631223113	583534	OK	R B D B2 D B2 D' B2 R B R2
16572433213223	592150	OK	R B D' R2 B2 R D2 R D2 B R
76145231311331	571475	OK	R B R' B D' R2 D' R B R D2
24367513111121	571533	OK	R B R' D2 R B' R B' R2 D2 B2
32156472332132	579485	OK	R B D B' R B' R D2 R' D2 B
14723651211212	563451	OK	R B R2 B R' D B2 D B2 R D2
17452363213232	619141	OK	R B2 R' B R2 D' B R D R' D'
15627431332112	582129	OK	R B D2 R D' R D2 R2 B' R' D2
15724633132322	561765	OK	R B R B2 R' D B2 R' B2 R' D2
74123563323221	561729	OK	R B R B' D2 B' R B2 D R' B
32174652312332	565790	OK	R B R2 B2 D' R D' R2 D' B2 D'
34261572133121	574284	OK	R B R' B' R2 D2 B' D B R' D
63752143212323	559643	OK	R B R B2 R2 B D R' D B' R'
65274133232321	594018	OK	R B D' R D' B R2 B2 R B' R'
47156322332312	572675	OK	R B R' B R2 D' B' D B' D2 R'
46527133111121	574144	OK	R B R' D2 R B' R B' D2 B2 R2
12376543133132	568596	OK	R B R D' B2 D R' D' R2 D2 B'
62543711311112	551688	OK	R B R D2 B' R B' R D' R' B2
47621533231121	598177	OK	R B2 R B' R D R2 B' R B D2
24173652323231	551296	OK	R B R B' R2 D R' D' R D' B2
32164571111231	580523	OK	R B D B' D2 R D2 R' B R' B
16537421332112	569405	OK	R B R2 D' R' B' R' B R' B2 R
42367153111121	572191	OK	R B R' D2 R B' R B R2 D2 B2
74163253133132	593684	OK	R B D' R2 B2 D R' D' B D' B
76341253233131	562642	OK	R B R2 B R2 B' D2 B' D B R2
51264732213311	555084	OK	R B R B2 R2 D2 R' D' R D' B
47152361233232	581901	OK	R B R' D B D2 B2 D' R' D2 B
72345611222222	576304	OK	R B R' B2 R' D' B2 D B' D2 B2
73146522113231	576721	OK	R B D B D2 B D B2 D2 R' D'
12365471313113	556133	OK	R B R D2 B' R2 B D2 B2 R' B
13276541323322	586010	OK	R B D2 R' B D' R D B R' D2
15346271321321	585802	OK	R B R' D R D2 R2 B' R' D B2
14726531333312	566740	OK	R B R2 D' B D2 R B' D' B' D
12376543133231	567093	OK	R B R D B2 R2 D2 R D2 R' B2
76342511323112	585604	OK	R B D2 R' B R' B D R B' R2
63172452312323	556420	OK	R B R B R D2 R B' R D2 B2
14735621223113	572589	OK	R B R' B' R D' B' D R' D R'
17436521323232	568685	OK	R B R' B D2 R D' B' D' B2 D'
15643273223111	560837	OK	R B R B2 R D' B' R' B2 D R
36752143132232	564213	OK	R B R B D B' D' B D2 R' B
36125472121223	577132	OK	R B R' B' R D' R' B R2 D' B2
76345123312211	561757	OK	R B R B' R B' D' B2 R2 D' R
32765413322312	604165	OK	R B2 R B D2 B2 R B' R B2 R'
12467351231321	577498	OK	R B D B2 R' B R' B D' R2 B
36745211211221	564770	OK	R B R2 B D' B R2 D' R B R'
15672343213232	609446	OK	R B2 R D' R2 B2 R' D R B2 R
63714522332132	559840	OK	R B R D2 R' D R2 B' R2 B D2
46375213333121	562348	OK	R B R2 B D' R D' B' R' D R2
17463251331221	590463	OK	R B D2 B' R' B2 D R' B R D'
17426531223221	564744	OK	R B R B D2 R2 B2 R B2 R' B2
15647233213232	576333	OK	R B R B' R2 D2 B D' B' D R2
56723412122312	572451	OK	R B R2 D2 R D B2 D R D2 R'
76315241223113	564286	OK	R B R2 D R' B R2 B2 D' R B2
62154733321121	592321	OK	R B D' R' D B2 D R2 B' R2 B
65417323223123	589782	OK	R B D2 B' R B' D2 R B2 R' D2
56347211331131	558034	OK	R B R D' R2 B2 R D R2 D R2
12734562313223	550996	OK	R B R B R D2 B D' B D2 R2
54637211132111	562527	OK	R B R' B2 R D2 B' D B R D'
62135473122131	562406	OK	R B R B' D2 R2 D R' D R2 D2
16537421223113	568622	OK	R B R2 D R' B R2 B2 D' R' D2
24715632313223	562177	OK	R B R D' R B' R' D2 B2 R' B
15367421223113	581336	OK	R B D2 B D R2 B' R2 D R D2
61472533112111	558866	OK	R B R B2 D2 R B' R' D R2 B2
57364213332122	568097	OK	R B R2 B2 D R' D B' D B D
54362711111231	591051	OK	R B D' B2 R D R' B D2 B' R
76245311131121	569452	OK	R B R' B D' R B2 R2 B R' D'
15627431223113	575565	OK	R B R' D' R' D' R2 B R' D2 R
27453161123111	559266	OK	R B R2 D B2 D R2 D2 B' D R
45612373322111	576860	OK	R B R' B' D R2 D R' B R2 B'
51647231113232	560371	OK	R B R2 D2 B D2 B R' D' B2 D
23674153232321	575865	OK	R B D R' B2 R' B' R' D R2 B'
75243613213232	592270	OK	R B D2 B' D' B2 R B' D R D'
35267141223233	577985	OK	R B D B' R' B' D R D' R D2
46375211211332	571224	OK	R B R' B' R2 D' R' D R2 B' R'
57214361323232	567521	OK	R B R' D2 B D B' D R2 D' R
46375212132131	557857	OK	R B R D2 B2 R2 D B' R2 B D'
31527643332122	562888	OK	R B R' B R B' R D' B2 D2 R
37614521323232	573653	OK	R B D R' B2 D R2 D' R D' B
16257433223123	577721	OK	R B D B2 R2 B' D' B2 D' B2 D
32167453222313	562742	OK	R B R D B2 R B2 R B' R2 D2
14735621332112	556219	OK	R B R D2 R D2 R' B2 D B R2
63752142332132	555996	OK	R B R D2 R' D' R2 B D2 B' D2
16725433333232	561319	OK	R B R2 B R' B R2 D' B D B'
54317261113112	582210	OK	R B D2 B' R D' R' B2 D B' R
14735621333222	560694	OK	R B R2 B D2 R B D' B D' B'
46352171211233	583591	OK	R B D' R D R B' R2 D B D'
34165273222322	566378	OK	R B R2 B R2 D2 B R' B' D B2
67435123123121	582439	OK	R B D2 R' D2 R' D R' D2 B2 D
42315673112111	572949	OK	R B R' B2 D' B D' R' D R2 D
56173421113112	582412	OK	R B D2 B' D R' D' B2 R D' R
13542671231231	574467	OK	R B R' B R D2 R2 D' R' D2 B
52731641233112	570293	OK	R B R' D' B D' B D2 R2 B' D
31452672322331	589300	OK	R B D' B' D B2 D B2 R' B2 R
72345613221221	589430	OK	R B D2 B R2 B' R2 B' D B D2
54231673123121	568272	OK	R B R' D R D B2 R2 B D2 R2
24715633112111	560676	OK	R B R D' B R' D R2 D2 R B'
31265471321111	560101	OK	R B R2 B D' B D B2 R' D R'
74125633133222	587909	OK	R B D2 B D2 B' D2 B' D R D2
67435121332112	576067	OK	R B D2 R' D2 R' B D' B2 R2 B
23456713212332	575993	OK	R B R2 B' R2 D B' R2 B R B'
75346213112132	570985	OK	R B R' B2 R D R' B D' R D2
31452671332232	582825	OK	R B D' B D R D' R2 B R D'
73645211223113	559832	OK	R B R D' B2 D B' D2 R D' R
73645211321111	561899	OK	R B R2 B R' B D R2 B' D R'
76253141123132	570961	OK	R B D R' B2 R D' B R D2 B2
15236473231121	567880	OK	R B R' D2 B' D R D' R D2 B2
42561733323122	552061	OK	R B R D2 B2 R B R2 D2 B' R'
53421671321231	561454	OK	R B R2 D2 B R2 B R' D' R2 D
45623712332123	582804	OK	R B D' R D' B' R' D B2 R D'
32156471232332	572536	OK	R B R' D' R D2 R B' R D2 R'
64713253112111	574325	OK	R B D R' B2 D' R B' D' R B2
76315243211231	564700	OK	R B R2 B R2 D B D' R B' R'
32465172132131	554812	OK	R B R B' R D' B R2 B' D2 R
36217543213112	583882	OK	R B D' R2 B' D R B' D R2 B2
12637451332112	549641	OK	R B R2 B R B2 D' R2 B R D2
62317453112111	576645	OK	R B D B2 D B' D' R D' R2 B
47621532232331	568495	OK	R B R' D R' B' R' B D2 R D'
43216573132121	568932	OK	R B R2 B2 D' B R' D2 R' D2 R'
47156322332132	554951	OK	R B R D2 R' D R2 B' R2 B' R2
15746321323211	568426	OK	R B D R B2 R D R2 D2 B' D'
25137461211323	558461	OK	R B R2 B' R D R2 D2 R B R'
56124371111231	562284	OK	R B R' B2 D B R' B R2 B' R
12346571111231	564594	OK	R B R' B2 R' B' D' R D2 B D'
13276541323112	566049	OK	R B R2 D' B D' B R B R' B2
56423171231231	571335	OK	R B R' B' D B' R2 D2 B' R' D
71432561323232	557656	OK	R B R D' B2 R B2 R' D B' D
52163471333123	567487	OK	R B R' D B2 D' B2 R D R B'
34261572132131	554857	OK	R B R B' R D' B R2 B' D2 R'
32451762331121	562058	OK	R B R' B' D B2 D R2 B' R2 B
62374511322311	561515	OK	R B R' B2 D' B D R' D B2 R2
76253141211332	560554	OK	R B R' B D B D' R2 B D B'
23751463112321	565465	OK	R B R' D R D B' R2 D R B'
57241631322113	555981	OK	R B R2 B2 D' B R2 B' D R2 D'
45671231132231	570211	OK	R B D R' D' R' D B D' B D2
76342511111231	553042	OK	R B R B' D2 R B2 R' D R' D
65123471233232	564496	OK	R B R' B D R2 D R' D' B' D2
62147353132121	550827	OK	R B R B2 D' R B' D B' R' D2
41357622313112	571193	OK	R B D B' D2 B R' B R B2 D2
16542371221331	561838	OK	R B R2 B D' B R' D' R2 B R'
52731641323112	564744	OK	R B R' B' R B' D B2 R2 D' B
17356241212313	562561	OK	R B R' B' R D2 R B R' D2 R2
32156473223123	554823	OK	R B R B' R B2 R' D2 B R' D
32647153132121	570361	OK	R B R' D2 B2 D B2 D B2 R D
75412631223332	548382	OK	R B R D2 B R' D R2 D R' B2
23751461132123	564717	OK	R B R' D' R B2 R B2 D' R2 D
14723652322121	566448	OK	R B R2 D' R2 D B R2 D' R2 B'
25364173223231	551534	OK	R B R D' R' D' R B D' R B2
17463251221331	561216	OK	R B R2 B D B' R2 D R B D'
13764251211311	548362	OK	R B R B' D2 R' B R' B' R B2
15342671211311	552397	OK	R B R B' D2 R' B R' B' R D2
23456173212332	574307	OK	R B R' B' D' R B2 D' B D2 B'
45637123332122	554209	OK	R B R2 D B2 D B2 D2 R' B R
45623713322321	562001	OK	R B R' B D' R' B' R B2 D R'
32417653132121	549547	OK	R B R B2 D2 B' R' B2 R' B2 R
51623471321111	554231	OK	R B R2 B' R B' D' B2 R B' R
53467211321111	555417	OK	R B R2 B' D R' B' D2 R D' R
17324561232332	546193	OK	R B R D B2 D B R2 B2 D' B'
72345611221223	555796	OK	R B R D2 B' R B2 R' D R2 D2
74125633132232	550713	OK	R B R B2 D' R B2 R' D B2 D2
75314621133221	543234	OK	R B R B' R' D' B R D' R B2
17362451211311	549131	OK	R B R D2 R D' B' D R' D2 B
42137653132121	556236	OK	R B R2 B R' B D' R D2 B' R
26345711223113	554578	OK	R B R2 D' R2 D' R D' R2 B2 R
14763523222331	558950	OK	R B R B' R D B2 D2 R' B' D
36217541223311	553393	OK	R B R2 B' D B R2 B2 R B D'
57241631323112	553539	OK	R B R2 B2 D' R D2 R' B R2 B'
76421351131121	546296	OK	R B R B' D2 B' R' B' R D2 B'
47653213232111	546978	OK	R B R B D2 B R' B' R' D2 R2
72345612331331	549821	OK	R B R B' R2 D R' D2 R B2 R2
31452671323211	548572	OK	R B R D' B2 D B' D R B2 D2
42165373223123	555918	OK	R B R2 D' R2 D' B D' R2 B2 R
62374513312112	544253	OK	R B R B2 D R' D B2 D B' D2
15746322313112	540287	OK	R B R B D2 B D R2 D2 B' D'
46352172113231	544808	OK	R B R B' D2 B D' B R B2 D2
