12745631111111	3737688	OK	B R' B R B' D2 B' R' B' R D2
52341671111111	3760912	OK	B R' B2 R' D' B' R D2 B R' D
54721631111111	4464307	OK	B2 R' B R' D' B R2 B R B D'
41752632313211	4268848	OK	B2 R B' R D R2 B' R B D2 B'
21354672313211	4270386	OK	B2 R B' D R D2 B' R D R2 D'
14325671111111	4451217	OK	B2 R' B R D B2 D R' B' R D'
15642371111111	2484201	OK	R2 D R' B D B2 R' D B D2 B'
75246311111111	2497031	OK	R2 D R' D B D2 R' D R B2 R'
45312672313211	3660126	OK	B R2 B' R' D R2 B' D' B R' D2
41625372313211	3221138	OK	R' D R' B D B2 R' D B D2 B'
47265312313211	3233730	OK	R' D R' D B D2 R' D R B2 R'
25714632313211	3677111	OK	B R2 B' D' B D2 R' B' D R' B2
56147231222132	2347321	OK	R2 B D' B R2 B2 D' R D' R' D
54321673313321	2294229	OK	R2 B R' D B2 D2 R' D B' R' B
45176233131113	2336000	OK	R2 B D' R B' R B R2 D2 B2 R
25314673111313	2367980	OK	R2 B D' B R' B R B2 D2 R2 B
25314673131311	2310333	OK	R2 B R' D B' R D B2 R2 D2 B
53162743312223	2834763	OK	R' B R' B D R2 B' D R B2 R'
25314673111331	2280572	OK	R2 B R2 D2 B2 R B D' R D' B
54321673323311	2360965	OK	R2 B D' R' D B' R2 D2 R D' B
45176231131313	2263872	OK	R2 B R' B R' B D R2 B2 D2 R
45176231133113	2300472	OK	R2 B D2 R2 B2 D R B' R B' R
76543211111111	2633970	OK	R2 D' R B R B2 R D' B' R B'
51342763312223	2837620	OK	R' B R' D R B2 D' R D R2 D'
54321673313312	2281732	OK	R2 B R' B' D B' D2 R2 D R' B
54217362233213	2411729	OK	R2 B' R2 B R' D B' R2 B' R B'
26154372332213	2477479	OK	R2 B' D2 B R' D R' B2 R' B R'
45176231331113	2246423	OK	R2 B R2 D2 B2 R B R' B D' R
24751362321113	2554405	OK	R2 D B2 R2 D' R' D R' B R2 B
16345271111111	2634763	OK	R2 D' R B' R' D R2 D B D B'
52763413223312	2324192	OK	R2 B D' R B2 R2 D' R D' B' R
64157321133212	2487357	OK	R2 D R2 B2 D' R' D B' R B2 R
32456711233133	2559692	OK	R2 D B2 R2 D' B' R B' R B2 R
13754262123323	2490501	OK	R2 B' D' R B' D R2 D R' D R2
52763413222112	2340740	OK	R2 B D' B' D B' R2 D2 R B' R
74256313111232	2493527	OK	R2 D R2 B2 D' B' D B' R D2 R
64325713121222	2249409	OK	R2 B D' B R' D' R D2 R B R'
52763413322312	2251856	OK	R2 B R' B R2 B2 D' R B' D' R
52763411222312	2269690	OK	R2 B R' D' R B' R2 D2 R D' R
23671452122333	2418969	OK	R2 B' R' B R' D B2 D R' D B2
65732411333123	2286118	OK	R2 B D2 R2 B2 D R D' B D' R
41765322313211	2503010	OK	R2 D2 R B' R B R2 D' B D B2
12345673132313	1874622	OK	R B' D2 B' R' B D' R D' R2 D2
36725413131311	1830461	OK	R B' D2 B' D' B D' B R' D2 R2
34162752132212	2197128	OK	R2 B D R' B D' R D' R D2 B
35721642221213	2241783	OK	R2 B D' R B' D' R D2 R D R'
46257313312211	2480333	OK	R2 D R' D B R2 B R2 D2 B D
52314673311311	2511029	OK	R2 D B' R' D' B D2 R' B D2 B'
12345673231313	1802433	OK	R B' R2 B' R' D B' R D' R2 D2
54217632132212	2173739	OK	R2 B R' B R' D' B R2 B D R'
25731642232211	2173054	OK	R2 B R' B D R' B2 R' D2 R D
45176321131133	2455129	OK	R2 D R' D' B' D R2 B' R D2 R'
24615372213311	2468426	OK	R2 D R' B D R2 D B2 R2 D B
25341673113311	2457590	OK	R2 D R' B' D' B R2 D' B R2 B'
72561433311233	1982323	OK	R D2 R2 D R' D R' B R' D B2
57214632212213	2166484	OK	R2 B R' D R B' R2 B' R2 B R
75243162211322	2247437	OK	R2 B2 R B2 R2 B R2 D' R2 D2 B
25631741212121	2174015	OK	R2 B R' D B' D' R B2 R B D'
27546312231122	2254458	OK	R2 B2 R D2 R2 D B2 R' D2 R2 B
47165321322131	2316442	OK	R2 B2 D2 B' R D' R2 B' R B' R2
12367451312222	1996900	OK	R D2 R2 D B' D R' D B' D R2
24615733113323	2203870	OK	R2 B D2 R2 B2 R' D B' D B2 D'
32147652233213	1921585	OK	R D B2 R2 D2 B R B' D R' D'
34561272212213	1928935	OK	R D B2 R2 D2 B R D' B R' D'
23165743331312	2323584	OK	R2 B2 D2 B' R B' R2 D' B D' R2
74513263121222	2148216	OK	R2 B R D' B D' B R' D R2 B
36725413111313	1752661	OK	R B' R2 B' D' B R' B R' D2 R2
76254133311323	2199459	OK	R2 B D2 R2 B' R' D B' D R2 D
23165742131333	2326158	OK	R2 B2 D2 B' D B' R2 D' R D' R2
53672142221213	2147727	OK	R2 B R B' D B' D R' D B2 R
63725143123313	2328462	OK	R2 B2 D2 B' D R' D2 B' R D' B2
41532672313211	2268306	OK	R2 B' R D R' D2 R' D' B' D B2
42351763231133	2206185	OK	R2 B D2 R2 B' D' R B' D R2 D
71625433213133	2190458	OK	R2 B D B' D B' R B' R B2 D
24615731132333	2149196	OK	R2 B R2 D2 B2 D' B R' D B2 D'
32145671111111	2265881	OK	R2 B' R B' D' B D2 B D R D'
35267141321132	2749479	OK	R' B D R' B2 R D' B R D2 B2
47352612313211	2283784	OK	R2 B' R2 B' R' D' R D2 B D' B
34561272232211	1867717	OK	R D R2 B2 D2 R D R' D B' D'
54312673311311	2284392	OK	R2 B' R D B2 D' R B2 D' R2 D
54367211213333	1931397	OK	R D B2 D2 B D R2 D2 R' D2 B
54367212211322	1877496	OK	R D R2 D2 R B R2 B2 R' D2 B
63172452313211	2266092	OK	R2 B' R B R' D2 R' D' R' B D2
45321673113311	2328939	OK	R2 B' D R B2 R' B R2 D' B2 D
32147652332213	1853300	OK	R D R2 B2 D2 R D B' D B' D'
52741632123323	1871192	OK	R D R2 D2 R B D2 B2 D' B2 R
62135743312223	2113135	OK	R2 B R2 B2 D2 R' B' D R' B R2
12347651111111	2258431	OK	R2 B' R B D B2 D B' D' R D'
16527431312222	1874205	OK	R D R' B' D R D2 R2 B2 R B'
61352472313211	2281885	OK	R2 B' R2 B' D' B' D R2 B R' D
76321453311233	1871244	OK	R D R' B R' B R2 D2 B2 R B'
42615371313332	2170632	OK	R2 B D2 R2 B2 R' B D' B D2 B'
63125741112323	2113079	OK	R2 B R' B D R2 B2 D' R2 D B
74123653132232	1974775	OK	R D2 R2 D B' R B' R B' R B2
74256311321222	2133097	OK	R2 B R2 D2 B' D' R D' R D2 R
75314621313212	2741133	OK	R' B D B' D2 B R' B R B2 D2
74165233111313	1616972	OK	R B2 R2 B' R D' R D' R' D2 R'
16543271221223	1995529	OK	R D2 R2 D R' B R' B R' B R2
41635721212121	1940104	OK	R D2 R' D' R D' B R2 B D' B
45376121131133	2262838	OK	R2 B' R B D2 B' R B2 D' B2 D
24751362221231	2144326	OK	R2 B R2 D2 B' R' B D' B R2 B
25413672323111	2692907	OK	R' B R D' B2 D B' D R B2 D2
16254733312223	1788141	OK	R D R2 B' D' R2 D' B R B2 R
24563713121222	1944066	OK	R D2 R' B' R D' B D2 B D' R
35624712321212	1750928	OK	R B' D R2 D2 B' D B' R' D B
26317451212211	2215095	OK	R2 B2 R' D' R' D B2 D B2 D' R2
46215372313211	2136719	OK	R2 B2 R B' D R D2 B' R D R2
25364172311231	2685049	OK	R' B R B' D2 B D' B R B2 D2
36725412111212	1595552	OK	R B2 R D R' B R' B R2 B2 R'
74165233132313	1625077	OK	R B2 R2 B' R' D2 R' D' R D' R
74165233231313	1628195	OK	R B2 R2 B' R' B2 R' B' D B' R
17326452212111	2203288	OK	R2 B2 R' B' R' D R2 D R2 D' R2
14367523311113	2009018	OK	R D' R' B' R B' R' D2 R' D' B
26435712222122	2146266	OK	R2 B R2 D2 B2 D' R D' R B2 R'
34561273313321	1765913	OK	R B' R' D2 B' R D' B2 R2 B' R
63725141112323	1765650	OK	R D R2 B' R B R2 D2 B R' D'
12374562111212	1771624	OK	R B' D B2 D2 R' D R' B' R B
56123471331332	1914035	OK	R D B2 D2 B D B2 D2 B' R2 D
36754123232222	1769011	OK	R B' D B2 D' B R' B D R' B2
76312452212111	2161200	OK	R2 B D' B' D R B' D R2 D' R
12345672321212	1616257	OK	R B D' R2 B' R B2 R B' R' D2
71264533231223	1757678	OK	R B' D R2 D' R D' R D R' B2
52741633321223	1788648	OK	R B' D B' R2 B R2 B' D2 B D'
74165233131311	1617836	OK	R B2 R2 B' R B' R D' R' B2 R'
54367213112222	1783153	OK	R B' D R' D2 R B2 R' D2 R D'
32156741112323	2098284	OK	R2 B R' B D R2 B' D R B2 R'
12345672121232	1602638	OK	R B D2 B R D' B D' B' R2 B2
36725412123212	1599007	OK	R B2 R D B' R B' R B2 R2 B'
76321453323311	1818143	OK	R B' D' R2 D B2 D' B D2 B R'
61235741313131	1770032	OK	R B' D' B D R D2 R2 B' R B
76321452123323	1770811	OK	R B' D R B2 R B' D2 R2 B R'
12367452113333	1790080	OK	R B' D B2 D2 R' D R' B' R B2
74165231121212	1554068	OK	R B D2 B D B' D B' R' B2 R2
24731561111111	2065304	OK	R2 B R' B R2 D R' D' B' D2 B'
72543613132232	1868667	OK	R D R' D R' B R2 D2 B2 R B'
32647512333233	2210968	OK	R2 B2 R' D' B' R D2 R B2 R' B2
34527612231332	1769967	OK	R B' D R2 D2 B' D B' R' D B2
21347562312323	2476298	OK	R2 D2 R B' D B R2 D' R B R2
75462132123212	1695848	OK	R B' R D2 R2 B' D B' D' B R
74165232111212	1574134	OK	R B D' B2 R' B R2 B R' B' D2
14763251221223	1883901	OK	R D R' D' B R D2 R2 B2 R D'
14632571111111	2060685	OK	R2 B R' B2 R' D' B' R D2 B R'
24315673311311	2148070	OK	R2 B D' B' D' R D2 B' D R2 D'
36125743222331	2499681	OK	R2 D B' D' B' R D2 B' R B2 R'
36725412321212	1588453	OK	R B2 R B R' B R' D B2 D2 B'
76321453313312	1755593	OK	R B' R' D2 R B2 R' D R2 D R'
54367213312133	1716979	OK	R B' R B' R2 B R2 B' R2 B R'
76541232131213	2034480	OK	R D' B2 D' R B D R2 D2 R B
63541271212211	2123908	OK	R2 B D B' R B R2 B2 D' B' R
12354761112323	2102085	OK	R2 B R' D R B2 D' R D R2 D'
74165231313131	1533443	OK	R B D2 R B' R2 B' D R' B R2
72361542333233	2103269	OK	R2 B D R' D R B2 R2 D' R' B
16527432211322	1710892	OK	R B' R B R' B D2 R2 B' D R2
31564272212111	2131234	OK	R2 B D2 B2 R D' B' D B2 R B
67321451212211	2097863	OK	R2 B R' D' R D R' B R2 B' R
67132541133311	1978334	OK	R D' R2 B2 R' B2 D B2 D2 B D'
36725413131113	1548688	OK	R B D2 R B' D2 B' D R' D R2
72561432213122	1712252	OK	R B' R D2 R2 B' D B' D' B R2
56274312313211	1766338	OK	R D R' D B D2 R' D R B2 R'
36712542121211	1685739	OK	R B' R B2 R2 D' R B' R' D R
45276131131133	2127889	OK	R2 B D' R' D' R D2 B' D B2 D'
12765432222212	2043778	OK	R D' B2 D' B D R D2 R2 D R
73615241112323	1639807	OK	R B' R B2 D2 R2 B R' B R' D
16527431222132	1723999	OK	R B' R D' R B' R D2 R2 D' B2
52614372313211	1756098	OK	R D R' B D B2 R' D B D2 B'
15324673113311	2086479	OK	R2 B R' D' R' D R2 B' D B2 D'
12345673131323	1540318	OK	R B R2 D B' D2 B' R B' R D2
73624513121132	1972009	OK	R D2 B' D2 R D' B R' B R' D
36725412121211	1589823	OK	R B2 R B D' R B' D R2 D2 R'
46127353131323	1717223	OK	R B' R' D R D B2 D2 R' B R
16427532333233	2117652	OK	R2 B D2 B2 R B' R' B D2 R D
45312673132313	2158532	OK	R2 B2 R D R2 D' R2 D R' B' D2
45376213131323	2164450	OK	R2 B2 R D B2 D' R2 D B' R' D2
76254313211111	2154632	OK	R2 B D2 B2 R2 D' B' R B' R D2
12345672123212	1553677	OK	R B R' B2 D' R B2 R D' R' D2
17265433111313	1860712	OK	R D2 R B R' D R' B2 R' B R'
76512343332311	1954773	OK	R D2 B' R2 D R' D R' B D' R
72543613322312	1813952	OK	R B' D' B2 D B2 D' R D2 R D'
76512343213313	1956534	OK	R D2 B' R2 D R' B R' B D' B
64531271212211	2070766	OK	R2 B R2 B2 D R' D' B D2 R B
36725411313131	1470366	OK	R B R2 B2 R' D' R2 D' B' R B'
43675122222122	1768508	OK	R B' D' R D R B2 R2 D' B D
74165232121211	1518419	OK	R B R' D2 B' R D2 R D' B' D2
32147651213333	1701428	OK	R B' R D R' B D2 R2 B' R D2
36741252122123	1705938	OK	R B' R B2 R2 D' R B' R' D R2
24351761111123	2146663	OK	R2 B D2 B2 R2 D' R' B R' B D2
74165231212121	1484754	OK	R B R2 B D R' D B' R' B2 R2
74165233131323	1511100	OK	R B R' B D' R' B2 R' D' B2 D2
32517463131311	1879664	OK	R D2 R D R' D B' D2 B' D R'
45312673231313	2151358	OK	R2 B2 R B D2 B' R2 B R' B' D2
32147562333233	2072333	OK	R2 B R' B' D R D' R D2 R' B
12456731132321	2382599	OK	R2 D R' B2 R' B' R' D R2 B D'
74165233131113	1487650	OK	R B R2 B2 R' D' B2 D' R' B D'
36725412121232	1481498	OK	R B R2 B R B2 R2 B' D' R B'
36725411212121	1481639	OK	R B R2 B D R' D B' R' D2 R2
32416753121222	1791298	OK	R D R2 B' D' B2 D' B D R2 D
24615732111323	1976751	OK	R D2 B' D2 B D2 R' B D2 B2 D'
26435712322322	1967865	OK	R D2 B' D2 B R2 D' B R2 B2 R'
36725411131313	1490673	OK	R B R2 D B' R2 B' D B' D R2
36725412121112	1480839	OK	R B R2 B R D' R B' R' D2 R2
74165232121112	1477578	OK	R B R2 B R D' R B' R' B2 R2
25341762313223	2102491	OK	R2 B R' D R B2 D2 R' D2 R D
36145272131213	1973110	OK	R D' R2 D' B R B R2 B2 R B
67254311131133	2118578	OK	R2 B D2 B' D2 R D' R2 D B D'
36725411121212	1481089	OK	R B R2 B D B2 D2 B' R' D R'
74165231131313	1510896	OK	R B R' D R' B' R2 B' R' B2 R2
54612371112311	2084144	OK	R2 B R2 B2 D2 R' D' R D' B D2
36514272212111	2060356	OK	R2 B R D' R D B2 D2 R' D' R
56347212111221	2185684	OK	R2 B2 R' B R2 D' B' R' D2 B D
32567412222212	1972673	OK	R D' R2 D' R B R B2 R2 B R
16527431123333	1605144	OK	R B2 R2 B' D' R B' D R' D B2
12367451123333	1603535	OK	R B2 R2 B R D' R D' R D' R2
76145231122112	2183988	OK	R2 B2 R' B D2 R' B' D' B2 R D
54367212333113	1620410	OK	R B2 R' B D' R' B R D' B R'
76145231221112	2195628	OK	R2 B2 R' D B2 R' B' D' R2 B D
21345762223322	1964033	OK	R D2 B' R2 B R2 D' R D2 R2 D'
34527612211322	1606699	OK	R B2 R2 B' D R' B R' D B R2
52741632212231	1623871	OK	R B2 R' B R' B' R D R' D B'
23165742131321	1958533	OK	R D2 B' R2 B D2 R' D R2 D2 R'
67354211313113	2191282	OK	R2 B2 R' D B D' R2 B2 R B2 R
62351743112123	2379899	OK	R2 D R' B R2 D R' B' D' B2 D'
24351673311311	2118752	OK	R2 B D2 B' R2 D R' D2 R B D'
43765212222122	1850117	OK	R D B2 D2 B' R D2 B' D2 B R
72561433321133	1597190	OK	R B2 R2 B D' R B' D R' D B2
63725142123131	1812269	OK	R D B D2 B2 D B R D' R2 D'
54367211333213	1627386	OK	R B2 R' D B' R' B R B' D R'
72543613223312	1742669	OK	R B' R' B2 R D2 R' B D2 B D'
67354211333111	2181382	OK	R2 B2 R' B D B' R2 D2 R D2 R
32147651123333	1578118	OK	R B2 R D R D2 B D' R2 D' R
64125371131313	1726486	OK	R B' D2 B R' D R' B2 R' B R'
51267342312233	1702256	OK	R B' D B2 D B' R D' R' B2 D2
75231463211123	1833229	OK	R D B2 D' R B' D B2 D' R2 D
34561273321133	1603135	OK	R B2 R2 B D2 R' B R2 B2 R' B'
34527613312133	1604957	OK	R B2 R2 B' D2 R' D B2 D2 B' R'
13275641112323	1545232	OK	R B2 R' B R' B R' B D' R2 D2
13265741112323	1739033	OK	R D R2 D' B2 R2 D R B' D B2
27643513311233	1891011	OK	R D2 R2 D R2 D2 B2 D B2 D2 R'
36741252123323	1602353	OK	R B2 R2 B' R D' B R' D R B2
41263751312222	1878328	OK	R D2 R2 D B2 D2 R2 D R2 D2 B'
56123473133132	1712845	OK	R B' R D' R2 D B2 D' B2 D R'
63542713121333	1645750	OK	R B' R B2 R D' R B' R' D2 B2
14763251222312	1745445	OK	R B' R' B2 D' R B' R2 D2 R' D
47216352131333	1847909	OK	R D B2 D2 B' R B2 D' B2 D R
76321453233131	1596170	OK	R B2 R2 B R2 D' B R2 B2 R' D'
72543611331332	1753696	OK	R B' D B R' B R2 D2 B' R B2
51324673113311	2059314	OK	R2 B R2 B' D2 R B' D2 B R D'
71264533231313	1540896	OK	R B D2 B' D2 B D' R2 D' R D2
72561433321223	1605289	OK	R B2 R2 B' D2 R' D R2 D2 R' D'
62435172311132	1791632	OK	R D B R2 B2 R D R D' B2 D'
46153273131131	1971126	OK	R D' R2 B2 R' D2 B D2 B2 D B'
63574212313211	1908076	OK	R D' R B R B2 R D' B' R B'
52163473323332	2181005	OK	R2 B2 R' D R2 B' R' D' R2 B R
34527612231122	1548852	OK	R B D2 B2 D' R B2 D R2 D2 R'
52741633313321	1555141	OK	R B D' R D' R' B R B' R B2
36741253233131	1594044	OK	R B2 R2 B R' D B' D R' B D2
67154233323332	1554136	OK	R B D' B R2 B2 D' R D' R' D
32417562113321	1647857	OK	R B' R D' B' D B2 D R D' B
63752411333213	2170813	OK	R2 B2 R' B R D' R2 B2 R B2 R
54321672212213	1586605	OK	R B D' B R' B R B2 D2 R2 B
34527612331322	1592192	OK	R B2 R2 B D R' D R' D R' D2
12367451213333	1605370	OK	R B2 R2 B' R B' D R' D B D2
32165741111111	1785979	OK	R D B' D B' D B2 D2 B R' B'
25471631312213	1683145	OK	R B' D R2 D R' D R' B' R2 D2
63752412333113	2182142	OK	R2 B2 R' D R D' R2 B2 R D2 R
12367453112222	1616220	OK	R B2 R2 B' R2 D' R B2 R2 B' D'
54367212231122	1554068	OK	R B D2 B2 D B D2 B2 D' R2 B
34561272122321	1613473	OK	R B2 R2 B' D' B R' D R' B R2
65314272313211	1912757	OK	R D' R B' R' D R2 D B D B'
14763253222112	1709222	OK	R B' R B' R B' D B2 D2 B' D2
72435163333313	2003553	OK	R D' B D' R2 D' B' D' B R2 D
56147232332213	1553669	OK	R B D' R B' R B R2 D2 B2 R
46127352131333	1697212	OK	R B' R' B D B D2 B2 R' B D
53714622233111	1641127	OK	R B' R D2 R D' R D' B' R2 D2
32147652331322	1597858	OK	R B2 R2 B' R' B R' D B' R B2
12367541113331	1871758	OK	R D2 B D2 B' D R' D R' B' R
63142571132321	2288001	OK	R2 B' D2 R B D2 B R2 B D' B2
31654272313322	1626045	OK	R B' R B2 R D' R B' D2 B R2
16527432331322	1573216	OK	R B2 R B R D2 B R' D2 R' D
34561272213122	1531502	OK	R B D B' D2 R2 D R B R' D2
41725361321213	1812440	OK	R D B2 R2 D' R' D R' B R2 B
52741632212213	1539747	OK	R B D2 R D' R' D2 R' D2 B D'
52763143222331	2324368	OK	R2 B' D B D2 B' R D2 B' D2 B
41352671222111	1566642	OK	R B D' R' D B' R2 D2 R D' B
34216572213122	1863738	OK	R D2 R2 D R2 D2 B2 D' R2 D2 B
36741252122321	1596312	OK	R B2 R2 B R B' R D' R B' D2
47251363131113	1659185	OK	R B' R2 B R' D B' R2 B' R B'
54367212332213	1539684	OK	R B D2 R D' B' R2 B' D2 R D'
32674152113333	1865509	OK	R D2 R2 D B2 D2 R2 D' B2 D2 R
34561273311233	1531525	OK	R B D B' R2 D2 R' D' R B2 D'
36712542121112	1484358	OK	R B R' D2 B2 D B R D' R' B
54321672232211	1527981	OK	R B R' D B' R D B2 R2 D2 B
41352671212121	1499961	OK	R B R' D B2 D2 R' D B' R' B
72145633312223	1865588	OK	R D2 B R' D B R2 D' R D B2
65132472212231	2142875	OK	R2 B2 R B R2 B' D2 B D' B' R2
16527432231122	1514910	OK	R B R' D' B D2 R' B R' D' B
76321452122321	1580935	OK	R B2 R B D B2 R B' R2 B' D
52741633323311	1552194	OK	R B D' R D R2 D B' R2 D2 B
35624712121232	1450719	OK	R B R2 B D2 R' D B D2 B R2
52714361232113	1806977	OK	R D B2 D2 R' B R' B' R D2 B'
52341672323312	2050139	OK	R2 B R2 D B2 D R' B D2 B D
36712542122111	1532651	OK	R B D' R B' R2 D R' D R D2
32147651312222	1511559	OK	R B D R' D2 B2 D' R' B R2 D'
42163751121212	1651673	OK	R B' R2 D' R' B R D' B2 D R
76321452213122	1530383	OK	R B D B' D2 R2 D R B R' B2
73624513332131	1951437	OK	R D2 B' D2 R D' R D' B D' B
63142573112123	2238773	OK	R2 B' R2 D B R2 B R2 B D' R2
76321453321133	1511694	OK	R B R' D' R B D2 B2 R2 B R'
65243712121322	1525497	OK	R B2 R D2 R2 D B2 R D2 R2 B2
15762342122213	1502289	OK	R B D' R B' D R2 D R' D R'
16527432333113	1531451	OK	R B D2 R2 B2 D R B' R B' R'
47165322133112	1749800	OK	R D R2 B2 D' R' D B' R B2 R
16745233333313	1981271	OK	R D' B2 R B R2 B' D' B2 D' B'
56147232333113	1526530	OK	R B D2 R2 B2 D R B' R B' R
54367211222132	1494448	OK	R B R' B D' B' D B R' B D2
56147232233213	1488850	OK	R B R' B R' B D R2 B2 D2 R
54367121113331	1865028	OK	R D2 B D2 B' D R' D R' B' R'
26534713333313	1928527	OK	R D' R B' R B2 D R' B' R' B2
32761453121312	1976500	OK	R D' B2 R B D2 B' R' B2 R' B'
37426513132313	1466478	OK	R B R2 B' R2 B D' R2 D' B D2
26547313131323	1616807	OK	R B2 D2 B' D R' D R2 D' R2 D
12356743113131	1539926	OK	R B D2 B' R2 B D' B2 D' B R2
71264533131323	1458917	OK	R B R2 B R2 B' R D2 B' D2 B
67345122223133	1834177	OK	R D B' R2 D2 R D B R' B2 D
16534723211123	1831449	OK	R D2 R B D2 B' D' B2 R B D
54367212233213	1484388	OK	R B R2 D R' D' R2 D' R2 B D'
52741632232211	1486818	OK	R B R2 D R' B' R2 B' D2 R D'
16273541122133	1650170	OK	R B' R2 D2 R D R2 D R B' R
34561273321223	1521929	OK	R B D R2 D2 B' R B' R D R2
26743512121232	1647905	OK	R B' R2 D' R' D R D' B2 D B
31524673332122	1997775	OK	R D' R' D' R B' D' B2 D' R' B
35624712331232	1477616	OK	R B R' D B' R2 D B' R B D2
56123471333123	1613648	OK	R B2 R' D R' B' R B R' D R'
12374561121212	1458791	OK	R B R2 B R2 D' R B D2 B R2
45736121122211	1784519	OK	R D B D2 B' D R2 B' D2 B R'
67245311112311	1777345	OK	R D R' D B R2 B R2 D2 B D
46275312112232	1752028	OK	R D R2 B2 D' B' D B' R D2 R
71523463231313	1569751	OK	R B2 R2 D' B D' B' D R B' D
12356741313131	1470600	OK	R B R2 D B' D2 R2 D R' B' R2
14763251332331	1592439	OK	R B2 R2 B' R' D B' D R' B D2
72561433221233	1517239	OK	R B D R2 B2 R' D B' D' R2 B
52341673323212	2030843	OK	R2 B R D2 R B' R D2 R B2 D
71263542323123	2275305	OK	R2 B' D2 R B R2 B D2 B R' D2
24376512222122	1641108	OK	R B' R D2 R D' R D' R2 D B2
34561272122123	1521686	OK	R B D R' B2 D2 B D B R' D2
76321452122333	1478218	OK	R B R2 B2 R' B D2 R D2 R2 D
76321452122123	1521750	OK	R B D R' B2 D2 B D B R' B2
45621373211111	1767903	OK	R D R' B D R2 D B2 R2 D B
23657142121112	1625723	OK	R B' R D R2 B2 D R' D2 R D2
56271433132313	1562371	OK	R B2 R2 D' R D' B' R D B' D
35624712321332	1468638	OK	R B R' B R2 D R' B2 R' B R'
64275132211133	1847195	OK	R D B' D2 R2 D B R B' R2 D
32147653112222	1521303	OK	R B D B2 D2 R' B D' R D B2
26435713333133	1822520	OK	R D B2 R2 D' B' R B' R B2 R
36741252122333	1472444	OK	R B R2 B2 R' B R2 D B2 D2 B'
47165322313211	1460380	OK	R B D2 B R2 B2 D2 B R2 B' D'
25734613113323	1818678	OK	R D2 R B D2 B D' B' D2 R2 B'
34675212222122	1694402	OK	R B' D R' B2 D B' D B D2 B
36125471222111	2054407	OK	R2 B R2 D B2 D B' R D2 R B
41756231321213	1816296	OK	R D2 R D R2 D B' D' R2 B2 D'
24617532233321	2124550	OK	R2 B2 R B' R D R2 B' R B D2
16527433312133	1454183	OK	R B R B2 R2 D' B R' B R B2
71264533221323	1471631	OK	R B R2 D B' R2 D2 R B' R' D2
52741632122333	1474747	OK	R B R2 B2 R D B2 D2 B' D2 R
41352671212112	1490245	OK	R B R' B' D B' D2 R2 D R' B
27415633321322	1782788	OK	R D R' D R D' B2 R D' R B'
71263541333222	2220093	OK	R2 B' R2 D B D2 B R2 B R' B2
42615372313211	1455960	OK	R B D2 B D2 B2 R2 B D2 B' D'
52741633221233	1519042	OK	R B D R2 B2 R' B' R2 D' R' D
23517462131333	1637758	OK	R B' R B' D' B D2 B R D' B
32147652113333	1449145	OK	R B R B' D2 R2 D B D B' D2
34561273221233	1509055	OK	R B R' D R' D2 B2 D R D R2
54367211132222	1522214	OK	R B D B2 R2 B' R B' D' B2 R'
12374561211212	1476738	OK	R B R' B R' B2 D R' D B D2
12367451132222	1530225	OK	R B D B2 R2 B' R B' D' B2 R
36542712121322	1524205	OK	R B2 R D2 R2 D' B2 R B2 R2 D'
72365413121312	1920997	OK	R D' R2 B R B2 R' D' B2 D' B'
17435623211123	1611734	OK	R B2 D' R B D R2 D2 B' D B
13246571113232	2007830	OK	R D' B' D2 R D R2 D' B' R2 B'
23416752121211	1627133	OK	R B' R B' D' B D2 B R D' B2
41237561313131	1593943	OK	R B2 D2 B' D B' R B2 R' D2 R
13642573221221	1709274	OK	R B' R D2 R' D R' D R D' B2
74152363133222	1665938	OK	R B' R B2 R' D B' R B D' B2
56743213121213	1786750	OK	R D B2 R' D R D B2 D2 R' B
76143253333313	1919809	OK	R D' R2 B R D2 R' D' R2 D' B'
16527432113333	1455109	OK	R B R B' D2 R2 D B D B' R2
62435172211133	1780707	OK	R D R' D2 B2 D R B D' R2 B
74123653133132	1584924	OK	R B2 R2 B' R2 D' R D2 R2 D' R'
54321672212231	1500681	OK	R B R2 D2 B2 R B D' R D' B
32716452123212	1630337	OK	R B' R D' B' D B2 D R D' B2
34561273233131	1500271	OK	R B R' B' D B R2 B2 D2 B R'
16543271332331	1594957	OK	R B2 R2 B D B' R B' D B' R2
14763253133222	1586821	OK	R B2 R2 B R2 D' B D2 B2 D' B'
71453623311122	1820372	OK	R D B2 D' B D' R B2 R' D2 R
47632513212332	2174363	OK	R2 B2 R' B' D' R D2 R D2 R' D2
56174321232113	1746969	OK	R D R2 D2 B' D R' D' B D2 R'
47132563222331	2130134	OK	R2 B D' R' D R D' B R2 B' D
41673252212222	1481571	OK	R B D2 B' R2 B' R B D' R D2
52741633313312	1482923	OK	R B R' B D B2 D B' D2 R2 B
71643523331213	1485638	OK	R B D2 B' D2 B' R D R' B D2
12376541232233	2011402	OK	R D' B' R2 B' D' R2 D B R2 D'
43576212112232	1813756	OK	R D2 R D B2 D B' D' B2 R2 D'
36125471212112	2022729	OK	R2 B R B2 R B' D B2 D R2 B
32147651132222	1480667	OK	R B R' B D' B2 R2 B R D B2
34715262221123	1743206	OK	R B' D' R B' D R2 D R' D R2
35174262213131	1684685	OK	R B' D B2 D' R D2 B' R2 B R2
34625172111212	1611248	OK	R B' R B2 R D' R B' D2 B R'
63752141111111	1723511	OK	R D R' D B' D R2 D2 R D' R'
72543613221221	1594967	OK	R B2 R2 B D2 R' B D2 B2 D' R'
56271433111313	1520124	OK	R B2 R B2 R2 B' R2 D' R2 D2 B
16527432231332	1467608	OK	R B R D' B2 R2 B R D B' R2
15746321111111	1761717	OK	R D2 R B' R B R2 D' B D B2
42615372213311	1808973	OK	R D B2 R' B D R2 B2 D B' R'
67345122232133	1745300	OK	R D R D2 R2 D R D B' R2 B'
74123653133222	1581501	OK	R B2 R2 B R' B R' D B' R B2
23165741112323	1409429	OK	R B R2 D' B D R2 B2 D R' D'
27365412321212	1627028	OK	R B' R D2 R D' R D' R2 D B'
36172452133133	1765566	OK	R D R2 D2 R' D B2 R' B2 R B
14736521321231	1958659	OK	R D' R' D2 R' D' B2 D R D2 B'
27534161111123	1919147	OK	R D' R2 D' R B2 R D2 B D R2
63725142223133	1776493	OK	R D R' B2 D2 B R B R' D2 B
16543271331332	1596041	OK	R B2 R2 B' D B' D R' B D B2
56147231333213	1471285	OK	R B R2 D2 B2 R B R' B D' R
63512743313333	1502276	OK	R B D' B R B2 D2 R' D2 R2 B'
54723612131312	1839082	OK	R D2 R' D2 B R D2 R2 D' R' D2
76321542211112	1753757	OK	R D B D' R B' D B2 D' B2 R'
71523463131311	1527654	OK	R B2 R B' R2 B' D B2 R B' R2
43621752213323	1511785	OK	R B2 R B2 R2 B R2 D R2 D2 B2
16527431333213	1475169	OK	R B R2 D2 B2 R B R' B D' R'
16543273221221	1613544	OK	R B2 R2 B D' B R' D R' B R2
31275461322233	1701117	OK	R B' D B2 R2 D2 B D' B D' R
47136252133112	1799518	OK	R D2 R B R2 B R' D' B2 R2 D'
74521633133333	1835187	OK	R D2 R' D2 B R B2 R2 B' D' R2
56123472322121	1544221	OK	R B D2 B2 D B R2 B2 R' B2 D
71546322231212	1433522	OK	R B R' B R' D B2 D R' D B'
24736512222332	1810850	OK	R D B' D R' B R' B2 R D2 B'
76321452212231	1486167	OK	R B R2 D2 B2 R B D' R D' B'
53761242221213	1586108	OK	R B2 R' D' R B' R D2 R D' R
34265712212132	1763775	OK	R D R2 D2 R' D R2 B' R2 B R
56123471222312	1562225	OK	R B D' B D' R' B D R' D B2
43617521223221	1835707	OK	R D B' D2 R D' R B D' R2 D'
41725362313223	1803419	OK	R D B2 R' B R B2 D2 R D' R'
17362452213311	1976543	OK	R D' B2 D' R B2 R B2 D B D2
64275132232133	1741250	OK	R D R B2 R2 B D R B' D2 B'
24537613231322	1864154	OK	R D2 B R2 B' R B' D R' B' D
36712542121121	1448339	OK	R B R2 B R B2 D B2 D2 B' D'
56123473322312	1560522	OK	R B D' B D R2 D B' D2 R2 B
17543261111111	1734865	OK	R D B' R2 B R' B D R2 B2 D2
56321742211112	1710266	OK	R D R D2 R' B R2 D' B2 D B'
24167353132232	1831704	OK	R D B' R2 D R' B D B' D2 B'
12356741133131	1456409	OK	R B R2 B D2 B' R B2 D' B2 D
41725362313211	1389564	OK	R B R2 B D2 B2 R2 B R2 B' D'
32147652231332	1461500	OK	R B R D' B2 R2 B R D B' D2
23157462131123	1800758	OK	R D B' R B' D R' B2 R D2 B'
34617252132212	1567490	OK	R B2 R' B' R B' D B2 D B' R
52167432122222	1831852	OK	R D2 R' B2 D R D2 R2 D' B' D2
31275461112233	1688756	OK	R B' D R2 B2 D2 R B' D R' B
73642511111111	1499520	OK	R B2 R' D' R D2 B' D' R D' R2
72543611332331	1570276	OK	R B2 R D B D2 R B' D2 B' R
71523463331312	1554795	OK	R B2 R2 D' R B' R' D R B' R
17426531232233	1958262	OK	R D' R' B2 R' D' R2 D R B2 D'
72561342313223	1973694	OK	R D' B2 D' B D2 B R2 D R D2
14735621223332	2089883	OK	R2 B D' B2 R' D R D' B R2 D2
41725631111111	1649070	OK	R B' D' R' D R2 B' D2 B D' B
46275312313211	1389257	OK	R B R2 B R2 B2 D2 B D2 B' D'
45273162222122	1607063	OK	R B2 D2 B' R B' R D2 R' B2 R
74521633121213	1834588	OK	R D2 R' B2 D R B2 R2 B' R' D2
52361472121313	1783486	OK	R D B2 D2 B' D' B2 R B2 R' D2
21457631321123	2071839	OK	R2 B D2 R' D R' D B D2 R D'
56213743313333	1417360	OK	R B R2 B' D2 R2 B R B' R B'
71643252231212	1487486	OK	R B D2 B2 R' B R' D' B R B'
13246571111111	1487145	OK	R B2 R' B' R D2 B' R' B D' B2
46275313312211	1752665	OK	R D R2 B' R D R2 B2 D R' B'
63724153121213	1769531	OK	R D B R2 D2 B D' R D' R D'
15634722123332	1904483	OK	R D' R2 B R2 B' D' B2 R2 D R'
14763253133231	1543644	OK	R B D' R D' R2 B2 R B R D2
14763251333123	1519201	OK	R B D2 R2 B2 D R D' B D' R'
56271433123313	1560451	OK	R B2 R2 D' B R' B' D R D' R
53146272123233	1700938	OK	R D R B2 R' D R2 B' R2 B R'
47653213211231	2075606	OK	R2 B D2 R' D R D2 B R B' D'
64357213231322	1847508	OK	R D2 B R2 B' R B' D R' B' D'
42167532131333	1598364	OK	R B2 D2 B' R D' R D2 R' D2 R
45362712122222	1496543	OK	R B D' B R' D' R D2 R B R'
73654122111122	1899999	OK	R D' R2 B R2 B' R' D2 B2 R B'
31627452221333	1673902	OK	R B' R' B R' D B2 D R' D B2
34721652221222	1787467	OK	R D B2 D2 B' D' R2 B R2 B' R2
56743212221222	1787379	OK	R D B2 D2 B' D' R2 B R2 B' D2
74123652322121	1536685	OK	R B D2 B2 D' R D2 B R2 B2 R'
27615432113321	1720684	OK	R D R2 B2 D R2 D R B' R B2
17526432123233	1748562	OK	R D B R' D B' D B2 D' R2 B'
31267542313133	1613381	OK	R B' R D2 R' B D2 R' B2 R B2
31265472233321	2038106	OK	R2 B R' D2 B' D R D' R D2 B2
72163453331333	1722141	OK	R D R2 D2 R' B' R2 D R2 D' R2
71326543333313	1517934	OK	R B2 R2 B R2 B2 D2 B R2 B2 D'
72543611223221	1554328	OK	R B D' B D' R2 B2 R D B D2
27613543333133	1617129	OK	R B' R B R2 D2 B R' B2 R B2
31265471111111	1608263	OK	R B' D B2 D' B R' D R2 B2 D2
36217452131333	1628235	OK	R B' R B' D2 R D' B R D2 R
35417622223133	1756563	OK	R D R2 D' R B' R B2 R' B2 R
76345122211112	1747187	OK	R D B D' R B' D B2 D' B2 R
72163452122222	1718716	OK	R D R2 B' D B D R2 D2 B' R
13572641122133	1737217	OK	R D R2 D' R2 B2 D R D' B D2
13274651112323	1564352	OK	R B2 D' B2 D' R D' R2 B2 D' R
27415363131113	1446171	OK	R B R' B D' R' B R B D2 B2
62317453312211	1913740	OK	R D' R2 D' B R2 B D2 R B D2
26517343333313	1519363	OK	R B2 R2 B D2 B2 R2 B' R2 B2 D
71534262122222	1715116	OK	R D R D2 B2 R D' R B' R D'
16347252131312	1712395	OK	R D R2 B' D R B D2 B2 R' B
41367253111133	1611512	OK	R B' R2 B R2 B2 R B2 D B2 D'
54127633133333	1776972	OK	R D B2 R' D B D B2 D2 R' B
71436253333112	1967302	OK	R D' B R' B R2 D R' D' B' D2
23147562123131	1709728	OK	R D R D2 R D B2 D' B' D2 R
75143263231313	1534839	OK	R B2 R2 D2 B' D2 B' R' B R' B'
37651242211133	1754241	OK	R D R2 D' B R' B R2 B' R2 B
14625731111111	1601813	OK	R B' D R' B2 R D2 B' D R D
52763411333123	1515552	OK	R B D2 R2 B2 D R D' B D' R
24761531221223	1776367	OK	R D R' D2 B R' D B R' B2 R'
71546233331213	1447717	OK	R B D R' B2 R D' R D R' B2
53614721212121	1504002	OK	R B2 R B2 R2 B' R2 D B2 D2 R'
24351673111133	1776731	OK	R D B' D B2 D' B D' B R D2
63251743133231	1774994	OK	R D R' B2 D R' D R D' B2 D'
34721652121313	1785746	OK	R D B2 D2 B' D' B2 R B2 R' B2
16453271111111	1675875	OK	R D R' B2 R B' R D R2 B2 D2
72543613133222	1489946	OK	R B R' D B' D R2 B2 D2 R B'
24563712121232	1444612	OK	R B R' D2 B' R' D2 B R D2 R2
13276451113211	1631455	OK	R B' R2 B' R D R2 D R' D2 R'
32175462312323	2017152	OK	R2 B R2 B' R D R2 D2 R B R'
43126572133313	1407417	OK	R B R2 B' R2 B' R D B' R D2
24637512311132	1691883	OK	R D R B2 R B R2 B' D' B2 R
56123473222112	1499843	OK	R B R' D R' D' B R B' D B2
56743213331333	1723071	OK	R D R2 D2 R' B' R2 D R2 D' B2
31265741233331	1735680	OK	R D R D' B D' R B2 R B R
16475233132313	1529295	OK	R B2 R2 D2 B' R2 B' R' D R' B'
23756413322312	1545716	OK	R B D' B' D B' R2 D2 R B' R
24716532323231	1634442	OK	R B' R2 B' D B R2 B R' D2 R'
13276451233133	1608748	OK	R B' R B R' B2 D2 B R' B2 R'
46127351131313	1411538	OK	R B R2 B R' D R D2 R D R'
23756413222112	1530798	OK	R B D' R B2 R2 D' R D' B' R
65147321232113	1646245	OK	R B' D R2 B' R B D' R D2 R2
56123473223312	1494671	OK	R B R' D R D2 R B' R2 D2 B
52167433133333	1754598	OK	R D B2 D2 B R D R' D2 R' B
41576322212222	1456911	OK	R B D B' D2 B R' D B R' B2
24563711121212	1431607	OK	R B R' B2 D' R' B2 D B D2 B2
51472361131313	1501555	OK	R B2 R B R' B D' R2 D' B D'
62174351122133	1417941	OK	R B R2 D2 B R2 B R D' B D'
31275463311122	1616285	OK	R B2 D' B D R D2 R2 B' R B
13276541213312	2073095	OK	R2 B D' R2 B' D R B' D R2 B2
51732643121213	1487910	OK	R B D' R B' D' R D2 R D R'
73615241113322	1624633	OK	R B' R D2 B2 R2 D B' R B' R
23475162121112	1412289	OK	R B R2 B R2 B' D R' B' D2 R2
42136752131312	1451592	OK	R B D R' B D' R D' R D2 B
56341273121213	1758725	OK	R D B2 D2 B R B R' D2 R' B
57236141323232	2040656	OK	R2 B D R' B2 R D' B R D2 B2
14763252322121	1492712	OK	R B R' B' R B2 D' R B' R' D
21346752313322	1715772	OK	R D R2 B2 D R' D' R' B2 R2 D'
53724612121112	1476915	OK	R B D' R B R2 D2 B' R2 B2 D'
72164353131113	1509324	OK	R B2 R D R' B D' B2 D' B R'
46123573232123	1935565	OK	R D' B2 R D' R D' B' R' D R2
34516722313223	1824256	OK	R D2 R D B2 D' B' D2 R B R
13576241312213	1529209	OK	R B2 R2 D' B D' B2 D' R' D R'
36152741231312	1686854	OK	R B' D' R D2 B' R D' B' D2 B'
14567231312213	1713326	OK	R D R' D' B D2 B D' R' B R
43216573212332	2037862	OK	R2 B R2 B2 D B' D' B R2 D B
17435622211133	1606080	OK	R B2 D' B R D R2 D2 B' R D
21376541122211	1698801	OK	R D R D' R B' R B2 R' D2 B'
45613272233111	1520716	OK	R B2 R2 D' R D' B2 D' R' B R'
56123471223221	1446906	OK	R B R B2 D2 B' R' B2 D' R' B
36714521232113	1791371	OK	R D B' D2 R D' B' D' B2 D2 R
24351671212211	1776243	OK	R D B' R' D' B D2 R' B D2 B'
76342513322111	2025239	OK	R2 B R' B2 D' B D R' D B2 R2
17425631322332	1996528	OK	R2 B R D2 B R' D R2 D R' B2
37614521111111	1588722	OK	R B' D R2 D' R2 B D' R' D' R
14673251111111	1612346	OK	R B' D' R D2 B' D B R B' R2
47126351233232	1741989	OK	R D R' B R D' B2 R D' B D'
31754621331122	2000539	OK	R2 B R2 B D2 R B D' B D' B'
71462533111223	1899812	OK	R D2 B' D R2 D2 R' D R2 B' R2
61734523222331	2024026	OK	R2 B R B' R D B2 D2 R' B' D
53761242121211	1395769	OK	R B R B2 R2 B' D2 R B D B2
14763253221221	1491074	OK	R B R' B R' D B2 R2 D2 B R'
64275133231112	1612863	OK	R B2 D' B2 D R2 B' R D2 R2 D'
71435263211123	1508342	OK	R B2 R B' R B' R B' D' B2 D2
41735261323313	1918670	OK	R D' R D' R2 D' R' B' D B2 R
76312543322222	1889148	OK	R D2 B' R D2 R2 D' R D2 B' R2
41726532312233	1522730	OK	R B2 R2 D' B R' B2 R' B' D R'
13265742131312	1697956	OK	R D R B2 D2 R B' D R' B D'
12367541112212	1657842	OK	R B' D' R2 D B' R2 D B2 D' B2
31246753312211	1825187	OK	R D2 R D R2 D' B' R2 D B R
36714522121322	1797193	OK	R D B' D2 B' D R D R2 D2 R
51642731113322	1786833	OK	R D B2 D2 R' D B' R' B R2 D'
24615731122313	1606915	OK	R B2 D' B2 D B2 R' B D2 B2 D'
56721432312233	1673782	OK	R D R B' R' D R' D' R B2 R
72165432111122	1813278	OK	R D2 R' B2 R B' R' B D2 R D2
21357462311111	1634063	OK	R B' R2 D2 R B D2 B R D' R
34617252111212	1399919	OK	R B R D2 R B D B2 R' B R'
63751242221321	1680895	OK	R B' D B R' B2 D2 B D' B2 D'
16543272331331	1471502	OK	R B R2 B2 R' B D2 R B2 R2 B'
15246371331332	1536084	OK	R B D' B R' B2 D R' B D B2
21345671111111	1621243	OK	R B' D2 R' B R' B' R D2 R B
56123472331331	1460101	OK	R B R2 B2 R D R2 D2 R' B2 D
52147633111112	1823265	OK	R D2 R' D B D B' D R' D2 B
52463713212332	2031635	OK	R2 B R2 B' R2 D B' R2 B R B'
72543612331331	1455032	OK	R B R2 B2 R' B R2 D R2 D2 R
53761242321212	1392850	OK	R B R B2 R B R B2 D' R B'
12347652123332	1823283	OK	R D2 R' D2 R B' D' R D2 B D2
47123562232133	1765528	OK	R D B D2 R' B' R2 B R D2 R
37642152213311	1815240	OK	R D2 R B R2 B' R' D2 B R B
37624512121322	1785653	OK	R D B' R2 B' R B D B2 D2 B
14763253132232	1445920	OK	R B R B' R2 D2 R' D' B D2 R'
57364212213311	1772090	OK	R D B' R' D' B2 R2 D' R B' D
56147322333233	1724533	OK	R D R' D' B' D R2 B' R D2 R'
14763253133132	1446873	OK	R B R D2 R2 B' R D' B R D2
61452731311313	1636486	OK	R B' R' D' R D' R' B2 R' D' B
52463173212332	2050463	OK	R2 B R' B' D' R B2 D' B D2 B'
54163272233111	1662470	OK	R D R B R' B2 D' B R D R
65274131111111	1549420	OK	R B' R D' B2 D B2 R' D B D
54723613333313	1751169	OK	R D B2 R' D' B2 D B D2 B R'
32741651121311	1816239	OK	R D2 R' B R D B' R D' R2 B
51324672212111	1721886	OK	R D R' B' D' B R2 D' B R2 B'
14523673121312	1674861	OK	R B' D' B D2 B2 D B' D' R D2
34617252123212	1389301	OK	R B R B R2 D2 R' D' R2 B' D2
56123473133231	1453564	OK	R B R D2 B2 D' R' B2 D' B' R
32175461111111	1541805	OK	R B' R B2 R' D B' D R2 B2 D2
72543611221223	1456135	OK	R B R D' R2 B2 R' B' R D2 B'
62571432321233	1674374	OK	R B' D' B2 D B' R2 D B2 D' R2
17356242211331	2002732	OK	R2 B R2 B R2 D B D' R B' R'
73615242223133	1599371	OK	R B2 D' R D R B2 R2 D' B D
54127632131213	1632390	OK	R B' D B R' D' R B R' D R2
54127633131212	1716918	OK	R D R2 D2 R' B' D2 R D2 R' B2
72563411112131	1823566	OK	R D2 R' D R D B' D B' R2 D
72163453131212	1716592	OK	R D R2 D2 R' B' D2 R D2 R' D2
71452632222131	1739803	OK	R D R' B R' D R' D2 R B2 D'
74123653133231	1447454	OK	R B R D2 B2 D' B R' D' R2 B
72345611111111	1566159	OK	R B' R2 B' R' D' R D2 B D' B
16543271223221	1457689	OK	R B R B2 D2 B' D R' D' B2 R
37615423121132	1530561	OK	R B2 R2 B' D B2 R' D2 R D2 B'
54371621113112	2036776	OK	R2 B D B' D2 B R' B R B2 D2
73642513223222	1898452	OK	R D2 B' D B2 D2 B' R D2 B' D2
43571262122222	1401789	OK	R B R D' B D' B R' D R2 B
15624732123212	1635767	OK	R B' D B' R2 B D2 R D' B2 D
63725143122113	1595875	OK	R B2 D' R2 D R2 B' D B2 D2 B'
71365423331312	1525615	OK	R B2 R2 D2 B' D2 B' D' B R' B'
54723613121312	1749716	OK	R D B2 R' D' R2 D R B2 R D'
27615431312333	1754364	OK	R D B D2 R2 B D' B R' D R'
16735242122213	1412273	OK	R B R2 B2 D' R B' D' R D R'
24615732233321	1658167	OK	R B' R' D B R2 B2 D2 B R' D
16347253121312	1655973	OK	R B' D2 B' R B R D2 R2 D B
32671453123313	1537714	OK	R B2 R2 D2 B' R2 B' D' B D' B'
31765242322121	1682202	OK	R B' D B' D2 R B' R D R2 D
42673512232133	1753028	OK	R D B R2 B R B2 R' D' B2 R
23756413223312	1480327	OK	R B R' D' R B' R2 D2 R D' R
15724632123233	1734020	OK	R D B R' D B' D B2 D' R2 B
16273541321321	1655223	OK	R B' D R D' B2 R2 B R' B2 R'
41725362221213	1596720	OK	R B2 D' R2 D B2 R' D B2 D2 B'
13276541322311	2000182	OK	R2 B R2 B' D B R2 B2 R B D'
32567412131312	1632576	OK	R B' D R' B2 D2 R D R' D B2
34721652222212	1625359	OK	R B' D R D' R' D R B' D B2
36547212131312	1696031	OK	R D R2 D2 R D B R' B2 R' B
42615372221213	1606005	OK	R B2 D' B2 D R2 B' R B2 R2 B'
12673542331133	1742717	OK	R D R' D R' D B' R2 B R2 D'
46275312132212	1602172	OK	R B2 D' B2 D B2 R' B R2 B2 R'
14752631111111	1588897	OK	R B' R' D' R D2 B' D2 B R' B
76125343333133	1494242	OK	R B2 R B2 D' B' R B' D R' B
23756411222312	1459756	OK	R B R' B R2 B2 D' R B' D' R
25741361232113	1595869	OK	R B' R D2 B' R D R' B D2 B2
54367121112212	1651181	OK	R B' D' R2 D B R2 D' R2 D B2
12543671111111	1547929	OK	R B' R D R' D2 R' D' B' D B2
47165322132212	1592561	OK	R B2 D' R2 D R2 B' D R2 D2 R'
73615243332311	1521495	OK	R B2 R2 B' R D2 B' D2 B D2 R'
16547321113331	1560148	OK	R B2 D' R2 D B D2 R2 B' D' R2
25736141111123	1714469	OK	R D R' D' B' D2 R2 B' R D' R
32174561232113	1732501	OK	R D R' D2 B R' B' R' D2 R2 B
56243713121333	1417104	OK	R B R2 D B D2 R' D B2 D2 R
53462711113322	1727490	OK	R D R2 D2 B' R D' R' B D2 R'
47165321232113	1474395	OK	R B D' R2 B2 R B R D' B2 R
74325613121312	1606627	OK	R B' R' B D2 B2 D R' B' R D2
23165741231312	1583803	OK	R B2 D' R2 D B2 R' D R2 D2 R'
72134562312212	1563795	OK	R B2 D' R2 B D' R B' D B' D
12354762121211	1629057	OK	R B' D R' D2 R D2 B D' B2 D
36547212122222	1699379	OK	R D R2 D2 R D R B' R2 B' R
51726433123313	1483415	OK	R B D2 B2 D' R B2 D' R2 D B
67215343333133	1420740	OK	R B R2 B D2 B' D R' D' B2 R2
74136522322121	1470432	OK	R B R' D B2 R D' R2 D' R B'
52741362313223	1775531	OK	R D B' D' B' R2 D2 B' R B' D
37651422312311	1820653	OK	R D2 R' B D R D' R2 B D' B'
53421671321111	1984131	OK	R2 B R D' B2 D B' D R B2 D2
61274351313131	1442394	OK	R B D2 R B R2 D' B D2 B2 R
47251632131312	1422155	OK	R B R' B R' D' B R2 B D R'
56143273332323	1810266	OK	R D2 R' B D B D' B R' D2 B
16542372112331	1880528	OK	R D' R D R2 D2 B2 R' D' R B2
37415622333221	1825437	OK	R D2 R' D B R D' R2 B D' R'
73615423213211	1828132	OK	R D2 R' D R B D' R2 B R' B'
54172633132313	1453198	OK	R B D2 R B D2 R' B R2 B2 D
76541233333313	1668848	OK	R B' D' R D2 R2 D R' B' D R2
76354122111212	1573671	OK	R B' R D' R2 D R2 B D' R2 D
51472633331312	1417670	OK	R B R2 D2 B D2 B R D' R B'
76342513213112	1981454	OK	R2 B R B2 D R' D B2 D B' D2
75613243131332	1822644	OK	R D2 R' B R B R' D2 B R' B'
15246371332331	1472690	OK	R B R' B2 D2 B R D R' D' R
23165742123131	1443209	OK	R B D B2 D2 B D R D' R2 D'
73615243213313	1520030	OK	R B2 R2 B' R B2 D' B2 D B2 R'
13254762321233	1743175	OK	R D B2 D' R' B2 D B' D R B'
42157633231322	1578976	OK	R B2 D' B2 D B D2 R2 B' R' D2
32167451111111	1543686	OK	R B' R B R' D2 R' D' R' B D2
46135272133313	1387634	OK	R B R B' D2 B D' R B R' B2
45376121331311	1761708	OK	R D B' R D2 R' D B' D B R2
74521633121312	1691280	OK	R D R2 B' D' R2 D B R2 B D'
75234162221111	1754104	OK	R D B2 D' B' D2 R B' R B R'
56732143122113	1633217	OK	R B' R' D R2 B' R B' R' B2 R'
74132563131221	1880785	OK	R D2 B' R B2 R2 B' D R2 B' D2
51723643131311	1420759	OK	R B R' B D R' B2 R' D2 R D
75312463333133	1404055	OK	R B R2 B' D2 B' D B R' B R2
36415272123212	1429217	OK	R B D R2 D B D R2 B' R B
13765422121211	1443904	OK	R B D B2 D R D B2 R' D R
71435263333223	1521460	OK	R B2 R2 B' D R2 B' D2 B D2 R'
21357642221132	1548467	OK	R B2 D B2 D R B2 D' B R' B2
52167342121232	1422593	OK	R B R' D B R2 D2 B' R2 B2 D'
21354761122211	1684177	OK	R D R D' R B' R B2 R' D2 B
23165742312323	1642063	OK	R B' R' B R B2 R2 D2 R B' R
36721453121111	1808042	OK	R D2 R2 B' D' B R' D2 R D' B2
54127633333313	1662598	OK	R B' D2 B' D B R D2 R2 D B
62134572321323	1612866	OK	R B' R D R' B2 D2 B D' R2 D'
74152363133132	1438043	OK	R B R2 B' D2 B R' D2 R' D R2
31257462222221	1816075	OK	R D2 R2 B2 D' R' B D' R2 D B'
75316241231231	1708522	OK	R D R B' R B' R D2 R D R
17642531112233	1756834	OK	R D B' D' B R2 B R B2 R2 D'
54326171111231	1975941	OK	R2 B R B' D2 B D' B R B2 D2
32164571111111	1536307	OK	R B' R D2 R' D2 B D' B' R' B
13642571221223	1464790	OK	R B R2 D B R2 B2 D' R' D' B2
42137561123333	1503962	OK	R B2 R2 B R2 B2 D2 B' D2 B2 R
76351421112323	1556060	OK	R B' R2 B D' R B2 D' B2 D R2
74152363133231	1436644	OK	R B R2 B2 R' B2 D' R' B2 R' B'
26714532121133	1541878	OK	R B2 D R2 D R D2 B' D R' B2
35416723232213	1707326	OK	R D R' D' B' D' R2 B D' B2 D
74251633111313	1416990	OK	R B R' D R B' R2 B' R2 B R
13642571223221	1457396	OK	R B R2 B2 R' B2 D' R' D2 R' B'
26435712233321	1622990	OK	R B' R D' B R2 B2 D2 B R D'
13246752133211	1574522	OK	R B2 D' B2 R D' B D' B R' D
31267542222233	1496002	OK	R B2 R D R' B R2 D' R D B'
74126352333122	1868453	OK	R D' R B D2 B2 R2 D' R' B R2
34716522223211	1573405	OK	R B2 D' R2 B D' B R' D B' D
61543271111111	1602441	OK	R B' D2 R' B D R B2 R B' D
35714623111322	1474952	OK	R B D' B2 R2 B' R' D B' D R'
14527632333332	1817185	OK	R D2 R' D2 R D' B' R D2 B R2
75431263133213	1806577	OK	R D2 R2 B2 D' R' D B' R2 B R'
54321763113113	1706685	OK	R D R' B D2 B' R D' B R B2
71435263333133	1525516	OK	R B2 R2 B' R D2 B' D2 B R2 D'
15246372331331	1451523	OK	R B R2 B D B2 R D2 R2 D' B'
74152363132232	1445117	OK	R B R2 D B D2 B2 R' B' D' B2
51624733323113	1690522	OK	R B' D' B D2 R' D B' D' R2 D'
37624152311213	1575233	OK	R B2 D' B2 R D' R B' R B' D
16524731112212	1681373	OK	R D R2 D' B' R2 D B' R D B'
32657143121213	1398042	OK	R B R B' D B' D R' D B2 R
37614252221123	1540008	OK	R B2 R' D R' B' R B' R2 B R2
67354213111313	1615128	OK	R B' D R B2 D' B2 R D R2 D'
64357213312211	1706763	OK	R D R' B' D' B2 R2 D' B R' D
74521633333313	1694048	OK	R D R2 B' D' B2 D B R2 B R'
41762532221333	1656606	OK	R B' D R2 D' B D2 R' D2 R D2
15763241111111	1561607	OK	R B' R' D R2 B' D B D B' R2
42751632321233	1661082	OK	R B' D' B2 D B R2 D' R2 D R2
13275643212221	1518631	OK	R B2 R2 B' R B2 D' B2 D R2 B'
12354671111111	1566353	OK	R B' R2 D' B R' B' D R2 D B
32567413133333	1637827	OK	R B' D B' D2 R2 B D B' R B2
56243173133111	1599302	OK	R B' R2 B D2 B2 D R2 B D2 B'
24571362221213	1406892	OK	R B R2 B D R' B2 R' B' R2 D
67312542221111	1615517	OK	R B' R' D2 R B' R2 D R2 D' R2
76524313331222	1508524	OK	R B2 R D2 R2 D B2 R' D2 R2 B
36145273333313	1609781	OK	R B' R' D R2 D2 R D' B' D R2
32561471211131	1798126	OK	R D2 R2 B' R' B R' D2 R B' D2
12365471111111	1562203	OK	R B' R2 B' D' B' D R2 B R' D
31275462312212	1461737	OK	R B D2 B R' D2 R B2 R' B D'
51342672212111	1610069	OK	R B' D R B2 R' B R2 D' B2 D
43751623123313	1411979	OK	R B R2 B' R2 D2 B D B' D B'
41725361232113	1414510	OK	R B R' B2 D2 B D R D' R2 B
35174262231113	1495081	OK	R B2 R D B' R B2 D' R D R'
27543611111123	1806044	OK	R D2 R' D2 R' D R' D2 B2 D' R
24571631121212	1408373	OK	R B R' B R B2 D2 R' B2 R2 D'
71435261322233	1541061	OK	R B2 R' D R' B R' D R' B2 R2
53274163211222	1501343	OK	R B2 R B2 R2 B R2 D' R2 D2 B
35127462331331	1619585	OK	R B' R D' B2 R D' B D R2 D
76325412112121	1812273	OK	R D2 R' B2 R D' B' D B2 R B2
56741231131211	1748894	OK	R D B2 D' R B D2 R' D' B R
73542163321133	1504899	OK	R B2 R2 B D2 B2 R2 B D2 B2 R'
41735262312233	1562089	OK	R B2 D' B2 D' B R' D2 B2 R' B
32146752232223	1675830	OK	R D R2 B' R B2 R' B D' R' B'
41736521233232	1841579	OK	R D2 B D2 B' R D' R D' B' R
13275641112233	1525698	OK	R B2 R' B D' R B' R B' R2 B2
34617522221333	1539851	OK	R B2 R' D B' R' B R' B2 R B2
56743213121312	1588676	OK	R B' R2 B' R D B D2 B2 D B
75264132321212	1565067	OK	R B' R B' R2 B D2 R D' R2 D
21345762312323	1606446	OK	R B' R B' D R2 D2 B2 D B R'
71435623333331	1806403	OK	R D2 R2 B2 D' B' D B' R2 B D'
42351671212211	1565907	OK	R B' R D B2 D' R B2 D' R2 D
31475262331313	1801213	OK	R D2 R2 B2 D' B' R D' R2 D R'
73541262321212	1373476	OK	R B R B2 R B R B2 D' R B
62157342132212	1393639	OK	R B R2 B R D' B2 D' R' B2 D
76215433333133	1426153	OK	R B R' D2 B D' B R B' R2 B'
65471231132213	1482075	OK	R B2 R B R' B R2 D' R B R'
73615243331312	1521599	OK	R B2 R2 B' D B2 R' D2 R B2 D'
71462531113322	1766665	OK	R D B' R2 D R' D' B' D2 B2 R
71435263311122	1494974	OK	R B2 R B' D B' R D' R' B2 R2
73652413331321	1546135	OK	R B2 D B2 D B R2 D' B D' R2
75146321323331	1558046	OK	R B2 D2 B' R D' R2 B' R B' R2
54127632222212	1571560	OK	R B' R D R' D' R D B' D B2
76325411111312	1793754	OK	R D2 R2 B' R' D B' D2 B D' B2
13546271231231	1836445	OK	R D2 B R2 B' D R' B R' B' R
32657412111212	1377070	OK	R B R D2 R B D B2 R' B R
15672433312133	1445485	OK	R B D B' D B' R B' R B2 D
21473563331312	1412382	OK	R B R2 D2 B D' B D' R D' B'
73614251112323	1404133	OK	R B D B2 D B' D' R D' R2 D'
75264313231112	1557433	OK	R B2 D2 R' D' B R' B2 D2 R D
31275462311213	1466396	OK	R B D2 B D' B2 D B2 D' B D'
43721653231313	1411937	OK	R B R2 D B R2 D' R B2 R2 D
32174561112323	1505109	OK	R B2 R' D' B R2 D' B' R B' R2
25763142223133	1665670	OK	R B' D2 B R B2 D' B R2 B' R'
16572431111111	1570032	OK	R B' R' D B' D2 R' D B R D2
32165742211112	1625969	OK	R B' D2 R D' B' R D B' R D2
52743611113121	1750688	OK	R D B2 D' B D R2 B' R' B R
73615243123313	1523238	OK	R B2 R2 B' D R2 B' D2 B R2 D'
74521632222212	1627826	OK	R B' D2 R B D2 B' D' B2 D' R'
74325163131323	1395387	OK	R B R D' B2 D B' R B D' B2
12765433121213	1579697	OK	R B' R D' B2 R2 D R B' D B2
46512372113321	1394876	OK	R B R2 B' D2 R2 B R B' R D
37615422223133	1510894	OK	R B2 R D' B D' R D' R' D2 R2
34721652131213	1556205	OK	R B' R B R' D' B D B' D R2
37615422313331	1447965	OK	R B D B' D2 R' D R' B D' R'
74512361322233	1696658	OK	R D R' B' D B2 D B R2 B2 D'
53762413322123	1715152	OK	R D R' D B2 D' R D' B D B2
34562172232313	1677334	OK	R D R2 B' R D2 R' B D' B' R'
14356721322233	1747254	OK	R D B' R' D B2 D R D2 R2 B'
15236471111111	1540106	OK	R B' R2 B' D' B' D R2 B R' D2
25137461111111	1523636	OK	R B' R B R' D2 R' D' R' B D'
46257132211133	1663369	OK	R B' D2 B D R2 B' D R2 D' R'
14723651111312	1727652	OK	R D B D' R2 D R' D B' D2 R'
36547212221222	1582547	OK	R B' R2 D2 R D R B' R2 D R
13267541111132	1501626	OK	R B2 R2 D' R B' R2 B' R' D R'
21357463213331	1523586	OK	R B2 R' B R' B' R D' R2 D B2
37615421113322	1536809	OK	R B2 R' D B' R B' D R' D2 R2
76341251111312	1748725	OK	R D B' R D R D' B2 D R' B2
34165271211131	1763578	OK	R D B' D B R D' R2 D R' D2
36145272122222	1569164	OK	R B' R B' D2 R2 B D R' D R2
16537421233112	1768631	OK	R D2 R D R2 D2 R' B D2 R' D'
41532761233133	1466912	OK	R B D2 B2 D' R D2 B' R2 B D
35162742213323	1404306	OK	R B R' B D R2 B2 D' R2 D B
25134672313211	1541387	OK	R B' R B' D' B D2 B D R D'
21536742222131	1505559	OK	R B2 R D2 B' D' B R' B R' D
16275341312213	1552878	OK	R B2 D' R2 D' B D' B2 R2 D' R
53126471231231	1826890	OK	R D2 B R2 B' D R' B R' B' R'
43572161111111	1465129	OK	R B2 R' B' R' D R2 B D' B D'
75246131333312	1610507	OK	R B' R' B D2 R' B R' D' B2 D'
25714632123131	1696383	OK	R D R2 B2 D R' D B' R2 B R'
76145232332213	1625906	OK	R B' D2 B D' R2 B D R B' R
25736141233232	1833943	OK	R D2 B D2 B' R D' R D' B' R'
74361253112132	1821987	OK	R D2 B R' B R B2 D' B R D2
41735622313322	1399326	OK	R B R2 D2 B D2 B R D' R D
37615422211133	1507146	OK	R B2 R D' R B' D R' B' D2 B2
62174533311212	1455623	OK	R B D' R2 B' R B D' R2 B2 D2
52167432131213	1623054	OK	R B' D2 R B R2 B' R' D2 R' B'
63471522323132	1833162	OK	R D2 B' R B' R' B D2 B D B
14725363311113	1602818	OK	R B' D R2 B' R2 B D' R B R
67452313321232	1470506	OK	R B2 R D2 R2 B R' B' R B' R
64275131212223	1451371	OK	R B D2 R2 B' R' D B' D R2 D
62453713311122	1649455	OK	R B' D B2 R' B D B' R B2 R2
16345273233323	1793531	OK	R D2 R2 B' D' R B' D2 B R' B2
67231543323122	1866833	OK	R D' R2 B D' B D' R' D' R D2
52743611111312	1727080	OK	R D B D' R2 D R' D B' D2 R
25413763121222	1385036	OK	R B R B' R B R2 D' B D B2
45621732212123	1440095	OK	R B D2 R2 B2 R' D B' D B2 D'
34721653333313	1586652	OK	R B' R2 B' D B D R2 D2 R B
51642371122313	1547020	OK	R B2 D2 R' B' D R' B2 D2 R D
36547212121313	1566793	OK	R B' R D2 B' D2 B R' B D2 B'
45312762221111	1606041	OK	R B' R' D2 R B R2 D' B2 D R2
26573413331312	1397679	OK	R B R2 B2 R' B D2 R' B2 R B
73625141112323	1359928	OK	R B R2 B' R2 D2 B D B' D R2
24531673123121	1740859	OK	R D B R2 B' D R2 B' D2 B D'
35162472123233	1575787	OK	R B' R2 D R' D' R B D' B D2
56741231211131	1726065	OK	R D B R' D2 R D' R B' D2 R
67231541323112	1920365	OK	R D' B2 R D' B R' B' D' R B2
26435712311132	1369924	OK	R B R B2 R2 B R B D' B2 D'
42516372233111	1550393	OK	R B2 D' R2 D' R D' B2 R2 D' B
16532471111222	1457783	OK	R B2 R B2 R2 D B' R' B D' R
21354672311132	1686788	OK	R D R2 B2 D B' R D' R2 D R'
37246511112233	1701459	OK	R D R' D' B D2 B D R2 D2 B'
34567212223232	1696088	OK	R D R2 D' B R B2 D' R' D B
37654212311222	1461375	OK	R B D' B2 R' B R D' R2 B2 D2
71426533333223	1514151	OK	R B2 R' D B' D B2 D2 R2 B' D'
56347122333233	1547791	OK	R B' R B D2 B' R B2 D' B2 D
12376451111222	1594339	OK	R B' D R D' B D' R2 B R D2
21354671131313	1578319	OK	R B' R2 D2 B R' D2 B D' R' D'
36147252111113	1691674	OK	R D R2 D' R B R2 D' R' D R
24715631111111	1376609	OK	R B D B2 D2 B R D' B D' B'
46721533123313	1403881	OK	R B R2 B' R D' B R' D R B2
56341273131212	1578531	OK	R B' R2 D2 R B D R' B2 D B
41725363121222	1471432	OK	R B D' R D' R B2 D B' R' B'
32647152133121	1797636	OK	R D2 R' D2 R' B D' B2 R2 B' R
75346211211311	1751144	OK	R D B' R D' B D2 B2 D R' D'
73564213321322	1489361	OK	R B2 R B2 D' B' D R' B R' B
67354213131311	1568788	OK	R B' R D B2 R' D2 B D B2 D'
12376541112323	1491147	OK	R B2 R' B' D R2 B' R' D B' D2
61527431111111	1522709	OK	R B' R B D2 R' D R' B D' R2
34165273133312	1749026	OK	R D B' R2 B' R' B2 R D' R2 D2
52174633223123	1624725	OK	R B' R' B' R D' R' D2 R' D' R
45213672221123	1591522	OK	R B' R B2 R' B D2 R' B2 R D2
21354673131113	1569780	OK	R B' R2 B D B2 R' D2 B R B'
15273641112323	1481122	OK	R B2 R' B2 D2 R' B D R' B2 R
46275313121222	1481726	OK	R B D' B D' R B2 D B' D' R'
21345763332233	1454561	OK	R B D2 R2 B' D' R B' D R2 D
61534272311132	1490439	OK	R B2 R' B2 R D' B R' B2 R B
15724362212132	1462354	OK	R B D' R' D B R' D2 B2 D R2
72534163211123	1472330	OK	R B2 R D B2 D' R' B2 D B D
26175432331133	1495024	OK	R B2 R D2 B' D' R B' R B' D
16534271111111	1554523	OK	R B' R2 D' B D B R2 B R' D
24715631122121	1633836	OK	R B' D2 B R B2 D2 R2 B R' B'
73642511113232	1652862	OK	R B' D' B2 R D R2 D' R' B2 R'
56347212111311	1651340	OK	R B' D' B R2 B R D' B' D2 R
12563472131213	1569152	OK	R B' R2 B' R' D2 R B R2 D' B'
63714252123131	1494499	OK	R B2 R' B2 R B' R D' B2 D B
63752141122211	1577387	OK	R B' R2 D R' B' R B R' B D2
14725362211121	1636235	OK	R B' D2 B D R2 B2 D2 R B' D'
15627431322113	1751121	OK	R D2 R B R2 B2 R' D B2 R' D'
51623743313321	1418033	OK	R B R' D B' D' R B2 R B D'
26435713311122	1475037	OK	R B D' B2 R2 B R B D' B2 R
73642511113322	1706778	OK	R D R' B2 D R' B' R' B2 R2 D
35167242132212	1387936	OK	R B R2 B R D' B2 D' R' B2 D2
16725431211131	1720196	OK	R D B R' D2 R D' R B' D2 R'
34516272312332	1784257	OK	R D2 R' B2 R' B D' R2 B2 R' B
27314652313211	1535250	OK	R B' R B D B2 D B' D' R D'
27614353311332	1477902	OK	R B D' B R' B R' B2 D2 R' D'
41625731222231	1479848	OK	R B D' B' D2 B' R' D2 B R2 B'
74132561321231	1647315	OK	R B' D' R2 B D R2 D' R' D2 R'
64321572111131	1831189	OK	R D2 B' R B R D2 R D' B' D
17426531213123	1710280	OK	R D R' B2 R' B R D B2 D2 B
35126741232212	1558481	OK	R B2 D2 B' R B' R2 D' B D' R2
12374651111222	1517905	OK	R B2 D B' D' B2 R B2 R B2 R2
54671232221213	1401107	OK	R B R2 B D R' B2 R' B' R2 D2
67412353132121	1800390	OK	R D2 R' B2 R' D B' R2 D2 R' D
14736521332121	1714416	OK	R D R' D2 R' B R B D2 B2 D
24367511323112	1870075	OK	R D' R2 B D' R D' R' D' B R2
35462712322322	1476918	OK	R B2 R2 B R2 B' D2 R B' D2 B2
34561721111111	1465309	OK	R B2 R' D' R' D B2 R D' R D'
35126742231233	1563677	OK	R B2 D2 B' D B' R2 D' R D' R2
36745213121111	1694911	OK	R D R' B D R B' D2 B R' B2
63752412312323	1743470	OK	R D B2 R2 D B' R B' R2 B D'
12745632212213	1627395	OK	R B' D2 B R' B2 D B R D' B
67245311133233	1467287	OK	R B D' R' D2 R' D' B2 R D2 R'
12354762121112	1487771	OK	R B2 R' D R2 D R B' R' D R2
54723612222212	1577688	OK	R B' R2 B' D' B2 D B R2 D' R'
27416533321232	1605194	OK	R B' D B R' B R' B2 D R D2
75264132121232	1488017	OK	R B2 R' D R' B' R D B2 D B2
65132472233321	1744728	OK	R D B2 R2 D R' B R' B2 R D'
31275462223211	1395438	OK	R B R2 B D' R2 D R2 D' B D'
12364571112212	1512396	OK	R B2 D2 R D2 R D' R' B' D2 B2
25714633121333	1602807	OK	R B' R' B D2 B R' D' B R2 B2
54712362223322	1479298	OK	R B2 R2 B D2 B D2 R' B R2 B2
25634713321232	1514107	OK	R B2 D R' B' D2 R D2 R B2 R2
46375213112111	1693613	OK	R D R' B D' B R2 B2 R B' D'
62371453311311	1449706	OK	R B D' B' D R B' D R2 D' R
56213471111111	1389692	OK	R B D' B2 D B2 R' D R D B'
42651733311122	1576309	OK	R B' R B2 D' R D R' D B2 D2
36152742131321	1474048	OK	R B2 R2 B D2 B' R2 D R' D2 R2
54367122211121	1542608	OK	R B2 D' B' R2 B D2 R' B R D2
26453172211133	1594181	OK	R B' R2 B D B2 R' D R2 D' R'
31275462133211	1390537	OK	R B R2 B R' D2 R D2 R' B D'
76324151112323	1416369	OK	R B2 R B D' R2 B2 D R2 D' B'
12576343212221	1499558	OK	R B2 R' B R' D R2 D2 B2 R' D'
45367122223133	1591491	OK	R B' R2 B R B2 D' B D2 B' R'
13275642131333	1436963	OK	R B D R' B2 D' R B' D B' D'
76145232233213	1558142	OK	R B' R2 B D' B2 R D B D' R
64275131312123	1414271	OK	R B R' D R' D B2 R D' R' D'
73645121113211	1440112	OK	R B D2 R' B' D2 B' D' R2 B D
26714531212133	1400105	OK	R B R' D B' R D' R2 D R2 B'
26135742132221	1655739	OK	R B' D2 B' D' B2 D' R D B2 R2
14723653321313	1762434	OK	R D B' D2 R D B2 D R2 D2 B
62735143223213	1658299	OK	R B' D2 B' R' B2 R' B D R2 B2
14735621233112	1716429	OK	R D B2 R' B R' D R B R' D2
17463251323112	1756563	OK	R D2 R B D2 B2 D' B D2 R' B'
12346751113133	1494263	OK	R B2 D R' D B D' R2 B2 D R
74561233321313	1696494	OK	R D R' B2 R' B' R2 B D' R2 D2
54167233232333	1644495	OK	R B' D' R B2 R B D' B' R2 D
14753261323112	1759061	OK	R D2 R D B2 D2 B' D B2 R' B'
53742612323333	1454876	OK	R B2 R B' R2 D' B' R' D2 R' D
27415632323231	1445763	OK	R B D2 R' B' R2 B' D' R2 B D
52367142211121	1459437	OK	R B2 R B' D2 R' B' R' B2 R' D
12543673233323	1699624	OK	R D R' D B R B' R2 B D' B2
35762142222113	1562631	OK	R B2 D2 B' D R' D2 B' R D' B2
14752363232222	1568433	OK	R B' R D R B' R2 B' R2 B' D2
65321472111122	1410707	OK	R B D B2 D' B R2 D' R2 D B'
54716232222113	1462138	OK	R B D' R B' R B' R2 D2 B' R'
54326711112212	1432141	OK	R B D' B R2 D' R B' D2 R2 B
65132743222331	1770055	OK	R D B' D' B' R D2 B' R B2 R'
54612372222131	1417659	OK	R B D R B2 D B' D2 R2 B' R
15367421211113	1729440	OK	R D B' D2 B D' R B R2 D2 B2
32156471111111	1405123	OK	R B D' B D' B D2 B2 D R' B'
63751423122311	1449188	OK	R B D' R B' R B' D2 B D2 R'
76354121121212	1476289	OK	R B2 R' B R2 B D R' B' D B2
46372511221331	1520483	OK	R B2 R' B D' R' B R' D2 R D2
24715633131131	1611765	OK	R B' D B2 R' B2 R B' D B R
14762351321231	1624825	OK	R B' D' R2 B D' B' D B' R2 B'
45621373123331	1417005	OK	R B R' D' R2 D' R' B2 D B2 D'
57264132111323	1471875	OK	R B2 R2 B R2 B R2 D' R B2 R2
46275311123222	1391415	OK	R B R2 D2 B' D' R D' R D2 R
76213543213133	1526223	OK	R B2 D R2 D B R2 D' B R' D2
56124371232323	1675710	OK	R D R' B' R D' B D2 R2 B' R
72541633121111	1676543	OK	R D R D' R2 D B' D B' D2 R
65213741111111	1384230	OK	R B D' R2 D B' R D' R2 D2 B2
45621732233333	1389265	OK	R B R2 D2 B2 D' B R' D B2 D'
32475163331222	1401568	OK	R B R' B2 D2 B R' B2 R' B2 R2
24315761122322	1586609	OK	R B' R2 B' D' B2 D' B R B2 D2
64531273123121	1670899	OK	R D R B' D B' D R2 D' B2 R'
25736411133113	1610757	OK	R B' D B D2 R' B2 D R B2 R'
41673521111111	1384835	OK	R B D' R2 D B' R D' B2 R2 D2
25367411211122	1427155	OK	R B D2 B2 R B' R B' R D R2
56174232323333	1595974	OK	R B' D B R2 D2 B R B2 R2 D'
37614522313322	1601362	OK	R B' D2 R2 B' R B' R2 D R' D2
74321653233323	1661662	OK	R D R B' D2 B R' D B' R2 D
34172562313331	1459844	OK	R B2 R B' R B' D' R2 D' R2 B2
63714521112323	1396097	OK	R B D2 R' D' R' B R' B R' B2
15642373231223	1555456	OK	R B' R B R B' D2 B' D2 B' D2
37612542221111	1514571	OK	R B2 D2 R B2 R B' D' R' D2 R2
56743212122222	1477905	OK	R B2 R2 D' B R' B' D R2 B' D'
26415732233321	1688118	OK	R D R' B2 R' B' R' D R2 B D'
46572311223122	1627006	OK	R B' D B' R2 B' R' B' D R2 B
45327612222323	1430906	OK	R B D2 R2 B2 R' B D' B' R B
52167433331333	1551477	OK	R B' R B2 D' B2 D R' B D2 B'
41762533123331	1479544	OK	R B2 R B D' R B2 D' B R D'
31462751111111	1407146	OK	R B D' R2 D B' R D B2 R2 D'
47156321133311	1555529	OK	R B' R D2 R D R B' D R2 D'
51624731312123	1472235	OK	R B2 R2 B R2 B' R2 D B' R2 B2
16742352232313	1433461	OK	R B D2 B' R2 B R' B D R' D2
54723612221222	1483172	OK	R B2 R' D B' R2 B R2 D' R D'
34125673133333	1483418	OK	R B2 R' D2 B D R2 D2 R' D' R2
63725141233121	1401565	OK	R B R' B D' B D2 R B' D' B'
23175463211222	1416289	OK	R B R' D2 B2 D B' D2 B' R2 B2
23165473233221	1698114	OK	R D R' D2 R B D' B D' R B2
41725363121231	1401450	OK	R B R2 D2 B' R' B D' B R2 B
31264752313121	1460541	OK	R B2 R B' D B' D' R2 D' B2 R2
13267451122211	1563592	OK	R B' R2 D B2 D' B' D2 R2 B R'
12376451113133	1488122	OK	R B2 D B2 D' B R' D B' D' R
72163453121213	1480316	OK	R B2 R2 D' B D' B' D R2 B' D'
27534612311132	1427028	OK	R B D2 B' R B2 D' R' B2 R B'
51742632323333	1524603	OK	R B2 D' R' D2 R D2 B' R B D2
65132471231321	1624949	OK	R B' D2 R D2 R' B R' D2 R' B
65132473111331	1572509	OK	R B' R2 B R B2 D' B2 R B R'
54261732231233	1419329	OK	R B R' D B' R D' B2 R2 D' B'
61453721111111	1385766	OK	R B D' R2 D B' R D B2 R2 D2
34165271112212	1624811	OK	R B' D2 B' R B2 D2 R D' B2 R
37615422313121	1373175	OK	R B R B' D2 R' B R' B D' B'
72531463321232	1563147	OK	R B' R2 D B2 D' R2 D' B' D B2
24765313222112	1471101	OK	R B D' R B' D R2 D R' D R2
17425631323112	1717317	OK	R D B2 R' B D' B D B R' B2
35614722321233	1514012	OK	R B2 D2 R D2 R B' R' B' D2 B2
74561233233323	1660978	OK	R D R B' D2 B R' D B' R2 D'
76253413322312	1491417	OK	R B2 R D2 R2 D B2 R D2 R2 B
74125633121111	1674690	OK	R D R D' R2 D B' D B' D2 R'
52361472131312	1472350	OK	R B2 R2 D' R D' B' R D2 B' D'
12375461111222	1474099	OK	R B2 R' D R2 B' R D R D' B2
13675241112323	1396843	OK	R B D2 R2 B2 R' B' D' R D2 B'
12354763211123	1552608	OK	R B2 D' B R' D R2 D R D' R2
17452633213232	1457172	OK	R B D' B2 R2 B D' B2 D' B2 D2
36417522123311	1396582	OK	R B R' B2 D' R B D' B2 R2 D2
52167432121313	1481660	OK	R B2 R' D R' B2 R B2 D' R D'
47156321111111	1367076	OK	R B D R' B R' D B2 D2 B D'
12745632232211	1558816	OK	R B' R2 B R' B2 D B D R' B
56347213111211	1582549	OK	R B' R' B R2 B D B' D' B2 R
21364752311111	1392075	OK	R B R2 D' B' R2 B' D' B2 R D
43167251232212	1400173	OK	R B R' B R' B D' R2 B2 D' R'
36745212122312	1640899	OK	R B' D' B D' B' D B2 R' D2 R
71234563231322	1511846	OK	R B2 D B' R D B' R2 D2 B D
75346212323333	1556468	OK	R B' R2 B R B2 D2 R2 B R' D'
14625732113321	1550529	OK	R B' R D' R2 D B' D B D2 R'
37624511232233	1596579	OK	R B' R' B2 R' B' D2 B D B2 R'
64231572311132	1394773	OK	R B D R2 B' R' D2 R B R2 B
14567231321123	1686839	OK	R D R' B' D B2 D B' R' B R
51324761111123	1401695	OK	R B R' D R B2 D2 R' D2 R D
74125633133312	1700744	OK	R D R' D2 R' B' R2 B R' D2 R2
31276452313313	1615242	OK	R B' D R' B R2 D R' B' D' B2
25641371213132	1419022	OK	R B D2 R2 B2 R' B D' B D2 B'
24715363311332	1410393	OK	R B R' D' B R' D2 B2 R' B' D2
74321563311131	1421414	OK	R B D2 R' D2 R D2 B' D B D'
65172431132333	1447351	OK	R B2 R B R2 B D' R' B2 D2 R'
64357212313211	1371260	OK	R B D B2 D R2 D B' R2 D2 B'
32174561232233	1607025	OK	R B' R' D2 R' D' R2 D B D2 R'
75261432123233	1556293	OK	R B' R2 D B2 D' R' B2 D2 R B'
46275312232133	1428854	OK	R B D R2 D2 R B R B' D2 B'
12365472321233	1620417	OK	R B' D2 B' D B2 R2 D R' D2 B
12345761111111	1352388	OK	R B R' D2 B' D R' D' B D2 B
71563243221221	1478027	OK	R B D' B2 R D' R D R' B2 R'
62135473123121	1660317	OK	R D R B' D B' D R2 D' B2 R
25716431212223	1439909	OK	R B D' B D' R2 D R B2 D' R
75346122133133	1403704	OK	R B R' D' R B R' D2 B2 D B2
24615733311122	1417410	OK	R B R' D2 B2 D R D R' B2 D
37256142321233	1425581	OK	R B D' R B2 D' R B' R2 D2 B
47156231332313	1645426	OK	R B' D' R D2 R D' B' D B2 D2
17425631322113	1664215	OK	R D R2 B' R B' D R D R' D2
56721343123331	1389338	OK	R B R2 B2 R' B R2 D' B2 D B
24351761212232	1455235	OK	R B D' B' R B' D2 R2 B' D' B2
32756141233121	1471066	OK	R B2 R2 B D2 B R2 D' B D2 B2
46512371331221	1450443	OK	R B D' R2 B2 R D' B2 D' B2 D2
52743613121111	1609467	OK	R B' D B R2 D' B R' B R2 B'
12357461111222	1554762	OK	R B' R2 D B2 D' B2 D' R' D R2
43576211123222	1452236	OK	R B2 R D B2 D R' D' B2 R2 D'
32475161232323	1395923	OK	R B R2 D2 B R2 B R D' B R
23176453332233	1437999	OK	R B D' R D' R2 D B R2 D' R
37642513122221	1497624	OK	R B2 R' B D' B D2 B2 R2 D' R'
15672341113232	1625118	OK	R B' D' B2 R D' B' R B' R2 B'
71435262222122	1386779	OK	R B R D' B2 R' B R' D R' D'
35172461232323	1396748	OK	R B R2 D' B' D2 B' R' B2 D B
47152631322131	1470916	OK	R B2 R2 B' R B' R D2 R D R2
54716321112323	1416060	OK	R B D' B2 D B' R B D2 R2 B'
52341672323222	1585469	OK	R B' R' D R' B' D R B2 R2 B
76541233331333	1418807	OK	R B D2 B2 D' B' R2 D B2 D' B2
16345273122323	1611202	OK	R B' D B' D2 R B D2 R' B R'
14536273311311	1418979	OK	R B D2 B2 R D' B' D B2 R B
54317621111222	1390605	OK	R B D R' D2 B2 R D' R' B D2
74653213133222	1456493	OK	R B D' R2 B D' R D B' R2 B'
67412531131133	1408976	OK	R B D2 B2 R B' R' B D2 R D
12637451132111	1671247	OK	R D R' D2 R B' D B R2 D2 B2
21365742312323	1681973	OK	R D R' B R2 D R' B' D' B2 D'
13247563212131	1393125	OK	R B R' B2 D2 B' D' B D' R D'
12765433331333	1414413	OK	R B D2 B2 D' B' R2 D B2 D' R2
23165471111111	1348630	OK	R B R' D R' B R2 B2 R D' B'
41756233121231	1454292	OK	R B2 R B D2 B R' D' R2 B2 D'
36147251211131	1601710	OK	R B' D R D2 B' D R' D R2 D'
73654211111132	1375930	OK	R B R2 B' R2 D2 B D B' D R
52741362313211	1364920	OK	R B D R2 D B2 D R' D2 B2 R'
71362453113311	1383941	OK	R B R' D' R D R' B R2 B' R
54621372211121	1545550	OK	R B' R D R2 B2 D R B2 R2 D'
76154323333112	1533986	OK	R B2 D2 R' B' R D' B2 R2 D R
53721463223312	1479734	OK	R B2 R B2 R2 B R2 D R2 D2 B
67345213111133	1500152	OK	R B2 D2 R2 B' R D' R D2 B' R
56274132331133	1369225	OK	R B R D B2 R D' B2 R2 D' B
15637423211123	1370942	OK	R B R2 B' D B' D R2 D' R2 D
21375463333211	1569768	OK	R B' R D' R2 D' B' R' D B2 R
31247651323232	1609184	OK	R B' D2 B D' B D2 R' B2 R B2
54712361323313	1533337	OK	R B2 D2 R' D' R D' B2 R2 D B
14327653121213	1485009	OK	R B2 R' D2 B D B2 D2 B' R' D2
24763151111111	1324974	OK	R B R' B2 R D' R D' B2 D2 R2
23147651112323	1375036	OK	R B D B2 R2 D B' D' R B2 D2
45367213111133	1495146	OK	R B2 D2 R2 B D B' R2 D R' D
26513471122121	1457833	OK	R B2 R D' B2 R' B' R' D2 R' B
46157321331233	1446527	OK	R B D' R' B R' D2 B2 R' D' R2
12357462211112	1525861	OK	R B' R B R2 B2 D2 R' D' R D2
73645122222311	1430315	OK	R B D B D R' D2 B D2 B R2
53762143222331	1468854	OK	R B D' B' D B R' B2 D2 B D2
16753241221112	1427574	OK	R B D' R B' D2 B R' B' R' D'
15724631111111	1307674	OK	R B R D2 R2 D R B' D R' B'
75132463233233	1383773	OK	R B R2 D2 B' R D' R' B2 D2 R
67342512222113	1391874	OK	R B R' B R B' D2 R D' B R'
16423572112121	1422749	OK	R B D2 B2 R D' B D' R B R2
37641252222323	1502312	OK	R B2 D2 R B2 R B' D' R' D2 R'
13267541232212	1369240	OK	R B R D' B R' D B2 D R D
34125672131312	1471014	OK	R B2 R' B2 D B D2 B2 D' R' D2
41725633211111	1606237	OK	R B' D B' D2 B R2 D' R D B
16534273211111	1606170	OK	R B' D2 B' D B2 D R2 B D B2
54276132233312	1488225	OK	R B2 R' B R' B2 D' B R' D2 R2
74532163123223	1501066	OK	R B2 R' D R' D B2 D2 R2 B' R'
21345762313223	1436007	OK	R B D2 R' B R D2 B2 R D' R'
32761452122222	1475148	OK	R B2 R' B2 D B R2 B2 R' B' D2
72513641233322	1543535	OK	R B' R2 B R' D B2 R' D2 R D2
17426531313131	1442679	OK	R B2 R D B' R B D B2 R D2
12563473131212	1465910	OK	R B2 R' B R' B2 R D2 B' R D'
57123461111111	1332239	OK	R B R' D2 R B2 D' R D R B'
54612733322213	1501742	OK	R B2 R' D R' B2 D' R B' D2 B2
34517622231323	1498491	OK	R B2 D2 R D2 R B' R' B' D2 B'
26135742332312	1580819	OK	R B' R2 B' R' D2 R' B D B2 R2
52341672211112	1520006	OK	R B2 D' R2 D' B D' B' D2 B R2
36521472113321	1395582	OK	R B D2 R B2 D' B' R' D2 R' B'
25163741112323	1348776	OK	R B R2 B2 D2 R' B' D R' B R2
54376211113133	1484198	OK	R B2 D B2 D' B R' D B' D' R'
64275133312211	1445427	OK	R B D2 R' B D B2 R2 D R' B'
63741522123131	1350098	OK	R B R D2 R B R2 B' R' D2 B
23157461231333	1396232	OK	R B R' D2 B' R D R' B2 D2 R2
51426731111111	1363510	OK	R B D R2 D R' B' D R' B2 R2
17426531121212	1444927	OK	R B2 R D B2 R' B2 D R D B'
23164573213133	1358357	OK	R B R B2 R D' R D' R B R
34175263321232	1469432	OK	R B2 R' B D2 R' B D B D' R2
76543211212112	1602497	OK	R B' D B2 R B2 R' B D' B2 D2
17324561211323	1740394	OK	R D2 R B' D B R2 D' R B R2
72163453133333	1472219	OK	R B2 R2 D' R B' R' D R2 B' R'
34275162213221	1562253	OK	R B' R B' R2 B' R' D' R D2 B
65241371111111	1395339	OK	R B2 R B' D R D2 B' R D R2
47126532133133	1447137	OK	R B D' R2 B2 R' B' D B' D B'
37614522113321	1556138	OK	R B' R2 D2 B' D B' D2 R B' D2
14735621323112	1661095	OK	R D R2 B' R D' B R D R' B2
26543171111111	1323542	OK	R B R' B2 R D' R D R2 B2 D2
74561232221111	1563135	OK	R B' R2 B' R D2 B2 R B' D2 R
67341252222323	1411054	OK	R B D2 R2 B' R B R' B R2 D
35426713111313	1441012	OK	R B2 R B2 R2 D B' R B2 R D2
25736411331113	1541223	OK	R B' R B D2 R' D2 B R D2 R'
71463523331222	1432175	OK	R B D2 R2 B' R B' D' B2 R2 D
57364212313211	1312125	OK	R B R D2 R B2 R B' R2 D2 B'
64321572311132	1524473	OK	R B' R2 B D R2 B2 D R B R2
54371261113331	1348268	OK	R B R2 B2 D B' D2 R D R2 B2
32751643321232	1400490	OK	R B D B' R2 D2 B R' D' R D2
32465173233221	1662925	OK	R D R D' R D' B' R2 D2 B' R
76354123313333	1474232	OK	R B2 R2 D B' D B' R2 B D2 R2
41723562313211	1355101	OK	R B R' B R2 D R' D' B' D2 B'
47165322232133	1377198	OK	R B R D2 R2 D B R B' R2 B'
67321453113311	1471878	OK	R B2 R' D' R' D B2 D B2 D' R2
63471522123131	1557682	OK	R B' R' B' R D2 R' D2 R' D R
52341671122211	1524226	OK	R B2 D' R2 D' R D' B' R2 B R2
65132471323121	1649950	OK	R B' D' B D2 B R' B' R D2 R2
23174652123131	1360007	OK	R B R2 B' R D2 B' R' D2 R B'
16745232121313	1434280	OK	R B2 R B' D B2 D' B2 R D' B'
65271432231233	1360409	OK	R B R B' D R' D R2 D B D
42613572313211	1355402	OK	R B R' B2 R' D' B' R D2 B R'
36527412211322	1525753	OK	R B2 D' B' R D' R B2 D' B R'
45367211211122	1492401	OK	R B2 D2 R2 B D' B R2 D' B D'
63742511232221	1379859	OK	R B R2 D2 B' D B' R' D2 B2 R
75416323232213	1366049	OK	R B R2 B' D2 B D' B R B' D2
71462532121112	1433427	OK	R B2 R B R2 D' B2 R D B R'
76345122311111	1498596	OK	R B2 D2 R2 D R D B' R D' R2
27456133132223	1386099	OK	R B R' B' D B R2 D2 B2 D' B
47156233233113	1598489	OK	R B' R' D R2 D R' B' D B2 D2
31257643311122	1432157	OK	R B D2 B' D B' R B2 R' D2 R
76143253131212	1441383	OK	R B2 R D' R B2 R' D2 B D' B'
76354212313322	1534575	OK	R B' R B2 D' B' D B' R2 B D'
47632153212311	1612685	OK	R B' D2 B' R B2 R B2 D B R2
74132562121121	1504260	OK	R B2 D B2 D R B D R2 D B'
14325673311131	1521297	OK	R B2 D' R' D B2 D B D2 R2 D
73652413211312	1387918	OK	R B R' B R' B D' B2 D B2 R'
35462173131311	1451447	OK	R B2 R D2 R2 B D' B R2 B D2
72146352232223	1361845	OK	R B R2 B' R2 B R' D R B' D2
45673213211222	1434882	OK	R B D2 R2 B' D B' D' B2 R2 D
36547213331333	1471087	OK	R B2 R' B D' R2 D B2 R' D R'
54612732112223	1490072	OK	R B2 R' B D' R2 B' D B' D2 B2
75241632222323	1424084	OK	R B D2 B2 R B' R2 D B D2 R2
47652132231323	1369275	OK	R B R2 D2 B2 D' R D' R' D B
14725361111111	1306507	OK	R B R B' D R' D B2 D2 B D'
31265471122133	1473616	OK	R B2 D R' B D R2 B' R D' R'
51724362122222	1439238	OK	R B D' B2 D B R2 B R' B' D
21354672311123	1620562	OK	R B' D2 R D2 R' D B' D2 B' D
26153471122121	1524959	OK	R B2 D' R' B2 R D2 B' D R B2
16723451122133	1365734	OK	R B R' D2 B2 R' D B' D' R B2
35476122221111	1377751	OK	R B R' D B2 R' B R' B2 D2 R
12347651122112	1586191	OK	R B' D R2 B R2 B' D B' D2 B2
53642171111111	1343183	OK	R B R' B2 R D' R D R2 B2 D'
56432713122122	1499225	OK	R B2 R' D B' R2 D' R B' R2 B2
76354121313131	1370601	OK	R B D R B D' R' B D2 R' D
51324763113332	1398348	OK	R B R' B' D B D' B2 R2 B R2
52376413222223	1394794	OK	R B R' D' R B D2 R2 B2 R' B
34167252213323	1375021	OK	R B R' D' R B D2 R2 B2 D R
56347212123233	1517737	OK	R B2 D' R B2 R' B' R B' D2 B2
36527412131222	1576481	OK	R B' R' D R' B' R D2 B' D2 B
37614523232213	1537507	OK	R B' R D' B R D' B R B' D'
16574231113133	1361490	OK	R B R2 D2 B2 D' B R' D' R D
67354121111111	1296549	OK	R B R B2 R B R2 B R B R'
12376542121232	1434780	OK	R B2 R B D2 R' B2 D B R B'
76345122211121	1451507	OK	R B2 R2 B' R' D B2 R' D B D2
53476121323322	1656514	OK	R D R2 D2 B' R B2 R' D B2 D'
46123571111111	1321766	OK	R B R' B2 R D' R D' R2 B2 D2
76341253221212	1574410	OK	R B' R' B D' R' B D2 R' B2 R
65174232323312	1471676	OK	R B2 R' B D2 R' B' D' B2 R D
41563273113311	1358906	OK	R B R2 B2 D R' D' B D2 R B
73645211231111	1581627	OK	R B' D R2 D' R D' B R2 D2 B2
76312453311311	1459861	OK	R B2 R' B' R' D R2 D R2 D' R2
41657321222312	1401583	OK	R B R' B R' D B2 D R' D B2
17426531132312	1542326	OK	R B2 D' B R2 B2 R' B D2 R' B2
36745212123323	1518087	OK	R B2 D' R' D B' R B2 D' R B'
32561471113133	1533772	OK	R B' R B' D2 R D R2 B' R B'
72541631111312	1530835	OK	R B' R B R2 D' R D' B D2 B'
34516271111111	1359581	OK	R B D B' D2 B' D' R' B R2 D'
63472512123332	1335578	OK	R B R B2 R' D B2 R' B2 R B'
14726532232313	1478542	OK	R B2 D B D2 R2 B D' B D2 B'
76143252221222	1430336	OK	R B2 R B' R B2 R' D2 B D' R'
13254763323122	1675610	OK	R D R' B' D' B' R2 D R' D2 R
16543721111111	1343499	OK	R B D R2 D R' B' D R' B2 D
76213543311332	1447247	OK	R B D' B R' B R' D2 R B2 D'
63142571111111	1333499	OK	R B R' D' B R2 B R B' R2 B2
16523741112212	1341981	OK	R B R D2 R2 B' R D2 R' D2 R2
36714523132223	1446541	OK	R B2 R B' D2 R B D2 R' B' D
12357461113331	1490296	OK	R B2 D2 R D2 R D' R' B' D2 B'
13245671321111	1671381	OK	R D R' B D2 R D' R' B' D2 B'
35461271111231	1603917	OK	R B' D2 B R' D R2 B' D2 B R2
24615732213311	1396992	OK	R B R2 D' B R D2 B2 R B' R'
14573261333111	1401561	OK	R B D2 R D' B R2 B2 D' R' B
13246572321332	1491193	OK	R B2 D R2 D R D B R2 B R'
25741632222323	1487772	OK	R B2 D B2 D' R D' R B' R' D'
31264572122213	1426250	OK	R B D' R2 D' B D B R2 B2 R
67354212111221	1471701	OK	R B2 R' B R2 D' B' R' D2 B D
12765432121313	1412974	OK	R B D2 B2 D' B' D2 R B2 R' D2
36145272131312	1404922	OK	R B D2 R' D B R B2 R2 D' B
71462533221113	1546367	OK	R B2 D' B D2 B2 D' R D2 B' R2
76354123211123	1453333	OK	R B2 R D B2 D' R' B2 D B D'
17364251231231	1550115	OK	R B2 D' B2 D R D2 B2 R' B' R2
65174233323212	1483610	OK	R B2 R' D B2 R' B' D' R2 B D
13462571111111	1357668	OK	R B D R2 D R' B' D' B2 D2 R
47321651311133	1328215	OK	R B R B R2 D' B2 D R2 B' D'
14523672121313	1410900	OK	R B D2 B2 D' B' D2 R B2 R' B2
27134561131133	1364341	OK	R B R' B' D R D' R D2 R' B
47156233211132	1579507	OK	R B' R2 D R2 D' R B' D2 B' R
15426371111111	1356839	OK	R B D R2 D R' B' D R' D2 B2
54362171113133	1324059	OK	R B R B D' B2 D R' B R' D'
72165432211112	1466671	OK	R B2 R' D2 R D' R' D B2 R D2
37624513131323	1381002	OK	R B D R B2 D2 R2 D B2 D' B2
45321671212211	1413000	OK	R B D' B' D' R D2 B' D R2 D'
45612371133221	1674451	OK	R D R' B2 R B R' B D' B D2
14762351221331	1665496	OK	R D R2 D' R' B2 D B' R B D'
72345613333331	1627818	OK	R B' D' R D' B' R B2 D' B2 D
46523711331332	1379471	OK	R B R2 B' D B' D R' B D B2
34172562132332	1461966	OK	R B2 R D' B D' B' R2 B' R2 D2
47265312131312	1398819	OK	R B D B2 D' B' R2 D B' R' D'
45321671221121	1526682	OK	R B' R B R2 D2 B R D2 R2 B'
36147251131211	1500206	OK	R B2 D2 R' B R B2 R2 D B D
24516732233111	1386657	OK	R B D R2 D R' B' D R' B2 R'
16524731112233	1560470	OK	R B' R' B2 D B' D' R D' R2 D'
63741252222323	1497125	OK	R B2 D B2 D' R D' R B' R' D
65271341332331	1389995	OK	R B R2 D2 B R' B D' B R' B'
52314761322122	1459295	OK	R B2 R2 B D2 B' D2 R D' R2 D2
74561233111112	1521244	OK	R B2 D' R' B2 D B D2 B2 D' R'
15624732133313	1403713	OK	R B D2 R2 B R' B D R' B2 R'
74325613133333	1402971	OK	R B D2 R' D R B R2 B2 D' B
73125463133132	1394813	OK	R B R' B2 D B' R B D' B2 D'
32164572232223	1527361	OK	R B' R B' D R D' B D B' D'
12375641113112	1665077	OK	R D R' B2 R' D' R' D B2 R D'
14765231111312	1541450	OK	R B' R D R' B2 D B2 D B' R
26135742213323	1368372	OK	R B R' B D R2 B' D R B2 R'
35462171212121	1389000	OK	R B D B2 R' B2 D B R2 B R'
51724363121213	1431649	OK	R B D' R2 D B R2 B D' B' D
31264752132122	1462601	OK	R B2 R D' R B' R' B2 R' B2 D2
76514321112323	1371694	OK	R B D B2 D B' D' R D' R2 D2
14625731131121	1626203	OK	R B' D' B' D R2 B' R2 B R' D
32164572232313	1534872	OK	R B' R D' R B2 D' R' B D2 B'
26715433231322	1415735	OK	R B D' R B D2 B2 D' B' D2 R
25714632223331	1578893	OK	R B' R2 D R2 D' B R' D2 R' D
45673212212132	1397713	OK	R B R' D2 B2 D' R' D B' R B'
76341251112131	1529445	OK	R B2 D' B' R2 D B D2 B2 D' R'
32156742313223	1542290	OK	R B2 D' B D' R D2 R D R' D2
31456722111221	1385779	OK	R B D R B' D2 R2 D' B2 R' B
32546713323212	1395829	OK	R B D B D' R2 B2 R' B2 D' B
75264311223122	1464761	OK	R B2 R2 B R2 B D2 R' D B2 D2
24536713231232	1371165	OK	R B R D2 B D2 B2 D R' B2 D2
76345123311113	1447810	OK	R B2 R2 B' R D' R2 B R' B' D2
71432561232323	1517762	OK	R B' R B2 R' D2 B R' D' B' R
36721452122213	1508182	OK	R B2 D2 B R B2 R D R2 D' R
34725611212211	1507547	OK	R B2 D2 B D2 B R' D R2 D' R
67354211212121	1357922	OK	R B R' B2 R D' B2 R D B D2
43675211221331	1400997	OK	R B D R B D' R2 B R2 B D2
36721452121322	1527744	OK	R B2 D' B R D' B R' D2 R' B
13527461211113	1605404	OK	R B' D' B D2 R' B D R D' R2
21364753212212	1369166	OK	R B R D B D' B2 R B2 R B2
52147631131211	1489955	OK	R B2 D B' D B' R2 B D' B' R
12354763131131	1437887	OK	R B2 R B2 R2 D R' D R2 D R2
46375213123121	1605402	OK	R B' D2 R D' R' D B D' R B2
36125473232222	1535064	OK	R B2 D' B' R D2 R B R2 D2 R
64271533221212	1522087	OK	R B2 D' R2 B D' R' B D' R D'
74163251121122	1506293	OK	R B2 D2 B D2 B D' B D2 B' R
25463713212332	1396230	OK	R B R' B' D2 B' D' B2 R B2 R'
31264573222223	1457453	OK	R B2 R D' B2 R B R2 D' B' D
71532463221332	1369017	OK	R B R D2 R D' R B' D B D
46125731333123	1409563	OK	R B D R' D B D2 R' D R B2
41725631211122	1464182	OK	R B2 R' D R' D2 B2 R' D' R2 B'
75213642223133	1432060	OK	R B D2 B' R B' R D2 R' B2 R
76325412231212	1502598	OK	R B2 D2 B D B2 D B R2 B' R
14527632212111	1506304	OK	R B2 D2 B R2 B R' D B2 D' R
34725612231212	1503641	OK	R B2 D2 B R D2 R D R2 D' B
74163252131111	1499062	OK	R B2 D2 R2 D' B' R B' R2 B D
13254761322233	1568848	OK	R B' R' D2 B D' R' B D' R2 D'
76143252131312	1395955	OK	R B D2 B2 D R B D' R2 D' B
32745612313322	1345399	OK	R B R2 D B2 R' D' B' D2 B' R'
32761453133333	1400924	OK	R B D2 B2 D R D R' B2 R' B
73625143333313	1372676	OK	R B R' B D2 B R2 D' B R' D'
21654372231323	1474008	OK	R B2 D R2 D' R D' B D' B' D'
73456123231322	1344012	OK	R B R D B' D2 B R' B R' B'
12753462231323	1356590	OK	R B R2 B2 D R' D2 B R D2 B2
54123673233323	1541742	OK	R B' R D R2 B' D R' B R2 B'
36714522122213	1438415	OK	R B D' B2 D' B R D R2 D2 R
12347561112212	1411039	OK	R B D' R D R2 D2 B' R' B D2
35472163231322	1451168	OK	R B2 R' B D2 R' B D B D' R'
12745633131131	1531535	OK	R B2 D' B' D B2 D R B2 D2 B
72365413331333	1441784	OK	R B2 R D' B D2 B' D2 R D' B'
74125633332323	1529795	OK	R B2 D' B' D2 R B R2 B2 R' D'
16524731113133	1415994	OK	R B2 R B' D2 R2 D' B R D2 R
34725612121322	1516747	OK	R B2 D' R D R' D B' D2 B' R
25716433223213	1475331	OK	R B2 R2 B' D B' R B2 R B D2
76325411331311	1585787	OK	R B' D R' B2 D B R2 D' R D'
32456173212332	1412119	OK	R B D B D2 R B' D2 R2 B' D
14752631112311	1528387	OK	R B' R B' D2 B D2 R' D R B
64275311112332	1447416	OK	R B2 R2 B R' B2 D R2 D B2 D2
71462532111212	1377554	OK	R B D R' D2 B D' B2 R2 D R'
54376211111132	1436922	OK	R B2 R2 D2 B' R B D' B D' R2
13576241321321	1398916	OK	R B R' D B R' B2 D R' B D'
27516341111111	1291652	OK	R B R B2 R B2 R B R B2 D2
71432563232213	1472513	OK	R B2 D B R2 D2 B D' R B2 R'
43615272113321	1354995	OK	R B R2 B' D2 R2 B R B' R D2
25734162221111	1348317	OK	R B R2 B2 R B2 D R2 D2 B R'
52163471112122	1470298	OK	R B2 R' D' R2 B2 D R B R' B2
27634511131133	1467940	OK	R B2 R' D' B' R D2 R B2 R' B2
12347652123233	1464649	OK	R B2 R' D2 R B' R' D R2 B D2
17643251122112	1365276	OK	R B R' B R' D2 R B' D' B' D'
12365741113331	1419710	OK	R B D' B R D2 R2 D' R' B2 D
31572461122133	1360314	OK	R B R2 D2 B R2 B R D' B R2
71345262132131	1692737	OK	R D B2 R' D2 R' D B' D2 R2 D
36714523132322	1438950	OK	R B2 R B D' R B R B2 D B2
76325412333233	1496046	OK	R B2 D2 B R2 B D' R B2 R' B
61543271112311	1533888	OK	R B' R2 B' D B2 D B2 R D B2
23167541233322	1521562	OK	R B2 D' B2 R D' B' D R' D R'
43512671313332	1363911	OK	R B R' D R' D2 R B R2 D' B
76312542321212	1386232	OK	R B D B' R2 D B' D2 R2 B R'
76342511111321	1579501	OK	R B' D B2 D' B2 R B' D' R' D
62531472321233	1420964	OK	R B D' B D R2 D2 B' D' R D2
16725432211121	1465700	OK	R B2 R' D R' D R2 B' D' R D'
41726352313322	1358576	OK	R B R2 D2 B R' B' R' D2 R2 B'
61234572231323	1475732	OK	R B2 D R2 D' R D' B D' B' D
36752143133222	1589864	OK	R B' R' B' R2 D B D R' D' B
71426353312211	1457759	OK	R B2 R D R2 D' R' B2 D B R
23164752131312	1389034	OK	R B D R2 B2 D B' D B' R D'
47132562311111	1421445	OK	R B2 R B2 R' B2 R B2 D2 R2 D'
43572612312323	1494573	OK	R B2 R' D2 R D' B D' B2 D R
71423563213232	1393278	OK	R B R' D2 R' D R2 B' D2 B R'
13546271321321	1574641	OK	R B' R' B2 R D' R2 B D2 B' D2
21354761133311	1442098	OK	R B2 R2 B' R B' R2 D B' R' D2
74163253121111	1548379	OK	R B' R D R2 B' R' B D2 B' R'
16527341111111	1347920	OK	R B D R2 D B2 D R B R2 D2
27536412332312	1462644	OK	R B2 R2 B' D R' D R2 D B D2
31256471231222	1356661	OK	R B R B2 D B2 D2 B R' B2 D2
76341252323333	1463063	OK	R B2 R' D B' D R2 B' R' B D'
12347653111133	1441855	OK	R B2 R2 D B D2 B D' R' D2 B
27534161111111	1294342	OK	R B R B2 R D' B' R B' R2 D
26437512122312	1521370	OK	R B2 D' R2 B D' B' R D' R D'
34165271121311	1521418	OK	R B2 D' R' D2 B D B2 D2 B' R'
54367122311111	1458496	OK	R B2 R' B2 D2 R' D2 R' D' R2 D2
35462172213311	1531185	OK	R B2 D' R B' D R2 D R B' D2
53476121323112	1656139	OK	R D R2 D2 B' D B2 D' B R2 B'
23165472111122	1438573	OK	R B2 R2 B' D2 B D B' R2 D B'
74265312333233	1401835	OK	R B D2 B' D2 R D' R2 D B D'
15463271313113	1353138	OK	R B R2 D R' D R2 D2 B' R' B
23176452132221	1465668	OK	R B2 R2 B' R D' R D2 R B D2
12364751113133	1456736	OK	R B2 R' D R2 B' R D R D' B'
35426713312211	1535259	OK	R B2 D' R D' R D2 R B R' D2
47132652233321	1495508	OK	R B2 R' D2 R B' D B' D2 B R
65174322313211	1301204	OK	R B R B2 R B2 R B' D2 R2 B'
14652733321331	1357156	OK	R B R B D2 R D' B2 R2 D' R
76354122112121	1416583	OK	R B D' R B R2 B R' D2 B D2
54367121113211	1404121	OK	R B D' B2 R2 D' R' B R' B R
72541631113121	1499854	OK	R B2 D2 R' D B R2 B2 D R B
12365471211122	1485462	OK	R B2 D B' D2 R' D R D' R D
74312652333332	1347693	OK	R B R2 B2 D B' D B' D R B2
67321451311133	1407851	OK	R B D' B' R D' R B2 D' R' D2
14527631211131	1534008	OK	R B' R B R2 D' B' D B2 D' R'
24315762213323	1374656	OK	R B R' D R B2 D' R D R2 D'
35462173221221	1603635	OK	R B' R' D' B2 R B R B' D' B
56741232111113	1501881	OK	R B2 D2 R' D R B2 R2 D R D
72165433233323	1533132	OK	R B' R B R' B2 D R2 D R' D
51742632323231	1454879	OK	R B2 R' B2 D2 R' B2 R' D' B2 D2
17246351111111	1299951	OK	R B R B2 R D' B' R B' D2 R2
62135743222331	1398747	OK	R B R' B' R D' R2 B2 D' B' R2
14625732233111	1429210	OK	R B2 R D' B R D2 B' D R B
54367123311113	1393082	OK	R B D2 B2 R B' R B' R D R
56247132333233	1397341	OK	R B D' R' D' R D2 B' D B2 D'
15724632323231	1493345	OK	R B2 D2 R2 D R B R' B D' B2
24153672321233	1328896	OK	R B R B2 R2 D' B R2 B' D2 B2
42573612323231	1420711	OK	R B2 R B2 R' B2 D2 R' B2 R2 D'
26453711333333	1453155	OK	R B2 R2 B R' D2 B R2 B D2 B2
14726531232122	1550646	OK	R B' R2 D2 B' R D' B2 R D' R2
56423172112121	1495850	OK	R B2 D2 R2 B R' D B2 R' D B'
67345211211122	1448552	OK	R B2 R2 D2 R' D R D2 R2 B2 R'
54362711323112	1672392	OK	R D R' D' R D' B R2 D2 B' R
32561471122211	1459300	OK	R B2 R' B2 R D' R' B D2 R D2
13725642332132	1689434	OK	R D B2 R' D2 R' B R' D2 B2 D
12357641113331	1332790	OK	R B R2 B2 D B' D2 R D B2 R2
21354761113211	1493298	OK	R B2 D2 R2 D B R B' R D' B2
21374653333121	1444600	OK	R B2 R D R2 D R' B' R2 D2 B'
37624513231313	1348862	OK	R B R2 B' D B2 D' B R D2 B'
16374521112323	1367759	OK	R B D B2 D B' D' R D' B2 R2
65423713321322	1380282	OK	R B R2 D2 B2 D' R D' R B2 R'
17642531111111	1297064	OK	R B R B2 R D' B' R' D2 R2 B
14726531223122	1591891	OK	R B' D2 R2 B' D B' R2 D B' R2
15734622331223	1348185	OK	R B R B D B' D2 R B2 R B2
24561372111131	1590015	OK	R B' D2 B R' B R B2 D' B R
14527632122213	1508452	OK	R B2 D2 B D R2 D R D2 R' B
23167542131222	1525287	OK	R B2 D' B2 R D' R' B R' B D'
35246171111111	1296529	OK	R B R B2 R D' B' R B' R2 B2
14327652131213	1388967	OK	R B D2 R' D' B2 D R D2 R D'
45613271331221	1384053	OK	R B R' B2 R' B D2 R' D2 R B'
25436712123332	1437904	OK	R B2 R2 B' R2 B D R' B2 D B'
54721631122121	1521525	OK	R B2 D' R D2 R' D' B R' B2 R2
24651731113223	1421528	OK	R B D' B D' B D2 B2 D R D
17462352213311	1450122	OK	R B2 R B D2 B' R' B2 D R B
32741652111113	1491077	OK	R B2 D B' R D' R2 D R' B' R
32741653111112	1451654	OK	R B2 R2 D2 B D' B R' D2 R D'
56132472333332	1488177	OK	R B2 D2 R2 B D' R B2 D' B R'
32765413231223	1525284	OK	R B2 D' R' B D2 B D B2 R2 B
32615473332122	1634019	OK	R D R2 B' D2 B' D R' B2 D2 B
37452162323312	1339590	OK	R B R D B' D2 R2 D' R2 B' R
32145671221112	1540392	OK	R B' R D2 B R2 B' R B' D2 B2
56347212232223	1428681	OK	R B2 R D B2 D' R2 D B' R' D2
46321752111131	1590091	OK	R B' D2 B D' R B R2 D' B R
73625412222323	1407091	OK	R B D2 B2 R B' R2 D B R2 D2
56712343211123	1457156	OK	R B2 R' B R2 B' D R2 B' R' B
34275161312213	1328948	OK	R B R B2 R D' B' R B' R2 B'
23156471222132	1467080	OK	R B2 R' D R2 B' R' D' R2 B R
14356721112323	1367102	OK	R B D B2 D B' D' R' B2 R2 D
32761452121313	1353886	OK	R B R' B2 D R2 D' B D' R2 D'
16345271222111	1530874	OK	R B' R B2 D R2 D' B D' B2 D2
32164572233321	1588222	OK	R B' D2 R B D2 B R2 B D' B2
36752142122132	1466071	OK	R B2 R2 D R' B D' R2 D B2 R2
76342512232223	1462747	OK	R B2 D R D2 B2 R D' R D2 R'
54312672212111	1354081	OK	R B R' D' R' D R2 B' D B2 D'
35162473332122	1529904	OK	R B' R B2 R D R D' R D2 R'
15724632323333	1443056	OK	R B2 R2 B' D' R B2 D' B R D2
65134721233232	1537460	OK	R B2 D' R2 D R B2 D2 R' B' R2
34125672221222	1344010	OK	R B R2 D2 R' D' B' D B2 R' D
27435612122222	1342763	OK	R B R D2 B2 R D' B D' B D'
61274532231323	1352490	OK	R B R2 D2 B' R D B' R B2 D
72365413131212	1343563	OK	R B R2 D2 R' B' D' B D2 R' D
31257462312311	1458196	OK	R B2 R2 D2 B' D' R D' R2 D B'
23456173233122	1579095	OK	R B' D R D2 B2 R B D2 B2 R'
32761452222212	1396259	OK	R B D2 R' D' R2 D B D2 B D'
56423173133111	1490858	OK	R B2 D2 R2 B R D' R2 B R' B
71542633132322	1362474	OK	R B R2 D' R2 D R2 B' D B R'
25736411231321	1481252	OK	R B2 R' D' B R2 D' B' R' D B2
76541233121213	1356276	OK	R B R2 D' R D B R2 B2 D' B
35426712131132	1464041	OK	R B2 R2 D B' R D' R2 D R2 B2
16537421113331	1387481	OK	R B D2 B D R' B2 D R D B'
31564273113311	1379660	OK	R B D B' R B R2 B2 D' B' R
14736523112222	1444329	OK	R B2 R D' R2 B R D2 B' D' R
32145671123333	1446930	OK	R B2 R' B R2 D' R' D' B R' B'
56741233111112	1451000	OK	R B2 R2 D2 B D' B R' D2 R D
14763521113211	1417272	OK	R B2 R B2 D2 R B2 R' B2 R2 D'
31264573132313	1327030	OK	R B R B' D2 B R' D' B2 D2 R'
14527631311121	1498933	OK	R B2 D2 R2 D' R' D R' B2 R B
76215341231231	1360593	OK	R B R D' R B2 D' R2 D B R2
76315241112113	1528835	OK	R B' R D2 R' D R' B R2 D2 B2
32145671333333	1512294	OK	R B2 D' B D R' B R' D2 R' D
67321542232133	1403031	OK	R B D B2 R' B' R2 B D R2 D
13647521111111	1284834	OK	R B R D B2 D R' B' R' B2 R2
62543711211113	1498333	OK	R B2 D' B' R' D2 B D' R2 D' R2
12645371131121	1596481	OK	R B' D2 R' B R B D2 B R' B'
76321543311131	1373009	OK	R B D B2 D' B R2 D' R2 D B2
23165472132332	1524974	OK	R B' R B' R2 B R' D R B2 D'
14752633223231	1640923	OK	R D R B' D R' B' D2 R2 B' D
45367211111132	1456533	OK	R B2 R' D' B2 R D' R2 D B' D2
37652143231322	1427748	OK	R B2 R D' B2 R2 B' R D R2 D
36721453113113	1544976	OK	R B' R D' B2 R D R2 B' R D'
62135471122121	1450757	OK	R B2 R2 B' D' B R2 D' B D B2
71453262222221	1481826	OK	R B2 R' D B D R' D2 B D' B'
25436712132122	1531775	OK	R B' R D2 B' D' B D' R2 D R'
67345211311133	1417728	OK	R B2 R B' R2 B' R2 D B2 D' B
32567412122222	1349962	OK	R B R2 D' R B R B2 R2 D' R
62135473131131	1448530	OK	R B2 R2 B' D B' R2 D R' D' B2
57246131112233	1420876	OK	R B D2 B2 R' D R' D' R B2 D'
35617423131332	1461991	OK	R B2 R2 D2 B' R' B D' B2 D B'
23756143222331	1612450	OK	R B' D B D2 B' R D2 B' D2 B
54721633313321	1430096	OK	R B2 R D' R D' B' R B' R D2
14736521221313	1528162	OK	R B2 D' R D2 R2 D' B D2 R' D2
41325671212211	1401989	OK	R B D2 B' R2 D R' D2 R B D'
63452711311313	1489293	OK	R B2 D2 R2 B R B' R2 D B' R
54721632212222	1450529	OK	R B2 R2 D R D' R2 D' B' R2 B
53126471321321	1567184	OK	R B' R' B2 R D R2 B' R2 B D2
72356141112323	1350026	OK	R B R' D2 R B' R B R2 D2 B'
57164322131312	1363254	OK	R B R' B2 R D R2 D R' B' D
14736521132222	1434637	OK	R B2 R D R' B R D B2 R B2
72516342313223	1442390	OK	R B2 R B R2 B' D' B2 R B R
32765411112221	1457712	OK	R B2 R' B R' B2 D2 B D' B R2
54376121322233	1420451	OK	R B D2 B2 R' B R' D' B R2 D'
36125473323233	1465804	OK	R B2 R' D B' R2 D2 R D' R B2
54167232133313	1449041	OK	R B2 R2 D B D' R2 D' R' D2 R
65174323223123	1528128	OK	R B2 D' B' D2 B R2 D' R D R2
67145323133312	1450407	OK	R B2 R2 B D' B2 R B2 R B2 R2
54361272223232	1501246	OK	R B2 D2 R' B D R2 D2 B R D
14752363233131	1440411	OK	R B2 R D2 R2 B R' B R2 B R2
74132563132112	1523383	OK	R B2 D' R B2 R2 B' R D2 B' D2
12536741112323	1311248	OK	R B R D2 R D' B' D' B2 D2 R
47265312122222	1330149	OK	R B R B2 R' D' B2 R D' R' D'
63752143223123	1543791	OK	R B' R2 B D B2 R2 D2 B D' R'
75613243133213	1466477	OK	R B2 R' B R D R' D2 B D' R'
52341672232313	1423471	OK	R B2 R D R2 D' R2 D R' B' D2
13246573321223	1430991	OK	R B2 R B' R2 D B D2 R' D' R
32465173133111	1492851	OK	R B2 D2 R2 B' D R' D R2 B' R
21375462312233	1334752	OK	R B R D2 R D' B' D R' D2 R'
56127433332323	1451494	OK	R B2 R2 D2 B D' R B' D2 B R
21376541131133	1362155	OK	R B D R' D R B2 R2 D' R' B
31475261322233	1470815	OK	R B2 R' D2 B2 R' B D B' D2 B
16573241123123	1525732	OK	R B' R D R2 D2 B2 R' B' R B2
41735621233232	1345722	OK	R B R B' R B2 D' B2 D R B2
76354212312233	1423440	OK	R B2 R D' R D R2 B' R B R
14765231111213	1495689	OK	R B2 D2 R2 D' R' B R' B2 R D
23164753333313	1337955	OK	R B R D2 R2 B' R B' R2 D2 B'
76341251221121	1554571	OK	R B' R2 B' D B2 R2 D B' D2 R
72563411113121	1463724	OK	R B2 R' D B R B' D R' B2 D
32465172112121	1446664	OK	R B2 R2 D2 R' B R D2 R2 B2 R'
17526431231321	1423858	OK	R B2 R B2 D2 R D2 R' D2 R2 B'
52761431113121	1482272	OK	R B2 D R' D B' R2 B R' B' R
45312761113211	1452853	OK	R B2 R' B2 R D2 B2 R' D' B2 D2
71456322111221	1467058	OK	R B2 R' D' B' R' D2 B D2 B' R2
72546313323212	1453158	OK	R B2 R' B' R' D' R2 B R2 B' R2
32741651131211	1462651	OK	R B2 R' D R B R' D R' D2 B
65432173232321	1556997	OK	R B' R2 D' B R B R2 B D' B'
65174233331213	1386641	OK	R B D R' B2 D' R D R B2 R2
34521672223232	1482470	OK	R B2 D R' B D' R2 D B' R' B
74132562122111	1398685	OK	R B D2 R' B' D' B2 R D' B2 D
54167233331213	1447214	OK	R B2 R2 D R B' D2 B' R' B2 R
65132471212112	1407018	OK	R B D' R D' R' B R2 D' B' R'
67354212311132	1394306	OK	R B D2 R2 B R' B R' D2 R B'
12356471113133	1346526	OK	R B R2 D2 B' D B D' B D2 R
36147251121311	1453348	OK	R B2 R2 D2 B R' D B' D2 B D
45721363321313	1455774	OK	R B2 R2 B D' R2 B R2 B R2 B2
36241753212311	1539012	OK	R B' R2 B' R D2 R D2 B R B2
61534721112311	1460413	OK	R B2 R' D2 R' D B' D2 R2 D' B
12734561112323	1306507	OK	R B R D2 R D' B' D R' B2 D2
31475262333221	1452414	OK	R B2 R2 D2 B' D' B D' R2 D R'
72143651131112	1417529	OK	R B D' B' D2 B' D2 B D' B' R'
14275633323122	1634897	OK	R D R2 B' D2 B' R D' B2 R2 B
15672342323312	1461615	OK	R B2 R' D' R' D' B2 R B2 R' B2
35462171131313	1328362	OK	R B R D2 B2 D' B' R2 B' D2 B2
32174562231212	1372644	OK	R B R' D2 R' B D R B2 R2 B
15724631322233	1494275	OK	R B2 D2 R' B' D R' D2 B R' B2
13275461112233	1455581	OK	R B2 R' B2 D2 R' D B R' B2 R
73651241113322	1470512	OK	R B2 R' D2 B2 R' D R D' B2 D
45167323322231	1412396	OK	R B D' R D' B R2 B2 R B D
14736251111132	1414206	OK	R B2 R D R2 B2 R' D' B2 D R'
72165433121333	1451145	OK	R B2 R2 D2 R D' B2 R B D2 R2
45376211333123	1563922	OK	R B' R2 D2 B D' R2 B D' B' R'
56423171231321	1442245	OK	R B2 R2 D2 B' R D B' D B' R2
52147631121311	1451247	OK	R B2 R2 D2 B R' D B' D2 B D'
16745232122222	1334195	OK	R B R2 B2 R B D B' D2 B' R
54621371133311	1400051	OK	R B D' B D2 B' D B' D R D2
13675242331313	1468504	OK	R B2 R' D R D R' B2 D B' R'
76345123311131	1374738	OK	R B D B2 D' B' R2 D B2 D' B2
34165271311133	1413498	OK	R B2 R B2 R2 D' B D R' D2 R
14725361322332	1497126	OK	R B2 D2 R' D' R D' R2 B R' D2
73625143121213	1336036	OK	R B R B2 D2 R D' B R' B D'
41765231233232	1498310	OK	R B2 D B' R' D2 B R2 B D2 B2
67354213313333	1383729	OK	R B D R2 D B2 D B' R' B R2
14736521133131	1378996	OK	R B D B D2 R2 B2 R B2 R' D2
75246313212311	1417945	OK	R B D' R D2 B' D' B D' R2 D2
16547233332323	1448803	OK	R B2 R2 D2 B D' R B' D2 B R'
63712542221111	1357520	OK	R B R' B D B2 D2 R' B' R D2
61472532123332	1361687	OK	R B D R' D R' B D2 B' D2 R'
17463251321231	1424897	OK	R B2 R D' R2 B D R D2 B' R2
43651722323132	1520305	OK	R B' R2 B R' B D R2 B' D R
32157642231323	1383182	OK	R B D2 B R B' D2 R B D B'
25436711311313	1486280	OK	R B2 D2 R2 B' D B' R B2 D' B
65274131312213	1412005	OK	R B2 R B' R D R2 B' R D R
32567413131212	1334312	OK	R B R2 B2 R' D' B2 R D2 R' D2
32576142313223	1454451	OK	R B2 R' D R2 D' R D2 B' D' B
62135473322321	1506271	OK	R B2 D2 R' D' B R' D2 B D' R2
25436713232321	1564406	OK	R B' R' B' D R2 B' R2 B D' R
15642373221323	1385125	OK	R B D B D R' D' B R2 D' B
56132473211111	1412019	OK	R B D' B' D' R2 B2 D' R D' B
35246172213311	1452961	OK	R B2 R' D B2 D' R D2 B' D' R
14625732112121	1453155	OK	R B2 R' B D' B2 R2 D' R' B2 D'
56132473213211	1423651	OK	R B2 R D B' D2 B D B2 D2 R'
41625373121213	1345027	OK	R B R D2 R' D' R2 B D' R' D'
76143253331333	1360504	OK	R B R' D2 B R2 B' D R' D2 R'
67345211111132	1438923	OK	R B2 R2 D2 B D' B' D R' D R2
67354212212222	1382843	OK	R B D R2 D B D B' R2 D' R2
52761431112131	1450226	OK	R B2 R2 D2 B R' B R' D2 R B'
52147632111113	1452698	OK	R B2 R' B R B D' R D' R2 B
21354761112233	1490972	OK	R B2 D2 R' B' R D' R2 B R' B2
72541631112131	1447065	OK	R B2 R2 D2 B R' B R' D2 R B
12364753311131	1377381	OK	R B D2 R' B R B2 R D' B' R
62135473132121	1499916	OK	R B2 D2 R2 D B D B' R B' R2
67354213211132	1483058	OK	R B2 R' D' R D2 B' D' R' B R2
41236753232321	1549013	OK	R B' R' B R' D2 B' D R D B2
54327612223232	1455138	OK	R B2 R' B D R B' R B' D2 R
76315243323323	1473145	OK	R B2 D R' D B R2 D' B R' D'
32175462233111	1385524	OK	R B D2 R' B2 R B R2 B' D2 B
67321451112311	1388618	OK	R B D' R B2 R' B R' D' B R2
32145673311113	1424002	OK	R B2 R D B' R D2 R' B2 D R2
53741621332112	1565923	OK	R B' D2 R D' B D' B' D' R D2
16257431132111	1536473	OK	R B' R' B D2 R' D R B D' R2
13275463213211	1457981	OK	R B2 R2 D2 B' R' D R' D2 R B'
23165471311133	1410410	OK	R B2 R B2 R2 D B D R' D2 R'
76541232221222	1336457	OK	R B R2 B2 R' D' R2 B D2 B' D2
17426532121211	1322440	OK	R B R B' R2 D R' B2 D2 R B'
34725613111112	1448764	OK	R B2 R2 D2 B' D R' D R2 D' B
14723652331232	1479801	OK	R B2 D B' R2 D' R B D' B R
16345272322232	1494782	OK	R B2 D2 R2 D' B' D R' D2 R D
52341673232213	1415338	OK	R B2 R B D2 B' R2 B R' B' D2
37624512231212	1363116	OK	R B R' B2 R' D B D B2 D2 B
52134761232113	1402403	OK	R B D' R' D R2 D B D2 B2 R'
27453161132111	1500261	OK	R B2 D' B' D' B2 R D' B2 D' B2
32157641232323	1412140	OK	R B2 R B' D2 R D B D2 R' D2
13246573221233	1425440	OK	R B2 R B R' B R B D2 R B2
41725633111133	1362642	OK	R B D R' D B2 D' B2 R B' R
32164572312323	1537728	OK	R B' R2 D B R2 B R2 B D' R2
43561271111111	1299157	OK	R B R D' B2 D' R' B' R B2 D'
16745233121213	1336663	OK	R B R2 B2 R B R D' B2 D' B
73615423333331	1464746	OK	R B2 R' B D B R' D2 B R' D'
72345612122111	1473422	OK	R B2 D R' B2 D' R B R' D B
17453262211133	1358553	OK	R B R2 B' R D' B R2 B' R2 B
21376541111123	1364724	OK	R B D B' R B2 R' B D' R B2
65714323223123	1454625	OK	R B2 R D' R2 B' R' D' R2 D' R
25471362323132	1520984	OK	R B' R2 B D' B D B2 R' D R
47632153232321	1546876	OK	R B' R2 D' B R B R2 B D' B
15624732333332	1362189	OK	R B R' D B R2 B D' B2 R D2
25743611233232	1449441	OK	R B2 R D2 R2 B D' B' R D' B
15642372231332	1416496	OK	R B D' B R B2 R B' D2 R B2
43176252311132	1403474	OK	R B D' B2 R B D R2 B' R D2
52374161112323	1308987	OK	R B R D2 R D' B' D R' D2 R2
76354212333332	1441844	OK	R B2 R' B R' D2 B2 R' B' R2 D'
32167451213333	1511119	OK	R B2 D' R' B D' R B2 D' B D'
51324671211122	1344476	OK	R B R' B' D B' R B2 D2 R' D'
76523413223231	1484199	OK	R B2 D R' D R D2 B' R B R2
34275162112322	1409266	OK	R B D2 B' R B2 D2 R B' R D2
71562433123232	1374415	OK	R B D B' D2 B' D R2 B R' B
52471631323112	1569268	OK	R B' D2 R D' R B' R' D' R B2
76354122212222	1353991	OK	R B R2 D2 B R' B R B' D2 B'
75264133331213	1354776	OK	R B R2 D2 B D' B R B' R2 B'
51426733312211	1449575	OK	R B2 R' B D2 B' R D2 B' R' B
32146751232323	1415397	OK	R B2 R D B2 D2 B' D R2 B' R'
14352672212111	1342688	OK	R B R2 B' D2 R B' D2 B R D'
36147253111112	1395714	OK	R B D2 B' R B R2 D' R' B R
12467351131121	1578402	OK	R B' D2 R' B R B D2 B R' B
72365412222212	1328116	OK	R B R2 B R D2 R' D' R2 B D'
12376542123212	1328627	OK	R B R D' R2 B D' R2 B2 D B'
64257131113223	1381698	OK	R B D B2 R2 D' B R' B' D2 R2
14527633312133	1404694	OK	R B D' B2 R2 D R' B' R B' D
14765231112131	1448445	OK	R B2 R2 D2 B' R B' R D2 R' D
12364751112212	1378544	OK	R B D2 B D' R D' R' D2 B R'
35426713131113	1320279	OK	R B R B2 D' R B R' B D' B'
74325613131212	1333366	OK	R B R2 B2 R' D' B2 R D2 R' B2
67312452233321	1419446	OK	R B D2 B' D B2 R' B' R2 B R'
15367423211123	1383608	OK	R B D' B R B' D R' B2 R2 D
54761233322321	1421964	OK	R B D' B2 R2 D' B D' B' D R2
12463751231231	1443973	OK	R B2 R B2 R2 D R' D' R D' R
34125672131213	1327707	OK	R B R2 B D R2 D' R' D2 B D'
14736521213333	1436266	OK	R B2 R D R2 B' R2 D R B D'
32156472333332	1433597	OK	R B2 R2 D2 R' D B D2 B2 R2 B'
14527631121311	1451193	OK	R B2 R2 D2 B' R D' R D2 R' B
76354212213323	1383550	OK	R B D2 B D R2 B D2 B D2 B
17426532331331	1485146	OK	R B2 D R2 D R' B R2 B R B
74325612221222	1335503	OK	R B R2 B2 R' D' R2 B D2 B' R2
45312672223331	1471940	OK	R B2 R' B' D R2 B' R' D' R D2
34725612322232	1436586	OK	R B2 R2 B R' D R B' R D B
54163271133221	1472970	OK	R B2 D R' B R D2 B' D R D2
72165433331213	1411327	OK	R B D' B2 R2 D' R D R B2 D2
76325411113121	1431417	OK	R B2 R2 B D B' D' B R' B' R
13276542323312	1455102	OK	R B2 R' D' R' D B2 R' D2 R B2
36125471111333	1403234	OK	R B D' B D' B2 D' B D R B2
12543671211212	1471544	OK	R B2 D R' D2 B' R B D' R B
76325411111213	1431614	OK	R B2 R2 B D' R D B' R B R
36721452122321	1463039	OK	R B2 R' D R2 B' D' R' D B' R'
71432562111221	1458178	OK	R B2 R' D' B' R D2 B' R2 B R2
62471532232133	1334882	OK	R B R B2 R B D2 B' R' B2 D
56347213131332	1440512	OK	R B2 R2 D B R' D2 R' D' R2 D
42751632323231	1392392	OK	R B D' R2 B2 D' R' B D' R B
13276541321123	1576498	OK	R B' D2 R B R2 B D2 B R' D2
24615371112332	1394877	OK	R B D2 B R' B' R B' D2 R D'
12745632111122	1384528	OK	R B D2 B R2 B' R2 B R' D' R2
32561471311121	1433124	OK	R B2 R2 B R' B D R' B D R
12347651133311	1410775	OK	R B2 R B R' B D2 B' R2 D R2
41752632311123	1469294	OK	R B2 R' B' R D2 B' R' B' R D2
74523611131112	1414405	OK	R B D' B' D2 B' D2 B D' B' R
12347653332323	1443662	OK	R B2 R2 D2 B' D B' R B2 R' B
32741651311121	1403826	OK	R B D' R2 D' B2 R B' D' B R'
74561232111113	1428729	OK	R B2 R D' R D R2 B2 R B D2
37516422333311	1380501	OK	R B D R2 D2 R D' B R' D B
27634512233321	1407152	OK	R B2 R B R2 D2 R' B' D2 B D'
74365211313113	1456901	OK	R B2 R' D B D' R2 B2 R B2 R
32167452211121	1385576	OK	R B D2 R2 D R2 D' B D R2 B'
54721631311133	1388055	OK	R B D2 B' R D2 B' R2 B R D2
32547611121113	1392151	OK	R B D2 B2 D B' D B2 D2 B R'
15634722321233	1381661	OK	R B D2 B R' B D' B' R2 D R'
71423653213232	1565326	OK	R B' R' D' R B2 D' B R2 B' D
76342513323212	1444298	OK	R B2 R' B' R' D R2 B' D2 B R2
16245371231231	1489035	OK	R B2 D R' D' B2 R D2 R D2 R2
41735263123223	1418871	OK	R B D' R2 B D' R' D' B D2 B'
65132471222111	1351882	OK	R B R' B D' B' D B2 R' D' R'
13276541133122	1526896	OK	R B' R2 D B D2 B R2 B R' B2
76312542322121	1493427	OK	R B2 D B2 D R' D B2 D B R
32167453313333	1397010	OK	R B D2 B' D' B2 R B' R' B2 D2
76543211333333	1504514	OK	R B2 D' R B D' B D' B2 D' B
12745633313333	1400519	OK	R B D' R' B R' D' B D2 R' D2
16275343122221	1430671	OK	R B D' B2 R D' R' D' R B2 R'
32145672212222	1402854	OK	R B D' R2 B2 D' R D B R2 D2
26153473131131	1385064	OK	R B D2 B2 R D' B D' R B R
16357421223113	1423736	OK	R B D' R' D' B D2 B' R D' B'
75264133121333	1335303	OK	R B R D2 R B D' R B2 D B2
34127651312111	1410243	OK	R B D' R' D2 R' B2 R B' D' R'
74365211333111	1447482	OK	R B2 R' B D B' R2 D2 R D2 R
45721363322231	1375104	OK	R B D R2 B2 D' R D' R' D2 B2
46273512122312	1411872	OK	R B D' B2 D' R' D' R B2 D' R
12347652223232	1432260	OK	R B2 R2 B D R' B' D B' R' B
63125743133312	1398531	OK	R B D2 B D' R' B D' R2 B R'
63721541233322	1397780	OK	R B D' R2 D' R' D' B D2 R' D
76354121311313	1325814	OK	R B R D2 B' R B D' B D' R'
47135622132332	1410188	OK	R B D2 B' D B2 R2 D B' D R2
75246313332332	1458182	OK	R B2 R2 D R' D B' R2 B R2 D2
34627512232313	1363328	OK	R B D B2 R D2 R B' R B2 D2
76543212132323	1398683	OK	R B D' R D' B2 R2 D R B D'
14537622231323	1337519	OK	R B R2 B2 D R' D2 B R B2 D2
74163252112211	1385149	OK	R B D2 R' B D' B2 R D R2 D2
16537421113322	1421733	OK	R B2 R D' B2 R D B R2 D' R2
35462171332331	1461037	OK	R B2 R' B R' B' R B D2 B D2
36752143211132	1424952	OK	R B D' B D2 R' B' D R' B2 R2
76514321232113	1399482	OK	R B D' R' D R2 D B' R B2 R2
34165271131211	1419186	OK	R B2 R B' D R D2 B2 D B D2
32547611312111	1403839	OK	R B D' R' D2 R' B2 R B' D' R
14752633222223	1429094	OK	R B2 R D' B2 D' R2 B D2 B' R
76354213222223	1427328	OK	R B2 R D2 R2 B D R D' R2 D'
46215372121223	1411334	OK	R B D' B R2 D' R2 D' R B' R'
75246313312211	1440208	OK	R B2 R D R2 D' R' B2 D B R'
76351423321232	1323446	OK	R B R2 B' D' B2 R B' R D R'
76325411122121	1454790	OK	R B2 R' B2 R B' D' B D2 R B2
65123472312311	1404259	OK	R B2 R B R' D2 R B D2 B2 R'
52761432131111	1414421	OK	R B D' B2 D' B2 R D' R' B R'
76312453211111	1330905	OK	R B R' B R2 B' D B' D' B R2
76231451123111	1492918	OK	R B2 D' B R' D' R D2 R D B'
36721452131111	1437963	OK	R B2 R2 B D' B D B' R D R
21354671221112	1338792	OK	R B R2 D B2 D R' B D2 B D
76341251311313	1410302	OK	R B2 R B2 R2 D' R D R' B2 R
32465172332321	1454715	OK	R B2 R' D R2 D' R D2 B' D' B2
75243611113232	1405393	OK	R B2 R B' R2 D R B D2 R' B2
34725613132223	1444510	OK	R B2 R2 D R D2 R B' D' R2 B
75634123323122	1415232	OK	R B D2 B' D2 B R' B R B' R2
12376451221211	1376576	OK	R B D2 R' D R' B2 R' B2 D' R2
16427531231321	1416455	OK	R B2 R D B2 R2 B' D' B2 D R'
45312762311111	1347354	OK	R B R' D2 B2 R' B' R B' D B
34725612331322	1456103	OK	R B2 R' D B2 R' D' R' D R' B'
31462751113322	1405166	OK	R B D' B' D R2 D B R2 B2 D'
72543163211111	1444360	OK	R B2 R' B2 R' D R' B2 D2 B' R
63754213122122	1368837	OK	R B R' B D' B2 D B D2 R' D
65174232123131	1350311	OK	R B R2 D2 B R' B D' B2 D B'
72165432111113	1431707	OK	R B2 R2 B R B' D' B D' B' R
56723411121113	1372451	OK	R B D B' R2 B' D' B D B2 R'
73516243332131	1388840	OK	R B D B2 R2 D R' D R' B R'
74156322313223	1425982	OK	R B2 R B R2 B' D' B2 R B R'
64351272132131	1399095	OK	R B D2 R' D2 R B2 D' B D B'
17425631122112	1403304	OK	R B D' B' R B' R' B R' D R'
34725613311113	1357653	OK	R B D R B2 D2 R2 D B2 D' B
16342571331221	1489329	OK	R B2 D B' D B D' B2 R2 D R
63471522332132	1546346	OK	R B' R' D' B R2 B' D2 B' D R
47162351322122	1387023	OK	R B D B2 D2 B R' D R' B D
74156322122321	1376122	OK	R B D R2 B' R2 D B D2 B D'
23156473323332	1352804	OK	R B R' B2 D' R2 D R' D2 B R'
15643271331221	1548053	OK	R B' R' B' D B2 R' B D2 B' D
17426531112233	1410217	OK	R B D' R2 B D' B' D' R2 D2 B
76341251113121	1418775	OK	R B2 R B' R D R2 B2 R D B2
71456321322323	1415273	OK	R B2 R D R' B2 D2 R D2 R' B'
74523611213111	1392487	OK	R B D2 B2 D B' R D2 R2 D R'
64275313312211	1393970	OK	R B D2 B2 R2 D' B' R B' R D2
45312761133311	1318784	OK	R B R2 B2 D B' D B' D R B
76543213113131	1440598	OK	R B2 R2 D B R2 B D' B' R2 D
71543623111121	1427539	OK	R B2 R' B R2 B R2 B2 D' R D'
32561471131211	1429179	OK	R B2 R2 B R D' B' D B' D' R
35462173123211	1405798	OK	R B D2 B R2 B R' D' R D2 R
34725613111133	1324549	OK	R B R2 B' D B2 D' B R D2 B2
64321572132131	1515665	OK	R B' R2 B R D2 B2 R B D R2
53426171112233	1346312	OK	R B R2 B2 D' R B' D' R D2 B'
45612373132223	1414581	OK	R B2 R B' D2 B' R2 D R2 D' R
75321461311112	1481424	OK	R B2 D' B R D R2 D R' D' B'
67245131313323	1376043	OK	R B D R2 D' R' D2 B D' B' R'
67321452111122	1311307	OK	R B R D' R D' B D2 B' D2 R'
53741621323112	1522106	OK	R B' R2 D R' D B' R' B' R B2
65274132123332	1355964	OK	R B D R' D R' B D2 B' D2 R
76325413222223	1444358	OK	R B2 R2 D R B2 R D' B' D2 R
52471631223113	1520275	OK	R B' R2 D R' B D' R' B' R D2
54376211111222	1296971	OK	R B R B2 R' D' B2 D' B2 D B2
14736523113131	1335211	OK	R B R2 B' R D2 R' D R B2 D'
74561231111222	1384711	OK	R B D2 B D' R D2 B' R D R'
36745213133111	1426085	OK	R B2 R D2 R2 B' R B R' D2 R
16537421111222	1321034	OK	R B R2 B' R' D2 B R' B R B'
36527412322232	1407449	OK	R B D' B D R D' R2 D B' R2
54167231221211	1468365	OK	R B2 R' D' B2 R2 D B D R' D2
37612453122233	1363500	OK	R B R' B2 D B' R' B' D R2 D'
36751243222322	1366305	OK	R B D B2 D B' D' R' D2 B D
64572131122223	1371836	OK	R B R' D2 B D' B' R' D B2 D'
32145672113333	1384313	OK	R B D2 B' D R2 B' D' B R2 B2
36527413111112	1389840	OK	R B D2 B' R B R2 D' R' B R'
15642372213311	1429089	OK	R B2 R B D2 B' R' B2 D R B'
32765411133113	1443784	OK	R B2 R' B R D' R2 B2 R B2 R
32167453321232	1382890	OK	R B D2 B R' B D2 R' B R B'
36752142123221	1407431	OK	R B D2 B D2 B D' B' R B2 R
41765323122212	1403413	OK	R B D' R B2 D' R2 D' B D' B'
34621572132131	1384238	OK	R B D R2 D' R D2 B' R2 B D'
14736521211212	1328695	OK	R B R2 B R' D B2 D B2 R D
13246572331232	1326777	OK	R B R2 B D' R B2 R D2 B D
65174232133313	1325009	OK	R B R B' D2 R' B D R B2 R2
27534162311111	1361643	OK	R B D B' R2 D B' R' B D' B2
12376541322233	1417394	OK	R B D' B2 R D' B' R' D2 R2 B
32476513232231	1518978	OK	R B' R D' B R2 B2 D2 B' R D
67345211112233	1429853	OK	R B2 R2 B' R B D' B2 R2 D' B
17526431131121	1379876	OK	R B D2 R' D' B' D R' D B' D2
36125473111211	1394575	OK	R B D2 B2 D' B' D2 R D B2 R'
14632571321132	1501612	OK	R B' R B' R' D B R2 D' B' D
32765411331113	1453498	OK	R B2 R' D R D' R2 B2 R D2 R
12365472223232	1427165	OK	R B2 R D' B R D2 B2 D R D2
52743611111213	1371148	OK	R B D B' R2 B D' B D' B2 R
63452712333221	1404706	OK	R B2 R B D' B2 D B D2 B2 R'
76543212323213	1379855	OK	R B D2 R' B R' D2 B D B2 D2
32145671132222	1453087	OK	R B2 R' D B' R2 D2 R' B' D2 B'
67254313311113	1343008	OK	R B R' D R2 D' B D' R B D2
76145231131112	1385929	OK	R B D2 B2 D' B D2 R' B' D2 R
65274133132223	1406772	OK	R B2 R B2 R2 D R B D' R2 D'
42573613322231	1331135	OK	R B R2 D' R' D' B R' B D' R2
52761431111312	1372662	OK	R B D B' D2 R D' B D' B D2
67312541121221	1361990	OK	R B D R' B2 R' B R2 D R' B
52743611112131	1393142	OK	R B D2 B' D B R2 D' B' D R
72541631111213	1389328	OK	R B D2 B' D B2 D B2 D2 R' B
76341251111213	1390646	OK	R B D' R D R B' R2 B R' B2
52367412322232	1391850	OK	R B D2 B' R B2 R D2 R2 B' R
25741632312323	1436093	OK	R B2 R2 D2 B' D B D' R B' D2
72165433221233	1447820	OK	R B2 R' B R' B2 D2 B' R' B2 R'
54167232112112	1455783	OK	R B2 R' B' D2 R2 B R D R' D2
47156322132311	1385832	OK	R B D2 R' D' B R D2 B2 R2 D'
37614522111221	1407097	OK	R B2 R B' R D' B' D R2 D' B
14527633132322	1422091	OK	R B2 R D R' B D2 B' D2 R D2
32561471121311	1389668	OK	R B D2 B' R B R D' B R' D2
32165741111132	1377457	OK	R B D2 B D' B' D R' D' R2 D
21376541112311	1371812	OK	R B D B' D2 R2 D B' R' B2 R2
73645213333112	1469832	OK	R B2 D B' D B R2 D' B D' R'
23147652312323	1409309	OK	R B2 R B D2 R2 D' R' B2 R D'
62374513112321	1523996	OK	R B' R2 B' R' D' R D2 B D' B2
21654372233321	1436621	OK	R B2 R2 D2 B' D R B' D B' D2
74125632121121	1452396	OK	R B2 R' B D' B R2 D' B' D B'
41725633121123	1419296	OK	R B2 R B' D R D2 B' R B D
54231671123111	1479825	OK	R B2 D' R B D R2 D R' B' D
31265471312213	1328194	OK	R B R2 D' B2 D B D2 B' R2 B
24731562311231	1452241	OK	R B2 D R B2 D2 R' D2 R D' B2
31265472312233	1329648	OK	R B R2 D' B2 D R D2 R' D2 R
62147353123121	1488171	OK	R B2 D' R' B' D2 R B' D2 B' R2
47256133212311	1393875	OK	R B D' R' D' R2 B2 D' R B' R
17463251122112	1370901	OK	R B D2 R D' B R2 B2 D' R' B2
21354671122112	1318778	OK	R B R D2 R B' R D2 R B2 D
76354121122121	1319533	OK	R B R B2 D' R2 B D R2 D R'
52641733232321	1417583	OK	R B2 R D R' D2 R B R2 B2 D'
74523612111311	1352954	OK	R B R' D2 B' D B' R' D2 B R
12354763133111	1315121	OK	R B R B2 D2 B' D' R2 D' R2 D2
52714633223123	1482544	OK	R B2 D2 R2 B D R' D2 B R' B
71452363213232	1480493	OK	R B2 D R' B D B' R2 D2 B R
52736141322233	1349018	OK	R B R2 B2 D' B D' R' D R2 B'
52714633213223	1452405	OK	R B2 R' B' D2 R D' R2 D R' B2
54721632133232	1451698	OK	R B2 R' B' R2 D2 B R D B' D2
27154632311132	1339286	OK	R B R' D R2 D R D B R2 D2
74163253332323	1391105	OK	R B D2 B' D B R D' R D' R2
32167451222222	1408965	OK	R B D' B2 R D B2 D B2 D2 R
61572432312323	1353678	OK	R B R2 B' D B2 R' B' D2 B R'
56723411113313	1361558	OK	R B D R' D2 B2 D B R2 B R2
47123651233232	1521620	OK	R B' R D R' B D' B2 R B R2
74561233311233	1335036	OK	R B R' B2 R' D2 R B2 R D R2
52761431111213	1392817	OK	R B D2 B' D B2 D B2 D2 R' B'
26153473132121	1451267	OK	R B2 R' B2 R B2 D2 R' B' R2 B2
14625731322233	1429654	OK	R B2 R2 B' D R B' D2 R2 B' R
76315241323313	1469220	OK	R B2 D B' R D R2 B' D B' R'
32156472332321	1447872	OK	R B2 R' D B2 D' R D2 B' D' R2
72643513212311	1395106	OK	R B D' B R2 B' R B' D' B D2
47156323223123	1432093	OK	R B2 R2 B' R' B R2 D' R B R2
64531273311311	1314025	OK	R B R D' R D B2 D2 R' D' R
61534721113211	1374067	OK	R B D2 B R' B R' B D2 R' B
14367252322232	1392453	OK	R B D2 B' R B2 R D2 R2 B' R'
76123453233323	1364907	OK	R B D R' B2 D R' B R' B R2
53126471231321	1336614	OK	R B R' B2 D2 R' D' R D' B R
23165472311111	1385896	OK	R B D' R D2 R' D B R2 D2 B2
32765412323222	1390793	OK	R B D2 B2 D' B' R2 D R D2 B'
27416532133232	1367900	OK	R B D2 R' D B' R2 B' R2 D' R2
37561241311112	1472923	OK	R B2 D' R B' D' R D2 R B D'
34651271123111	1476054	OK	R B2 D' R B D R2 D R' B' D'
16723451322311	1400461	OK	R B D' R2 B2 D' B R' D' R D2
74561233131233	1396047	OK	R B D' R2 B D B2 D R2 D2 B
36527412231122	1326105	OK	R B R2 D' R2 D R D2 B' R2 D'
13276543323122	1509005	OK	R B' R B' R B2 D' B' D B2 D'
14325672231323	1391847	OK	R B D' R D' B2 D' B R D B2
74365211121221	1450437	OK	R B2 R' B D' R2 B2 R B' D R2
12543672321332	1443599	OK	R B2 R' B R' D B2 R' D' B R'
37614522323312	1404414	OK	R B2 R B' D R' B' D R2 D' R
76145233133213	1392373	OK	R B D2 B' D' B2 D' R D B2 R2
35462172223331	1374147	OK	R B D R B2 D' R B' D' R2 D2
71432563323122	1447801	OK	R B2 D R B2 D2 R B' D B2 D'
76324151112233	1361191	OK	R B D B' D2 R B2 R' D R' D'
14527631131211	1380634	OK	R B D2 R' D' B R' D2 B R B
25436713332122	1446717	OK	R B2 R' D B' D2 R2 B' D' B2 R'
36745212122333	1309873	OK	R B R D' R2 B D' B2 D B2 D2
76341252232313	1370714	OK	R B D B' R B2 R' B2 D B' D
14723651112131	1391899	OK	R B D2 B' D B R2 D' B' D R'
12367541331131	1321904	OK	R B R2 D2 B' D R' D B D' B'
57321642311132	1308436	OK	R B R' B D B D2 R2 D B2 R2
52163473111211	1370701	OK	R B D B2 R' B D' R' B2 D B
54721633231322	1371694	OK	R B D B' R2 D2 R B D2 B D2
16725431211122	1347729	OK	R B R' D2 B2 D' B' D2 B R2 D'
72143651121113	1354615	OK	R B R' D' R2 D' B2 D R' B' R'
14325673123232	1452084	OK	R B2 R' D R' B2 D2 B R' D B2
57642311113322	1385512	OK	R B D' R D2 R2 D B D2 B R'
56347211222132	1413410	OK	R B2 R B' D R' B' D R' B R2
14267351321321	1399728	OK	R B D2 R2 B2 R' D B' D' R B
74523611121113	1355717	OK	R B R' D' R2 D' B2 D R' B' R
31276452133322	1339254	OK	R B R2 B' R D2 B2 R D' B D2
21354761113322	1417334	OK	R B2 R D2 B2 R' D R' B2 D2 R2
41325762313223	1392440	OK	R B D2 B2 R2 D' R' B R' B D2
32167451312222	1341574	OK	R B R' D2 R' B2 R D2 R D B2
62475131322323	1353978	OK	R B R' D B2 R' B2 R' D B' D'
12763452322232	1367133	OK	R B D R' D2 R D' B D' R2 B
21367451311331	1348594	OK	R B D R2 B D2 B R' D B2 R2
42367153211123	1305053	OK	R B R2 B' D B' R2 D R2 D' R2
74365213111211	1389045	OK	R B D2 B2 R B R' B D2 B R2
35472163222313	1375125	OK	R B D2 R' B D R2 D R' B' D
32547612111311	1353305	OK	R B R' D' B R2 B' R B D B2
41736522332231	1377142	OK	R B D2 R2 B' R D' B D R' D'
57321641311112	1472005	OK	R B2 D' R B' D' R D2 R B D
24157361313212	1450089	OK	R B2 D B R2 B R2 D2 B D' R2
72563411111213	1348257	OK	R B R' D2 R' B2 D R' B' D R'
47256133321232	1303046	OK	R B R B' R B2 R' D R2 B' D'
74156322122123	1346926	OK	R B R' B R B2 R D' R2 B R2
76245311121131	1394133	OK	R B D' B D2 B' R D R2 B2 D2
36125471312111	1389057	OK	R B D2 B2 D' B R2 D' B' D2 R
16243571231231	1509926	OK	R B' R B R' B D' R2 B R B2
16345271133131	1404503	OK	R B2 R B D' R D2 R' D2 B R2
15642373212311	1354155	OK	R B R' B D2 R' D' R D' B2 D2
32175461333111	1357392	OK	R B D R' B2 R D' B2 R B' R
13267451311133	1306388	OK	R B R D2 R D' B' D' R2 B R
35461272222323	1314143	OK	R B R2 B R B' R2 D B D R'
74156323133123	1390187	OK	R B D2 R2 B D' R D B' R2 B'
12537461332112	1389353	OK	R B D2 R D' R D2 R2 B' R' D
12354762311123	1378582	OK	R B D B D2 R' D B' R' B2 R2
36714252232223	1301217	OK	R B R B2 D B2 D R' B R2 D2
17425631313113	1350484	OK	R B D R2 D R2 D' B2 R D R2
14625732213323	1314519	OK	R B R2 B D R' D2 R' D2 R' B2
14752633223123	1479036	OK	R B2 D2 R2 B' R B' R D2 B' D
73615421113322	1375882	OK	R B D2 R2 B2 R' D' B' R D2 B'
21654373332122	1477023	OK	R B2 D2 R2 B R' B R2 D' R B'
76521433232333	1348880	OK	R B R' B2 D' B R' D' R2 B D
72143563222331	1423807	OK	R B D' R' D R D' B R2 B' D
36745212223232	1383791	OK	R B D2 R' D' R D' R2 B D R'
32741651211131	1355987	OK	R B R' D' B D2 R' D2 R' B R'
65274133312223	1307338	OK	R B R D' R2 B R D' R D2 R
12473561132123	1502199	OK	R B' R D R' D2 R' D' B' D B'
75234161322233	1353647	OK	R B D R' B2 D B2 D' B R' D'
43615271333312	1359481	OK	R B R' D R2 D R2 B' D B' R'
54312671131331	1324724	OK	R B R' B D2 B' D R' B R B2
14723651111213	1369262	OK	R B D B' R2 B D' B D' B2 R'
36721452223232	1384382	OK	R B D2 R' D' R D' R2 B D R
62173543232132	1449231	OK	R B2 D R B2 R B2 D2 R B' D2
24715631122133	1308545	OK	R B R D2 B2 D' R' B' R B2 R2
32165743311131	1298835	OK	R B R B2 D2 R2 B R' B2 R B'
31265471122112	1366649	OK	R B D2 R D' B R2 B2 D' R D2
13546271213213	1372745	OK	R B D2 R2 B' D R' B D B' D'
12543673221323	1419048	OK	R B2 R D2 R2 B' D R D' R2 D
12745632222221	1395096	OK	R B D2 B' R' B2 R' B D R2 B2
72356141232113	1340413	OK	R B R' B' D R2 D R D2 R2 B'
62435711222222	1359965	OK	R B R' D R' B R2 B2 R D R
53726143333121	1362174	OK	R B R' D2 R B R2 B R' D' R
36527412221312	1389152	OK	R B D2 B' R' B2 D R' D' B2 R2
32164573323212	1406983	OK	R B2 R B' D B2 D2 R B R2 B'
14736253222223	1358235	OK	R B R' D' B D' B D2 R' D' B2
74563211232332	1382956	OK	R B D2 R B2 D' B' D' B2 D' B'
56741231121311	1327573	OK	R B R2 B' D B D2 R' B' D R
61234573232213	1308715	OK	R B R D2 B D2 B R' B R2 D2
74561233321133	1314135	OK	R B R2 B D2 B' D2 B' R D R2
15267431223113	1348407	OK	R B R2 D R' B R2 B2 D' R' D
47352612311132	1353798	OK	R B D R' D' R D2 R D2 B' D2
52641733212311	1341911	OK	R B R' B' D' R2 B2 D' B D' B
62135473232231	1427723	OK	R B2 R D2 B2 R' B D' R2 B2 D2
16725433113311	1354553	OK	R B D R B2 D R2 D B' D2 R2
56712341232113	1342540	OK	R B R' B' D R2 D R' B R2 B2
31564272213311	1361402	OK	R B D R' D R2 D' B R' D R2
16725431131211	1382631	OK	R B D2 R' D' B R' D2 B R B'
53147262123131	1311015	OK	R B R2 D' R2 D' B D R' B2 D2
14723653313111	1329910	OK	R B R2 D2 B' R2 B R' D' R B2
72513641232323	1317878	OK	R B R2 B' D2 R2 B R' B' R2 B'
76324153323122	1444180	OK	R B2 R' B' D' R' D2 B R2 B' D2
14725361111123	1349492	OK	R B D R2 D2 R D B' D R' D'
34165272323333	1324077	OK	R B R2 D2 R D2 R' B D B2 R'
54763212322232	1343994	OK	R B R' B2 R' D2 B D' B' D B'
72165432323312	1385003	OK	R B D2 B' R B' R2 D2 B' R' B2
52163473111331	1410477	OK	R B2 R B R2 B' D2 B D' B' R2
14263751131121	1505196	OK	R B' R D B2 R' D B' D B' R2
32465173132121	1439952	OK	R B2 R2 D2 B R' B' D R' B R2
12546371221331	1489662	OK	R B2 D2 R B2 R D' R' D' B2 D2
42137653122131	1448225	OK	R B2 R' D2 R' B R' D2 B2 D' R
67345212111122	1309104	OK	R B R D' R D' B D2 B' D2 R
61257343232123	1385020	OK	R B D' B2 D B' R B' R2 B2 D2
63174522332132	1347071	OK	R B R2 D' R2 D B2 R' D R B'
14763521113223	1321501	OK	R B R2 D' R' B' D R' B D' B2
15243671331221	1463968	OK	R B2 R' D B2 R' B D R B' D2
65132473323311	1340379	OK	R B R2 D B2 D B' R D2 R B
75346213332122	1428590	OK	R B2 R2 B' D R' D2 B R' B' R2
65123471112311	1342476	OK	R B R' D' R' D2 B2 R' B R' B
56723412323222	1357717	OK	R B D R2 B' R B' R' B2 D R
21654373332221	1457195	OK	R B2 R' D' R2 B D' B2 D R' B2
12456733223321	1517052	OK	R B' R D' R' D R D2 B' D' B
15426371112233	1366561	OK	R B D2 R' D2 B D' B' R D' R2
73654122221111	1318347	OK	R B R2 B R' B R' D' B2 R B'
37645122312221	1329808	OK	R B R D2 R2 D R' B R' D R
34127651213111	1348464	OK	R B R' B' D2 B' R2 B R' D' R'
56423173132121	1452222	OK	R B2 R' B' R2 D R' D2 R D' B2
76543212222221	1449338	OK	R B2 R2 D2 R D' R2 B R B2 D2
23576412233321	1362539	OK	R B D B' R' B D2 B D2 R' B2
52761433121111	1350499	OK	R B R' B' R B2 D' B2 D' B R'
32754163211123	1324594	OK	R B R2 D B' R2 B' R' B R2 D'
15724632313223	1391745	OK	R B D' R' B2 D' B' R D2 B' D'
45376213333322	1377622	OK	R B D R' B2 R' D R D B2 D2
74163253133213	1444140	OK	R B2 R2 D2 R B' D2 R B R2 D2
14625733133111	1360933	OK	R B D B' R D2 R' B2 D B' R
72165431113331	1334607	OK	R B R' B D' R2 B2 D R B R'
12567433232333	1346147	OK	R B R' B' R D2 R' B D R B2
67345211113322	1400119	OK	R B D' B' D R2 D B' D R2 D'
13627451332112	1359493	OK	R B R' B' D' B D2 B' D R' B'
32714652332132	1326788	OK	R B R D2 R' D R2 B' R2 B D'
27615433313213	1318700	OK	R B R B2 R2 B D' R B' R B
72136541322233	1369046	OK	R B D2 R' D2 B D' R' B D' R2
21354761112311	1365847	OK	R B D B' D2 R2 D B' R B2 R2
52341673133111	1384811	OK	R B D2 B' D R2 B' R2 B R B2
25436712123122	1377355	OK	R B D2 B R B2 D B2 D B2 D
34526713232312	1328023	OK	R B R2 D' R' B' R B2 R B D
43176252123131	1337843	OK	R B R' B2 D R B R2 D' R D2
14765233323332	1386341	OK	R B D2 B' D B' R2 D2 B' D' B2
14765232211211	1335337	OK	R B R2 D' B R' D2 B D R2 D2
21354763312211	1388911	OK	R B D' R B' D' R2 B' R2 B' D'
26371453112111	1438946	OK	R B2 R' B' D' R D2 B D' R B'
24157362323111	1456880	OK	R B2 D B R2 D2 B' R2 B D' B2
24651731333333	1329631	OK	R B R2 B D' B' D B' R2 D B'
31247651113232	1318287	OK	R B R2 D2 B D2 B R' D' B2 D'
14735621221112	1349047	OK	R B R' D' B R' B' D B' D R'
34562171321111	1398727	OK	R B2 R B R' B2 D2 R D2 R' D'
46375212132221	1396566	OK	R B D' B R2 D' R' B D' B2 R'
25436712323231	1334236	OK	R B R' D R2 D' R B R2 D2 B2
74365212222323	1346613	OK	R B R' D R' B2 R' D B D R2
21367452112112	1322892	OK	R B R2 D' R B' R2 B' R2 D' R2
63574212123131	1329160	OK	R B R2 D2 R B' D' R2 D' R D'
76145232123332	1313149	OK	R B R2 B R2 B' D2 B R' D' B2
12456731233223	1498590	OK	R B' R B' D R2 D2 B2 D' B D
65417321232113	1334514	OK	R B D R2 B2 D R D2 B2 R' B'
65417323232123	1386539	OK	R B D' B2 D B' R B D2 R2 B2
13764252323231	1368825	OK	R B D2 B D' R B' R B2 D' B
32561472133313	1347462	OK	R B R' D2 B2 R' B D R B2 D2
46375212113111	1373476	OK	R B D2 B R' D' R D' B' D2 B
12745633323311	1416036	OK	R B2 R D B2 D2 R B' D R2 D'
32547611213111	1343700	OK	R B R' B' D2 B' R2 B R' D' R
32547613111211	1315776	OK	R B R D' B2 D R2 D R B' R'
56347211213111	1359049	OK	R B D R' B D R' D R2 D2 R
17463251313113	1335144	OK	R B R' B' D' R' B2 D R' B2 R
63752412322112	1380809	OK	R B D B' D2 B' R D R D2 R2
72563411111312	1336450	OK	R B R' B2 R' B D B2 R' B R
72345611331332	1505532	OK	R B2 D' B' D B' R D2 B' R B'
14736251112332	1301756	OK	R B R D2 B2 R B' D' B D2 R2
67321451111123	1328132	OK	R B R' B R' D' B2 R2 D' B R
14752631323223	1421514	OK	R B2 R2 B' R D B' D2 R2 B' R
14725363223213	1388525	OK	R B D' R B2 D' R' B R' D2 B'
14325672323222	1381793	OK	R B D2 B2 R D B' R D2 R B2
46273513221212	1359453	OK	R B R' D2 R' D' R' B D2 R' B
36527411131133	1327744	OK	R B R2 D2 B' D2 B D' B' R D2
47163522131222	1345984	OK	R B R' B2 R' B' D' R D2 B' R
51423671221331	1398880	OK	R B D2 B2 R D' B2 R B R2 D2
67234513332122	1344949	OK	R B R2 B2 D R' D B' D B D2
71326451211311	1449287	OK	R B2 R' D' B' R D2 B R' D B'
65723143321313	1332856	OK	R B R2 B R' B' D B' D2 R B'
32561472213122	1315109	OK	R B R2 B' D R2 B' D' R B2 R2
75346211133122	1405001	OK	R B2 R B2 D2 R' D B' D2 R2 B2
23165471312132	1353290	OK	R B D R' D2 B R D' B R2 B
35162473323131	1346370	OK	R B R' D B2 R' B' R D' R2 B'
67345211111123	1328342	OK	R B R' B R' D' B2 R2 D' B R'
25134672233321	1381905	OK	R B D' R2 B R D R2 B' D B2
43216573132223	1336481	OK	R B R' B' R B' D B2 R' D' B2
14753261333111	1324162	OK	R B R2 D' R' D' R' B R' D2 R
23417563232123	1385833	OK	R B D' B2 D B' R B' D2 R2 B2
76321543211111	1308790	OK	R B R D' B2 R2 B D' B' R2 B2
14765232331313	1440826	OK	R B2 R2 D2 R B' R2 D B R2 D2
63745123122212	1342466	OK	R B R2 D' B R2 B' D' R2 B2 D
35162472122231	1348590	OK	R B R' D2 R' B D2 B2 D' B2 R
16743252323222	1317511	OK	R B R2 B D R' D B D R2 B'
15642372331322	1319243	OK	R B R D2 B' R2 D R B2 R D'
34127653111211	1320039	OK	R B R D' B2 D R2 D R B' R
34165273311131	1311568	OK	R B R D2 B' D' R B' D R2 B
14765232232322	1346641	OK	R B R' D R' B2 D2 R D R D'
14753261221112	1316160	OK	R B R2 D R' D R2 D2 B' R' B2
52147631311121	1326692	OK	R B R2 B' D B2 D R2 D2 B' D'
36147251311121	1328874	OK	R B R2 B' D B2 D R2 D2 B' D
46572312132122	1337561	OK	R B R2 B' D B2 R2 D R' D R2
57236141113232	1385533	OK	R B D' B2 D' R2 D B' R' D' R
32765411121113	1319525	OK	R B R2 B' R D R2 D2 B D' R2
12543672322232	1360682	OK	R B D R' D2 R D' B D' R2 B'
74365213121333	1327570	OK	R B R2 B' D' B2 D' B R B2 D2
76354123211132	1358146	OK	R B R' D R2 B' D' B R' D2 R2
45312672233321	1384314	OK	R B D2 R2 B D' R B' D2 B R'
14726531233313	1367220	OK	R B D2 R' B D2 R D' B' D' B
32417652132131	1428197	OK	R B2 R' D B2 D B2 D2 R' D B'
36745213232213	1313884	OK	R B R D' R D2 R' B2 D R' D
32165741233223	1405053	OK	R B2 R B2 D2 R' B D' B2 R2 D2
16374523211123	1336606	OK	R B R' B' R2 D' R' D R2 B' R2
63125743131233	1346951	OK	R B R' B D' R B2 R2 B R B
76351421113322	1308736	OK	R B R2 B' R2 D2 B D' B' D2 B'
75641323232111	1436240	OK	R B2 R' D2 R' B R2 D B2 D R2
34127651121113	1324887	OK	R B R2 B' R D' B R2 D2 B2 D
21734652123131	1304556	OK	R B R D R D2 R D' B R2 D2
46157233333232	1301912	OK	R B R D' B D' B2 R' D B2 R'
35462172312131	1354917	OK	R B R' B2 D' B R D R2 D2 R
34725612231332	1382627	OK	R B D2 B' R D2 B' D' B D2 B2
14736521322233	1359810	OK	R B R' D2 B D' R' B' R2 B2 D
12543672121121	1371245	OK	R B D2 R2 D B2 D' B R B2 D'
74523611312111	1320372	OK	R B R2 B2 R D' B D2 B2 D R'
72563412131111	1322886	OK	R B R2 B' R D2 R B2 R2 D' B'
36721451131331	1398772	OK	R B D' B D' B2 R2 D B D R'
72143652111311	1313155	OK	R B R D2 B' R D' B' D2 R B'
73246153312211	1351846	OK	R B D R2 D2 B2 D' R' D B' R
36521472331121	1358688	OK	R B D R2 B' D' R2 D' B R B2
72143651213111	1326257	OK	R B R2 B' D B' D R2 B2 D2 B
14325672112121	1381256	OK	R B D2 B D2 B' D2 B R' B' R2
41725632322331	1441505	OK	R B2 R' B D2 B' R D2 B' R' B2
45612373112231	1426421	OK	R B2 R2 B' D B D' R2 B2 D' R
56321473233323	1346222	OK	R B R' D2 R' D R B2 D' B D
14527631133311	1292148	OK	R B R B D2 R2 B2 R B2 R' B
12745633313312	1400924	OK	R B2 R B R2 B2 D B' D B2 D'
25763411332322	1379231	OK	R B D' R D2 R' B D' B D R2
45637123132121	1489326	OK	R B2 D' R' D' B2 R B' R2 B' D2
76245312132131	1419365	OK	R B2 R2 B' R2 B R D' B2 R D'
26415731322323	1309714	OK	R B R B' D2 R B D2 B' D' B'
34761252323222	1305376	OK	R B R B' D2 B R2 B D R' B
72541632131111	1311742	OK	R B R D' R2 D R' B D' B2 R
35271461322233	1337080	OK	R B R2 D2 B2 D' B' R' B R2 D'
34127652111311	1335437	OK	R B R2 D2 R' D2 R' B D2 B' D'
35162473332131	1376933	OK	R B D2 R' D' R D R2 B2 D2 R'
16327453232333	1334501	OK	R B R2 D2 R' B2 R' B D2 B' R'
13257641112233	1328068	OK	R B R2 D2 B2 D' R' D' R B2 D'
74523613111211	1317057	OK	R B R D' B2 D B' R' B D' B2
26741351232113	1280723	OK	R B R B2 D2 R B D2 R2 B' R'
42651372213311	1326912	OK	R B R2 B2 D2 R' D' R D' B D2
74125631313311	1315469	OK	R B R2 B D2 R2 B R' B' R B2
47156233223312	1411116	OK	R B D' B D' R' B D2 R' B' D'
16725432232223	1304070	OK	R B R B' R D2 R' D2 B R' D
72143653111211	1318522	OK	R B R2 B R D' R B D B2 R'
32765412221312	1408658	OK	R B D' B' R B' D' B R2 D' R2
74125632131111	1310564	OK	R B R D' R2 D R' B D' B2 R'
32167451333111	1360362	OK	R B D B2 R' B2 R B2 R2 D' B
35416721113112	1404227	OK	R B2 R D B' R2 D2 B R2 B' D'
41765322221312	1342820	OK	R B R' B R2 D' B2 D' B D' R'
32175461221112	1319633	OK	R B R2 D R' D R2 D2 B' R D2
52743612131111	1324556	OK	R B R2 B' R D2 R B2 R2 D' B
74156323132331	1362561	OK	R B R' D2 B' D B R D2 R2 D
65132473313312	1309600	OK	R B R B2 R B' D B2 D R2 B
34165271311121	1344089	OK	R B R' D R D B' R2 B R' D2
54321761211221	1300594	OK	R B R B' D B' D2 R' D R2 B'
26415732121223	1342563	OK	R B R2 D' B D2 B' D' R2 B2 D
76354213312223	1301969	OK	R B R B' R2 D B D' R B2 R
36527412111113	1331775	OK	R B R2 D' R' D R' D2 B D B'
51264731113322	1341483	OK	R B R' D' R D2 R B D2 B2 R'
14752633213223	1432984	OK	R B2 R2 D2 B R' D' R D' B D2
63752141123213	1334233	OK	R B R' B2 R' D B2 D2 B' D2 R
54716322313223	1358897	OK	R B D B2 D2 R2 D' B' R B' R
16573241312312	1346163	OK	R B D R2 D R' B' D' R2 B R
17425631323223	1371848	OK	R B D2 R' D R' D B D2 R D'
14765231133131	1357694	OK	R B D B D2 R2 B2 R B2 R' D
21365742221312	1321832	OK	R B R D' B2 R B R2 B' D' B'
76345123211111	1310439	OK	R B R D' B2 R2 B D' B R2 B2
72165433111112	1322015	OK	R B R2 B' D B D R' D R' D2
25736413123112	1378652	OK	R B D B2 D R2 D R' B' D B2
47352612123131	1306402	OK	R B R D' R' D R2 D R2 B' D2
45612373332221	1432113	OK	R B2 R2 D2 B D' R' D R' B D2
15643271221331	1471649	OK	R B2 D2 R B2 R D' R' D' B2 D'
16523473332323	1319776	OK	R B R2 B' R D B2 R' D' B D
65132741223323	1344751	OK	R B R' D' R B' D B2 R2 D' B'
32465173123121	1417640	OK	R B2 R D' R2 D' B2 R B2 R' D
14725363211213	1328002	OK	R B R2 D' R' D R D2 B2 R2 D'
16725431121311	1323744	OK	R B R2 B' D B D2 R' B' D R'
12643571321321	1384731	OK	R B D2 R2 B' D B R' B D2 R
46375212332222	1325139	OK	R B R2 D' R' B R D2 B2 R2 D'
73516243323113	1315983	OK	R B R B2 R2 D' B D' R2 B2 D'
34562171321231	1296498	OK	R B R B' D2 R D2 R' B R' B'
35162473122221	1364849	OK	R B D B2 R2 B' D' B' D R2 D2
14723651113121	1329473	OK	R B R2 D' R' B R' D2 B R D'
65742311212313	1425226	OK	R B2 R' B2 R' B R2 D B2 D B2
32547611131112	1315811	OK	R B R2 B2 R D' R B2 R2 B R'
54261373123121	1324017	OK	R B R D R2 B' R2 B R2 D' B'
34127651131112	1301984	OK	R B R B' R D' R2 B2 D R' B
73542613132322	1296888	OK	R B R B2 R' D B2 R' B2 R B2
56423171321321	1459065	OK	R B2 D R2 D' B D' B R' D' R'
35461271321231	1318659	OK	R B R2 D2 B R2 B R' D' R2 D'
34651272332132	1419841	OK	R B2 R' D R2 D B2 D2 R' D R'
76342513323122	1433453	OK	R B2 R' B' D' R D2 B' D2 B D2
43216573212311	1339823	OK	R B R' D B2 D' R B' D' R D2
36541272323222	1302977	OK	R B R B' D2 B R2 B D R' B'
35426712311312	1329855	OK	R B R2 B D2 B D' R' B R2 B
13246571112233	1345357	OK	R B R' B2 D B' D' R' B2 R2 D
34725612111113	1331612	OK	R B R2 D' R' D R' D2 B D B
64275311222222	1321414	OK	R B R D2 B2 R' B D' B' R2 D2
61453721311112	1360230	OK	R B D2 B' D B' D2 R D2 R' B2
72563413121111	1320477	OK	R B R D' B2 R B' D R' B D2
56327411211332	1340445	OK	R B R' B' D B R2 D2 B2 R D
16345272333212	1323346	OK	R B R2 D' B D' R2 B D B2 D2
37652141113232	1298595	OK	R B R D' B2 R D2 R' D R' B'
56741231311121	1307364	OK	R B R B' R2 B D' R D' B2 R
41325763131233	1309024	OK	R B R B2 D2 R' B D' R' B2 D2
71326453132121	1439097	OK	R B2 R' B2 R' B R' B2 D2 B' D
32156471113211	1321569	OK	R B R' B D2 B' R B R2 D2 B2
16243571321321	1457432	OK	R B2 D R2 D' B D' B R' D' R
72361453232333	1305321	OK	R B R B2 D' R D' B' R2 D B'
52147631211131	1307549	OK	R B R B' D2 R B' R B' D B2
14723653232222	1353881	OK	R B D R2 B' D' R D' R D2 B
74213652323132	1313383	OK	R B R' D B R' D B' D2 B2 R
54167231131112	1305479	OK	R B R D2 B2 D B D' R2 B2 D'
72546311323112	1408724	OK	R B2 R D R2 D2 R' B R2 D' R'
14765231113121	1329201	OK	R B R2 D' R' B R' D2 B R D
75264132223331	1312487	OK	R B R B D2 R' B R' B' R2 B2
76315241322122	1364656	OK	R B D2 R' B2 R D B2 D' R2 D
72143651312111	1301951	OK	R B R B2 D2 B D B' R2 D2 B
74365212111311	1317219	OK	R B R2 B2 D B D' B R2 B R2
45612373332122	1424885	OK	R B2 R2 D2 R' B D B2 D2 R2 D'
36527413311311	1297981	OK	R B R B D2 R B2 R B' D2 R2
67412353332221	1386363	OK	R B D' B2 R2 B D2 B R2 D R
73645213112231	1372378	OK	R B D2 R' D R D2 B R B' D'
56723413331111	1301880	OK	R B R B' R2 D2 R B R2 B R2
72145633232231	1353446	OK	R B R' D' R D2 R B' D' B D
76145233232333	1321239	OK	R B R2 B2 D R D' B D2 B D2
47512632312323	1317572	OK	R B R2 D2 R D' R' D2 R' D B'
17423653213232	1450290	OK	R B2 R' B R2 D' B R D R' D2
14726533323122	1395776	OK	R B2 R B' R B2 R2 D B D2 B'
56723413221212	1377518	OK	R B D2 R2 D B R2 B R B2 R'
13254761323322	1393790	OK	R B2 R B R2 B2 R' D R2 B' D'
12543671331113	1345410	OK	R B D R2 B' R2 B D2 B2 R' D
72356143211123	1303770	OK	R B R D2 R2 B2 R' B' D B' D
41752632312323	1340321	OK	R B R2 D2 B D' B D' R2 D R'
14735621333111	1293315	OK	R B R B2 R D2 R' D2 B D R2
14563272323222	1301947	OK	R B R B' D2 B D' R' B D' R2
12543673231223	1358597	OK	R B D B2 R' D' B R' B D2 R
32745611223332	1327962	OK	R B R2 D B2 R' D' R' B2 R' D'
76245311213312	1385624	OK	R B D' R' D R2 D B' R B2 R'
76245313123121	1412152	OK	R B2 R D2 R2 B R D R' D2 R'
52163471213111	1321663	OK	R B R2 B' D B' D R2 B2 D2 B'
56324171221331	1350056	OK	R B R' B R2 D' B D' R2 B2 D
72145631233223	1341290	OK	R B R' B' D R2 D R' D' B D
74512362313223	1292921	OK	R B R B' D2 B' R' B D2 R' D2
76325411112131	1318442	OK	R B R2 B' R D B D' B R' B2
16453272111131	1361340	OK	R B D' R B R' D R' D2 R2 B
36125471213111	1317275	OK	R B R2 B2 R' D R2 B' D' B2 R
17426531331332	1382743	OK	R B D2 R' B' R' B2 D B' D2 B
12543673111331	1355464	OK	R B D R' D R2 D' B2 R B' R
16542371331221	1443718	OK	R B2 R' D B2 R' B D R B' D'
23576412312323	1293532	OK	R B R B' R' D B2 D B2 R' B2
36745212131111	1334150	OK	R B R' B D B D' R2 D R' B2
35246171113322	1318206	OK	R B R' B D2 B2 D B R2 B D'
14752632332132	1414971	OK	R B2 R2 B' D2 B R D' R2 B D'
12564733323122	1317456	OK	R B R B D' B2 R2 B' D2 R' B
74365211213111	1320197	OK	R B R2 B' D B R2 B2 D B' R2
52163472111311	1309608	OK	R B R D2 B' R D' B' D2 R B
54721633333331	1325717	OK	R B R2 D2 R B R2 B D R2 D'
57236141322233	1319256	OK	R B R' B2 R' B2 R D' R' D' R
56327413213112	1338375	OK	R B R' B2 D2 R' B R' B' R D2
54326171321231	1369727	OK	R B D' R2 D' R2 D R' B' D' R
45612372331121	1429743	OK	R B2 R' B R2 B' D R2 B' R' B2
36125472111311	1318924	OK	R B R2 B2 R' D' B2 R B D2 R'
76145232331313	1316319	OK	R B R2 B' R' D2 R' B D B2 R2
61453723111121	1343442	OK	R B D B2 R2 D B R2 D2 B' D'
41752631222123	1312861	OK	R B R B2 R B2 R D' B' R D2
76345122213311	1328467	OK	R B R' B R' D' B2 R' D2 R' D'
36745212121223	1322563	OK	R B R2 B' R' D2 B R' D' R2 B2
32156742333131	1310181	OK	R B R B2 R B R' D B2 R D2
15724631211311	1357438	OK	R B D B' D R' B D2 B2 D B'
54167231333213	1323402	OK	R B R' B D R B2 D' R D2 R'
71432563332113	1321413	OK	R B R2 D' B R2 D B' D' B' R
76245313122122	1362795	OK	R B D B' R2 D R B' D B2 D
65314272311132	1293115	OK	R B R B' R2 B' D' R B2 R2 D'
54167231121113	1319611	OK	R B R2 B' R D' B R2 D2 B2 D'
75642132213311	1324016	OK	R B R' B R' D' B2 R' D2 R' D2
17362451231321	1339154	OK	R B D R' D2 B D' R' D B' R2
46513272332111	1325460	OK	R B R2 D2 B' R B' R B R' D'
72165433321223	1343073	OK	R B R' D2 B2 R B' R' B D' B
52673413232123	1307503	OK	R B R2 D' R2 D' R D R' D2 B2
32156742311123	1319712	OK	R B R D B2 R' B R' D' B2 D2
31624751112233	1321358	OK	R B R2 D' R2 B D' B' D B' R2
56723411131112	1308551	OK	R B R D' R2 D' R' D B D2 R'
17425631332112	1376828	OK	R B D' R' B R' B' R B' D R'
12347653132223	1306710	OK	R B R D' B2 D R' D' R2 D2 B2
14325673232333	1313837	OK	R B R2 B2 R' D' R2 B R B2 D'
76145231121113	1316486	OK	R B R2 B2 R' D B2 R' D' B2 R
12734561322233	1318235	OK	R B R2 D' R2 B D' R' D B' R2
32561473323212	1316354	OK	R B R2 B' D B' D2 R2 B' R' B2
25134672312323	1334269	OK	R B R' D2 B R D B2 R' D B2
74163253133231	1441299	OK	R B2 R' B D' R2 B2 R' D' B2 D'
23165472111332	1303670	OK	R B R2 B R B2 D B2 D R2 D
54721632212231	1340251	OK	R B R' D R B R2 D' B D2 B'
74125632321332	1320051	OK	R B R2 D2 R B2 R' D B R2 D'
73542613132121	1361274	OK	R B D R' B2 D2 B R' B' D2 B2
75314623113122	1424231	OK	R B2 R' D2 R' D B2 R B2 R D2
46513273113221	1306373	OK	R B R D' B2 D' R B2 D B' R
65274131311313	1296290	OK	R B R D' R B2 R' D2 B R' B
32164571232323	1315655	OK	R B R2 D' B R' B R B D' R2
54167232333113	1323291	OK	R B R' B R2 B' R2 D B R D'
16453271211113	1349767	OK	R B D2 B R B2 D' R2 B R B2
52341673232333	1297528	OK	R B R B2 D' R D' B' R2 D B
32165742331112	1304236	OK	R B R2 B R' D R' B' R' B R2
31265471313113	1290680	OK	R B R B' D2 B D' B2 R D' R
63752411223212	1319215	OK	R B R D' B2 D' B D R D2 R2
56723413222112	1422469	OK	R B2 R D' B R' B' D B' D R2
54126371331221	1352952	OK	R B R' B' D R D' R D2 R' D
14752363222121	1329553	OK	R B R2 B R2 B D' B' D R2 D
74125632122111	1335971	OK	R B R' B2 D2 B' R' D2 R D2 B'
52163471312111	1298430	OK	R B R B2 D2 B D B' R2 D2 B'
74365211312111	1297360	OK	R B R B2 D2 B D B' D2 B' R2
71432563323113	1359245	OK	R B D2 R' B R2 D R' D' B' D
47156322313232	1298611	OK	R B R2 B R' D' B R' B' R2 B
16725433122212	1323376	OK	R B R2 B' D' B2 R B' D' B2 R2
64531273312211	1296390	OK	R B R B' R D2 R' D R' D R2
64531272132131	1352890	OK	R B D R2 D' R D2 B' R2 B D2
12347652111221	1314292	OK	R B R2 B' R D' B2 R2 D' B' R2
74365212333332	1305553	OK	R B R2 B D2 B' D2 B D' R' B2
72643513212332	1438406	OK	R B2 R' B' D' R D2 R D2 R' D2
34261573123121	1383078	OK	R B D' R' B D' R B2 D' R' B2
76543211223221	1450071	OK	R B2 R' D R' B2 D2 B' D' B2 D'
32175461113112	1365916	OK	R B D2 B R' B R B2 D' B R'
17642533312211	1300957	OK	R B R D' B2 D' R' B D2 R' D2
13462572213311	1312531	OK	R B R2 D B' D2 B' D' R D2 B'
45312671222312	1347512	OK	R B R' D2 R B' D2 R D R B2
63752143123223	1346568	OK	R B D R2 B2 R' B' R' D R2 D2
76543211332331	1441436	OK	R B2 R' B D2 R' D' B' D R' D'
14725363213121	1295553	OK	R B R B2 D2 B' R' B' R D2 R2
32765411131112	1305815	OK	R B R D2 B2 D B D' B2 D' R2
43527612312323	1332700	OK	R B D R2 B' R D' R D' R2 B
75346213132322	1290674	OK	R B R B2 R' D' B2 R D2 R' B2
32174652332132	1347672	OK	R B D B' R B' R D2 R' D2 B'
26543171123111	1294560	OK	R B R2 B' R D' R2 B R2 B' R2
36127451333222	1293920	OK	R B R B D' B2 R' D B D B
16725431311121	1301215	OK	R B R B' R2 B D' R D' B2 R'
16427531211311	1341973	OK	R B D R2 B2 D R' B' D B2 R2
51632741323232	1366685	OK	R B D' R2 B D R' D R2 D' R
62135472132131	1348353	OK	R B D R2 D' R' D2 B D2 B' D2
65132472131231	1310509	OK	R B R B' D2 B' D B R D2 R2
54326171112233	1317187	OK	R B R' D2 R' D2 R D' B' D' R
52713461232323	1298498	OK	R B R2 B' D2 R2 B R' B' R2 B
47156233322312	1351933	OK	R B R' D R' D' B R2 D' R' D'
63247511123132	1369720	OK	R B D' B D' B' D' R B2 D B'
52163472131222	1372337	OK	R B D2 R2 D R B2 R B R2 B'
36745213131131	1297233	OK	R B R B2 D' B' R B' R B2 D
32156472312332	1373626	OK	R B D' R B' D' R2 B2 D' R B'
52163473221323	1318950	OK	R B R2 B' D R2 B' R2 B D B2
15763242323132	1324279	OK	R B D R2 B2 R' B' R2 B' D2 B
45671233112132	1416434	OK	R B2 R' B2 R' D R2 B R2 B R2
45732612233321	1302913	OK	R B R D' R2 D' R' D R2 D2 B'
52341671311313	1309984	OK	R B R2 B' R B2 D' R2 D R B2
56347211312111	1298794	OK	R B R B' R2 B' D' R D B2 R'
47632152233321	1290889	OK	R B R D2 B' R B' D R' D2 B
61352472233321	1322522	OK	R B R' B D2 B R B R D2 B2
12365473332323	1313840	OK	R B R2 B' R D B2 R' D' B D'
15672341323112	1395995	OK	R B2 R B D2 B2 D' B R2 D' B'
45312673222112	1353644	OK	R B R' D2 B' R2 B R' B2 D B'
32745612322331	1300315	OK	R B R B2 R D B' D2 B' R' D2
36721452122123	1316252	OK	R B R2 B' R B2 D' B' R D2 R2
51367241211113	1361022	OK	R B D' R2 D B2 R' B D B D'
45612373132121	1389553	OK	R B D' B R' D' R2 B2 D' R D'
32561473222223	1305839	OK	R B R B' D2 B R' D' B2 D2 R2
75236143213232	1344980	OK	R B R' B R2 B' D R B R' B'
76315241113112	1365755	OK	R B D2 B D' R B R2 D' B R'
32765413122212	1351656	OK	R B R' D' B R' D' R B2 D' R2
16243571132132	1313358	OK	R B R2 D' R D' B2 D' R2 B' R2
75321463132121	1424356	OK	R B2 R' B D2 B D2 B2 R' D R'
72543162311111	1291388	OK	R B R2 B D' B D' B R2 D' R
74163253131332	1335899	OK	R B R' B2 D2 R' D B D B2 R2
25736411321312	1314911	OK	R B R D2 R B2 R D' R' D B2
14765233113131	1315152	OK	R B R2 B' R D2 R' D R B2 D2
16543721113211	1280493	OK	R B R D' R2 B D' B' R D' R2
12365473232312	1354002	OK	R B D B D2 R D2 R B' R2 D2
75346213132121	1353059	OK	R B D R' B2 D2 B R' B D2 B2
75346211311211	1300665	OK	R B R2 B D' R' B R' B' D2 B
12543672331232	1303626	OK	R B R2 B D' R B2 R D2 B D2
72345611133113	1289429	OK	R B R B2 D' R2 D R2 D2 B' D
31624753312211	1297857	OK	R B R D R D2 B R' B D2 R2
21354762213311	1338020	OK	R B R' D2 R B R' D R' D B2
53621471331221	1325131	OK	R B R D' R2 B2 D B' R' D B2
13762451321321	1331549	OK	R B R2 B2 R B2 D R2 D2 B D'
32147562313223	1296207	OK	R B R D' R D2 R' B R' D B2
17452363322132	1322033	OK	R B R2 D' R' D' R B2 R B R
23156471333132	1297282	OK	R B R B2 R B R D' B2 R' B2
76315241332112	1349679	OK	R B D B' D2 B R' B2 D B' R
54371621113322	1289327	OK	R B R2 B' R2 D2 B D' B' D2 B
32145673112222	1330174	OK	R B R' B2 D2 R D' R' D B' R
56723411222312	1408399	OK	R B2 R B' R D' B' D R' D R2
16534271111132	1270117	OK	R B R B2 D' R B' R B' R2 D
13645271221331	1381531	OK	R B D2 B2 R D' B2 R B D2 R2
12347653132322	1298816	OK	R B R D B2 R2 D2 R D2 R' B
74125633131233	1343482	OK	R B R' D2 R' B' D2 B R' D2 R2
17543261132111	1287682	OK	R B R2 B D B2 R' B2 D R B2
45713623223132	1371059	OK	R B D' B2 R' D R D' B R2 D2
74361253211231	1303284	OK	R B R B' D' B D' R' D R2 D
36241573212332	1336076	OK	R B R2 B2 D B' D' B R2 D B
71543622111131	1279247	OK	R B R D2 B2 D' R' B2 R' D2 R
35462171221223	1311199	OK	R B R D B D' B' D B2 R' B
14762351331221	1397858	OK	R B2 R B' R2 D2 R' B R D2 R
73645211332112	1351104	OK	R B D2 R D' R D2 R2 B' R B2
64531273122131	1299448	OK	R B R B' D2 R2 D R' D' R2 D2
27543611111132	1309023	OK	R B R' B2 D2 B R2 B D2 R B
32765413223312	1411834	OK	R B2 R D R2 D2 B D' R D2 R'
32465172133121	1332364	OK	R B R' D B' D' R2 B2 D' B R'
16572433213223	1369902	OK	R B D' R2 B2 R D2 R D2 B R
17425631223113	1350172	OK	R B D B2 D B2 D' B2 R B R2
14723651211212	1308189	OK	R B R2 B R' D B2 D B2 R D2
32156472332132	1343732	OK	R B D B' R B' R D2 R' D2 B
15627431332112	1348682	OK	R B D2 R D' R D2 R2 B' R' D2
76145231311331	1327647	OK	R B R' B D' R2 D' R B R D2
24367513111121	1320354	OK	R B R' D2 R B' R B' R2 D2 B2
17452363213232	1429296	OK	R B2 R' B R2 D' B R D R' D'
65274133232321	1374504	OK	R B D' R D' B R2 B2 R B' R'
74123563323221	1292318	OK	R B R B' D2 B' R B2 D R' B
34261572133121	1324574	OK	R B R' B' R2 D2 B' D B R' D
32174652312332	1305522	OK	R B R2 B2 D' R D' R2 D' B2 D'
63752143212323	1288402	OK	R B R B2 R2 B D R' D B' R'
15724633132322	1292143	OK	R B R B2 R' D B2 R' B2 R' D2
24173652323231	1275819	OK	R B R B' R2 D R' D' R D' B2
47621533231121	1387207	OK	R B2 R B' R D R2 B' R B D2
46527133111121	1324894	OK	R B R' D2 R B' R B' D2 B2 R2
62543711311112	1278984	OK	R B R D2 B' R B' R D' R' B2
12376543133132	1313561	OK	R B R D' B2 D R' D' R2 D2 B'
47156322332312	1320785	OK	R B R' B R2 D' B' D B' D2 R'
76341253233131	1306222	OK	R B R2 B R2 B' D2 B' D B R2
51264732213311	1287415	OK	R B R B2 R2 D2 R' D' R D' B
32164571111231	1344845	OK	R B D B' D2 R D2 R' B R' B
42367153111121	1321789	OK	R B R' D2 R B' R B R2 D2 B2
74163253133132	1382151	OK	R B D' R2 B2 D R' D' B D' B
16537421332112	1315179	OK	R B R2 D' R' B' R' B R' B2 R
47152361233232	1341636	OK	R B R' D B D2 B2 D' R' D2 B
15346271321321	1346323	OK	R B R' D R D2 R2 B' R' D B2
12365471313113	1295102	OK	R B R D2 B' R2 B D2 B2 R' B
73146522113231	1336134	OK	R B D B D2 B D B2 D2 R' D'
72345611222222	1334937	OK	R B R' B2 R' D' B2 D B' D2 B2
13276541323322	1355192	OK	R B D2 R' B D' R D B R' D2
17436521323232	1315097	OK	R B R' B D2 R D' B' D' B2 D'
14726531333312	1311490	OK	R B R2 D' B D2 R B' D' B' D
76342511323112	1354787	OK	R B D2 R' B R' B D R B' R2
12376543133231	1308317	OK	R B R D B2 R2 D2 R D2 R' B2
14735621223113	1324397	OK	R B R' B' R D' B' D R' D R'
63172452312323	1287547	OK	R B R B R D2 R B' R D2 B2
12467351231321	1337076	OK	R B D B2 R' B R' B D' R2 B
15643273223111	1288903	OK	R B R B2 R D' B' R' B2 D R
76345123312211	1293947	OK	R B R B' R B' D' B2 R2 D' R
32765413322312	1402568	OK	R B2 R B D2 B2 R B' R B2 R'
36125472121223	1337525	OK	R B R' B' R D' R' B R2 D' B2
36752143132232	1300404	OK	R B R B D B' D' B D2 R' B
17463251331221	1367436	OK	R B D2 B' R' B2 D R' B R D'
46375213333121	1299750	OK	R B R2 B D' R D' B' R' D R2
36745211211221	1310279	OK	R B R2 B D' B R2 D' R B R'
63714522332132	1292450	OK	R B R D2 R' D R2 B' R2 B D2
15672343213232	1406779	OK	R B2 R D' R2 B2 R' D R B2 R
17426531223221	1300830	OK	R B R B D2 R2 B2 R B2 R' B2
76315241223113	1305042	OK	R B R2 D R' B R2 B2 D' R B2
65417323223123	1362280	OK	R B D2 B' R B' D2 R B2 R' D2
56723412122312	1325540	OK	R B R2 D2 R D B2 D R D2 R'
62154733321121	1371068	OK	R B D' R' D B2 D R2 B' R2 B
56347211331131	1298569	OK	R B R D' R2 B2 R D R2 D R2
15647233213232	1315858	OK	R B R B' R2 D2 B D' B' D R2
12734562313223	1278535	OK	R B R B R D2 B D' B D2 R2
24715632313223	1298516	OK	R B R D' R B' R' D2 B2 R' B
16537421223113	1311514	OK	R B R2 D R' B R2 B2 D' R' D2
15367421223113	1348210	OK	R B D2 B D R2 B' R2 D R D2
54637211132111	1304932	OK	R B R' B2 R D2 B' D B R D'
62135473122131	1295293	OK	R B R B' D2 R2 D R' D R2 D2
57364213332122	1307884	OK	R B R2 B2 D R' D B' D B D
15627431223113	1329021	OK	R B R' D' R' D' R2 B R' D2 R
61472533112111	1288126	OK	R B R B2 D2 R B' R' D R2 B2
76245311131121	1318633	OK	R B R' B D' R B2 R2 B R' D'
27453161123111	1295837	OK	R B R2 D B2 D R2 D2 B' D R
54362711111231	1372276	OK	R B D' B2 R D R' B D2 B' R
35267141223233	1341443	OK	R B D B' R' B' D R D' R D2
75243613213232	1367916	OK	R B D2 B' D' B2 R B' D R D'
23674153232321	1334741	OK	R B D R' B2 R' B' R' D R2 B'
45612373322111	1328619	OK	R B R' B' D R2 D R' B R2 B'
46375211211332	1321969	OK	R B R' B' R2 D' R' D R2 B' R'
51647231113232	1299449	OK	R B R2 D2 B D2 B R' D' B2 D
57214361323232	1318630	OK	R B R' D2 B D B' D R2 D' R
31527643332122	1302728	OK	R B R' B R B' R D' B2 D2 R
32167453222313	1303484	OK	R B R D B2 R B2 R B' R2 D2
46375212132131	1289777	OK	R B R D2 B2 R2 D B' R2 B D'
16257433223123	1335850	OK	R B D B2 R2 B' D' B2 D' B2 D
37614521323232	1331462	OK	R B D R' B2 D R2 D' R D' B
14735621333222	1299064	OK	R B R2 B D2 R B D' B D' B'
14735621332112	1288342	OK	R B R D2 R D2 R' B2 D B R2
16725433333232	1305265	OK	R B R2 B R' B R2 D' B D B'
46352171211233	1355612	OK	R B D' R D R B' R2 D B D'
54317261113112	1352517	OK	R B D2 B' R D' R' B2 D B' R
63752142332132	1286507	OK	R B R D2 R' D' R2 B D2 B' D2
34165273222322	1311530	OK	R B R2 B R2 D2 B R' B' D B2
52731641233112	1321520	OK	R B R' D' B D' B D2 R2 B' D
67435123123121	1351565	OK	R B D2 R' D2 R' D R' D2 B2 D
42315673112111	1323838	OK	R B R' B2 D' B D' R' D R2 D
13542671231231	1325344	OK	R B R' B R D2 R2 D' R' D2 B
56173421113112	1353785	OK	R B D2 B' D R' D' B2 R D' R
74125633133222	1368622	OK	R B D2 B D2 B' D2 B' D R D2
24715633112111	1296512	OK	R B R D' B R' D R2 D2 R B'
31452672322331	1368275	OK	R B D' B' D B2 D B2 R' B2 R
31265471321111	1296521	OK	R B R2 B D' B D B2 R' D R'
54231673123121	1313767	OK	R B R' D R D B2 R2 B D2 R2
72345613221221	1368603	OK	R B D2 B R2 B' R2 B' D B D2
67435121332112	1343010	OK	R B D2 R' D2 R' B D' B2 R2 B
31452671332232	1357724	OK	R B D' B D R D' R2 B R D'
23456713212332	1322346	OK	R B R2 B' R2 D B' R2 B R B'
75346213112132	1319150	OK	R B R' B2 R D R' B D' R D2
73645211321111	1299190	OK	R B R2 B R' B D R2 B' D R'
73645211223113	1294932	OK	R B R D' B2 D B' D2 R D' R
42561733323122	1277998	OK	R B R D2 B2 R B R2 D2 B' R'
45623712332123	1353430	OK	R B D' R D' B' R' D B2 R D'
76253141123132	1327207	OK	R B D R' B2 R D' B R D2 B2
32156471232332	1326418	OK	R B R' D' R D2 R B' R D2 R'
15236473231121	1315680	OK	R B R' D2 B' D R D' R D2 B2
53421671321231	1298824	OK	R B R2 D2 B R2 B R' D' R2 D
12637451332112	1277032	OK	R B R2 B R B2 D' R2 B R D2
32465172132131	1283599	OK	R B R B' R D' B R2 B' D2 R
62317453112111	1335659	OK	R B D B2 D B' D' R D' R2 B
64713253112111	1330355	OK	R B D R' B2 D' R B' D' R B2
36217543213112	1354926	OK	R B D' R2 B' D R B' D R2 B2
76315243211231	1301921	OK	R B R2 B R2 D B D' R B' R'
47156322332132	1284640	OK	R B R D2 R' D R2 B' R2 B' R2
25137461211323	1293440	OK	R B R2 B' R D R2 D2 R B R'
47621532232331	1316901	OK	R B R' D R' B' R' B D2 R D'
56124371111231	1305067	OK	R B R' B2 D B R' B R2 B' R
15746321323211	1317772	OK	R B D R B2 R D R2 D2 B' D'
43216573132121	1309119	OK	R B R2 B2 D' B R' D2 R' D2 R'
13276541323112	1309712	OK	R B R2 D' B D' B R B R' B2
56423171231231	1321729	OK	R B R' B' D B' R2 D2 B' R' D
34261572132131	1280828	OK	R B R B' R D' B R2 B' D2 R'
71432561323232	1290565	OK	R B R D' B2 R B2 R' D B' D
12346571111231	1309438	OK	R B R' B2 R' B' D' R D2 B D'
52163471333123	1324151	OK	R B R' D B2 D' B2 R D R B'
57241631322113	1288192	OK	R B R2 B2 D' B R2 B' D R2 D'
45671231132231	1323326	OK	R B D R' D' R' D B D' B D2
23751463112321	1308869	OK	R B R' D R D B' R2 D R B'
32451762331121	1305501	OK	R B R' B' D B2 D R2 B' R2 B
76253141211332	1301809	OK	R B R' B D B D' R2 B D B'
62374511322311	1301788	OK	R B R' B2 D' B D R' D B2 R2
41357622313112	1329320	OK	R B D B' D2 B R' B R B2 D2
16542371221331	1297543	OK	R B R2 B D' B R' D' R2 B R'
76342511111231	1280281	OK	R B R B' D2 R B2 R' D R' D
62147353132121	1273152	OK	R B R B2 D' R B' D B' R' D2
52731641323112	1309544	OK	R B R' B' R B' D B2 R2 D' B
65123471233232	1308129	OK	R B R' B D R2 D R' D' B' D2
75412631223332	1274146	OK	R B R D2 B R' D R2 D R' B2
32156473223123	1281015	OK	R B R B' R B2 R' D2 B R' D
23751461132123	1310804	OK	R B R' D' R B2 R B2 D' R2 D
17356241212313	1305210	OK	R B R' B' R D2 R B R' D2 R2
14723652322121	1316668	OK	R B R2 D' R2 D B R2 D' R2 B'
32647153132121	1320280	OK	R B R' D2 B2 D B2 D B2 R D
23456173212332	1324080	OK	R B R' B' D' R B2 D' B D2 B'
15342671211311	1278606	OK	R B R B' D2 R' B R' B' R D2
13764251211311	1271415	OK	R B R B' D2 R' B R' B' R B2
25364173223231	1277574	OK	R B R D' R' D' R B D' R B2
17463251221331	1296339	OK	R B R2 B D B' R2 D R B D'
45637123332122	1286846	OK	R B R2 D B2 D B2 D2 R' B R
72345611221223	1292703	OK	R B R D2 B' R B2 R' D R2 D2
32417653132121	1271003	OK	R B R B2 D2 B' R' B2 R' B2 R
51623471321111	1285941	OK	R B R2 B' R B' D' B2 R B' R
45623713322321	1299903	OK	R B R' B D' R' B' R B2 D R'
53467211321111	1288339	OK	R B R2 B' D R' B' D2 R D' R
17324561232332	1268547	OK	R B R D B2 D B R2 B2 D' B'
75314621133221	1261548	OK	R B R B' R' D' B R D' R B2
17362451211311	1273912	OK	R B R D2 R D' B' D R' D2 B
74125633132232	1282809	OK	R B R B2 D' R B2 R' D B2 D2
26345711223113	1290061	OK	R B R2 D' R2 D' R D' R2 B2 R
14763523222331	1285412	OK	R B R B' R D B2 D2 R' B' D
42137653132121	1287159	OK	R B R2 B R' B D' R D2 B' R
31452671323211	1273950	OK	R B R D' B2 D B' D R B2 D2
47653213232111	1268004	OK	R B R B D2 B R' B' R' D2 R2
72345612331331	1281114	OK	R B R B' R2 D R' D2 R B2 R2
76421351131121	1268261	OK	R B R B' D2 B' R' B' R D2 B'
57241631323112	1285127	OK	R B R2 B2 D' R D2 R' B R2 B'
36217541223311	1283329	OK	R B R2 B' D B R2 B2 R B D'
15746322313112	1256072	OK	R B R B D2 B D R2 D2 B' D'
62374513312112	1262045	OK	R B R B2 D R' D B2 D B' D2
46352172113231	1265856	OK	R B R B' D2 B D' B R B2 D2
42165373223123	1291841	OK	R B R2 D' R2 D' B D' R2 B2 R
